<?xml version="1.0" encoding="utf-8"?>
<COLLADA xmlns="http://www.collada.org/2005/11/COLLADASchema" version="1.4.1" xmlns:xsi="http://www.w3.org/2001/XMLSchema-instance">
  <asset>
    <contributor>
      <author>Blender User</author>
      <authoring_tool>Blender 3.6.23 commit date:2025-06-16, commit time:11:52, hash:e467db79ca8c</authoring_tool>
    </contributor>
    <created>2026-08-13T12:09:20</created>
    <modified>2026-08-13T12:09:20</modified>
    <unit name="meter" meter="1"/>
    <up_axis>Z_UP</up_axis>
  </asset>
  <library_effects>
    <effect id="Material_001-effect">
      <profile_COMMON>
        <technique sid="common">
          <lambert>
            <emission>
              <color sid="emission">0 0 0 1</color>
            </emission>
            <diffuse>
              <color sid="diffuse">1 1 1 1</color>
            </diffuse>
            <index_of_refraction>
              <float sid="ior">1.45</float>
            </index_of_refraction>
          </lambert>
        </technique>
      </profile_COMMON>
    </effect>
  </library_effects>
  <library_images/>
  <library_materials>
    <material id="Material_001-material" name="Material.001">
      <instance_effect url="#Material_001-effect"/>
    </material>
  </library_materials>
  <library_geometries>
    <geometry id="Left_aileron-mesh" name="Left_aileron">
      <mesh>
        <source id="Left_aileron-mesh-positions">
          <float_array id="Left_aileron-mesh-positions-array" count="1953">0.001508831 0.06552869 -0.004297435 0.003906548 0.06538343 -0.004525542 1.18475e-5 0.00120145 -0.005065441 -3.4554e-4 -0.004687666 -0.005114972 -0.003814816 -0.06185919 -0.005595922 -0.005249738 -0.0525093 -0.005391001 -0.005340576 -0.05400657 -0.005404353 -0.001347482 -0.004626929 -0.005038619 -0.01023703 -0.05220717 -0.005065262 -0.001298487 0.001280844 -0.004963397 -0.01032793 -0.05370444 -0.00508064 -0.01880705 -0.06185978 -0.004649281 -0.01091688 0.06813895 -0.003023087 -0.003026723 0.1981378 -0.001396834 0.01196253 0.1981392 -0.003408849 0.008479654 0.1407448 -0.003891646 0.005025148 0.140954 -0.003492772 0.004751265 0.1354606 -0.003550827 0.008146524 0.1352549 -0.00393778 0.004239678 0.07087332 -0.004479408 0.001740217 0.07102471 -0.00423789 -0.03379291 -0.0618605 -0.003606379 -0.02589076 0.06813788 -0.001398146 -0.01798862 0.1981363 8.09994e-4 -2.33e-4 -0.004694461 0.004272282 -0.003698647 -0.06186622 0.00409162 2.62351e-5 -0.004710197 0.00426203 -0.00213921 -0.06186598 0.003813922 0.001556038 -0.004802882 0.003891587 -8.04054e-4 -0.0618655 0.003087997 0.003544032 -0.004922866 0.002267539 0.003054141 -0.0048936 0.002860546 0.002915084 -0.004884779 0.002997398 2.62964e-4 -0.06186467 0.00195086 9.52385e-4 -0.06186354 3.83336e-4 0.004235863 -0.004964232 7.66185e-4 0.001046895 -0.06186223 -0.001375794 0.004365026 -0.004972815 -8.89172e-4 5.34109e-4 -0.06186109 -0.003000199 0.003936469 -0.004945993 -0.002435386 0.00300163 -0.004890441 -0.003758311 0.001122534 -0.004776656 -0.004897058 0.002514719 -0.004860222 -0.004179537 -5.01647e-4 -0.06186008 -0.004339516 0.0029549 -0.004887521 -0.003804028 0.002979338 -0.00488907 -0.003780305 -0.002057075 -0.06185936 -0.005288302 -0.01796126 0.1981346 0.003092825 -0.0258584 0.06813591 0.001302003 -0.03375548 -0.06186276 -4.88796e-4 2.67078e-4 0.001185953 -0.005061745 0.005338966 0.06529659 -0.004309177 0.001802325 0.00109297 -0.004730761 0.003178596 0.00101 -0.003873288 0.00668478 0.0652157 -0.003603994 0.007074773 0.06519156 -0.003268778 0.003319442 0.001001119 -0.003741323 0.007101774 0.06518983 -0.003242492 0.00377947 9.7363e-4 -0.003219783 0.00802195 0.06513512 -0.001948475 0.00452876 9.28838e-4 -0.0017488 0.008435547 0.06510919 -4.33725e-4 0.004720985 9.16343e-4 -9.79758e-5 0.00829041 0.06511878 0.001191735 0.004352271 9.39654e-4 0.001456439 0.007583737 0.06516098 0.002651572 0.003470003 9.91991e-4 0.002810776 0.002954721 0.001023828 0.003285825 0.003382205 9.97379e-4 0.002902328 0.007152795 0.06518679 0.003157973 0.003406703 9.95817e-4 0.002877235 0.00401467 0.06537687 0.004493772 1.24016e-4 0.001194655 0.004290938 0.005296289 0.06529915 0.004290103 0.001583814 0.001106202 0.004036724 0.005460858 0.06528919 0.004235148 0.006613671 0.06521999 0.003623902 0.009536206 0.1351706 -0.003725171 0.005520284 0.07079565 -0.004308402 0.006850123 0.07071572 -0.003676831 0.01083725 0.1350924 -0.003034055 0.007397592 0.0706821 -0.003226757 0.01118302 0.135071 -0.002734899 0.007832229 0.070656 -0.002742171 0.01121175 0.1350691 -0.002706944 0.008576273 0.07061153 -0.001304507 0.01210784 0.1350159 -0.001437008 0.01249629 0.1349914 4.59015e-5 0.008763372 0.07059937 3.141e-4 0.01232451 0.1350027 0.001641988 0.008389055 0.07062298 0.001836657 0.01166868 0.1350418 0.00295484 0.007502615 0.07067561 0.003151953 0.01125788 0.1350665 0.003436028 0.007096469 0.07070082 0.003522217 0.007475495 0.07067739 0.003179669 0.010737 0.1350985 0.003884911 0.009447932 0.135176 0.004529058 0.005771279 0.07078051 0.004259586 0.008250236 0.1352486 0.004714667 0.004347443 0.07086682 0.004511117 -0.01085126 0.0681346 0.003019034 0.001431643 0.06553333 0.004252314 0.001808762 0.0710206 0.0042786 0.008583009 0.1407386 0.004732012 0.01206225 0.1981331 0.004913389 0.006716132 0.1408516 0.00460577 -0.002955734 0.1981338 0.004107177 0.006320834 0.1353655 0.004580557 -0.01874685 -0.06186455 0.001930832 -0.003679573 -0.004485666 0.003866672 -0.003289103 0.001401424 0.003896117 0.01338165 0.198139 -0.003177404 0.01001185 0.140652 -0.003628611 0.01473158 0.1981384 -0.002397835 0.01135194 0.1405708 -0.00283426 0.01564908 0.1981376 -0.001270651 0.01232308 0.1405119 -0.001610577 0.01612412 0.1981366 1.11936e-4 0.01279556 0.1404833 -1.17041e-4 0.01607906 0.1981355 0.001635134 0.01270484 0.1404888 0.001447916 0.01551336 0.1981345 0.003001809 0.0121358 0.1405233 0.002768278 0.01458048 0.1981338 0.00402677 0.01105862 0.1405885 0.003908038 0.01445406 0.1981337 0.004122138 0.01324105 0.1981333 0.004728198 0.009653568 0.1406736 0.004583179 0.01203513 0.1981348 0.002649784 0.01070356 0.198135 0.002310693 0.009720206 0.1981357 0.001352429 0.01335823 0.198135 0.002278864 0.00934869 0.1981367 3.18257e-5 0.009430944 0.1981372 -6.5508e-4 0.009447395 0.1981362 7.16563e-4 0.01431822 0.1981357 0.001297295 0.01457583 0.1981362 6.55081e-4 0.01465803 0.1981367 -3.18246e-5 0.01455938 0.1981372 -7.16561e-4 0.01428645 0.1981377 -0.001352429 0.01330322 0.1981384 -0.002310693 0.01197159 0.1981387 -0.002649784 0.01064854 0.1981384 -0.002278864 0.009688436 0.1981377 -0.001297295 -0.00377947 -0.06186127 -0.002649784 -0.005102574 -0.06186157 -0.002278864 -0.001432836 -0.06186419 0.001297295 -0.002392888 -0.06186491 0.002278864 -0.003715932 -0.06186515 0.002649784 -0.005047559 -0.06186491 0.002310693 -0.006030857 -0.06186419 0.001352429 -0.002447903 -0.06186157 -0.002310693 -0.001464605 -0.06186223 -0.001352429 -0.001191735 -0.0618627 -7.16561e-4 -0.001093089 -0.06186324 -3.18246e-5 -0.001175284 -0.06186372 6.55081e-4 -0.006062626 -0.06186228 -0.001297295 -0.006320178 -0.06186276 -6.5508e-4 -0.006402373 -0.06186324 3.18257e-5 -0.006303727 -0.06186372 7.16563e-4 0.005548775 0.1354122 3.18258e-5 0.003465771 0.1355384 0.001437544 0.005918979 0.1353898 0.001352429 0.004367887 0.1354838 0.003132343 0.00689876 0.1353304 0.002310693 0.009543716 0.1351702 0.002278864 0.0082255 0.1352501 0.002649784 0.005281329 0.1354284 0.003998637 0.01050019 0.1351122 0.001297295 0.01083868 0.1350917 -3.18246e-5 0.01046842 0.1351142 -0.001352429 0.009488701 0.1351735 -0.002310693 0.008161962 0.135254 -0.002649784 0.006843745 0.1353338 -0.002278864 0.00588721 0.1353917 -0.001297295 0.003733277 0.1355222 -0.002129435 0.003266453 0.1355505 -3.67702e-4 0.01117128 0.1405817 -3.18247e-5 0.01083278 0.1406022 0.001297295 0.00987631 0.1406601 0.002278864 0.008558094 0.14074 0.002649784 0.007231354 0.1408204 0.002310693 0.005613923 0.1409184 0.003998637 0.006251573 0.1408798 0.001352429 0.01080101 0.1406041 -0.001352429 0.004722356 0.1409724 0.003158986 0.00380969 0.1410277 0.001474559 0.005881369 0.1409022 3.18258e-5 0.00359559 0.1410406 -3.18286e-4 0.006219804 0.1408817 -0.001297295 0.004039704 0.1410138 -0.002073466 0.007176339 0.1408237 -0.002278864 0.008494555 0.1407439 -0.002649784 0.009821295 0.1406635 -0.002310693 0.001648426 0.07103025 3.18259e-5 0.00201863 0.07100784 0.001352429 -1.69739e-4 0.0711404 0.002123415 7.14489e-4 0.07108688 0.003412723 0.002998411 0.07094848 0.002310693 0.004325151 0.07086813 0.002649784 0.005643367 0.07078826 0.002278864 0.006599843 0.07073032 0.001297295 0.005588352 0.0707916 -0.002310693 0.004261612 0.070872 -0.002649784 -6.34602e-4 0.0711686 3.5806e-4 -4.33534e-4 0.07115638 -0.00144124 0.001986861 0.07100981 -0.001297295 3.9883e-4 0.07110601 -0.003046154 0.002943396 0.07095181 -0.002278864 0.006568074 0.07073223 -0.001352429 0.006938338 0.07070982 -3.18246e-5 3.55238e-4 0.06559854 0.003384411 -5.17135e-4 0.06565141 0.002091944 -9.70056e-4 0.06567883 3.15899e-4 -7.50058e-4 0.06566554 -0.001493036 1.11626e-4 0.06561332 -0.003103494 0.00623548 0.06524229 -0.001352429 0.006605744 0.06521987 -3.18245e-5 0.006267249 0.06524038 0.001297295 0.005310773 0.06529831 0.002278864 0.005255758 0.06530165 -0.002310693 0.003929018 0.06538206 -0.002649784 0.002610802 0.06546187 -0.002278864 0.001654267 0.06551986 -0.001297295 0.001686036 0.0655179 0.001352429 0.002665817 0.06545853 0.002310693 0.003992557 0.06537818 0.002649784 0.001315832 0.06554037 3.1826e-5 -0.003723859 0.001427769 -0.003472208 -0.004025518 -0.004464685 -0.003531754 -0.002801477 -0.004538893 -0.004490256 -0.002616226 0.001360654 -0.004389286 0.001990497 -0.004829168 -0.001352429 0.002360701 -0.004851579 -3.18247e-5 0.002022266 -0.004831135 0.001297295 -0.00163418 -0.004609584 -0.002278864 -0.002590656 -0.004551649 -0.001297295 -0.005047857 -0.004402756 -0.001935601 -0.002929151 -0.004531145 3.18258e-5 0.00106579 -0.004773139 0.002278864 -2.52452e-4 -0.004693269 0.002649784 -3.15986e-4 -0.004689455 -0.002649784 0.001010715 -0.004769802 -0.002310693 -0.00542438 -0.004379987 -6.15468e-5 -0.005291223 -0.004388034 0.001166224 -0.002558887 -0.004553556 0.001352429 -0.004538953 -0.004433631 0.00289011 -0.001579165 -0.004612922 0.002310693 -0.004162371 0.001454353 0.002919197 -0.004924893 0.001500546 0.001206636 -0.005067944 0.001509189 -9.78911e-6 -0.004716455 0.00148791 -0.001871824 0.002379 0.001058042 0.001297295 -0.002202153 0.00133562 0.001352429 -0.002572357 0.001358032 3.18259e-5 -0.002233922 0.001337528 -0.001297295 4.08076e-5 0.001199722 -0.002649784 0.001367509 0.001119315 -0.002310693 -0.001277387 0.001279532 -0.002278864 0.001422524 0.001115977 0.002278864 1.04342e-4 0.001195847 0.002649784 -0.001222372 0.001276195 0.002310693 0.00234723 0.001059949 -0.001352429 0.002717494 0.001037538 -3.18245e-5 0.007751822 0.13274 -0.002634167 0.00755614 0.1321452 -0.002611756 0.007667243 0.1319501 -0.002629876 0.007586002 0.1318591 -0.002619385 0.007602155 0.1317592 -0.002622663 0.007723987 0.1316191 -0.00263822 0.007779061 0.1317549 -0.002642214 0.007690489 0.131757 -0.002633929 0.007625639 0.1316607 -0.002626776 0.007644295 0.1316136 -0.002629518 0.007658481 0.1315925 -0.002631425 0.00766623 0.1315857 -0.002632379 0.007701992 0.1315908 -0.002636253 0.007690846 0.1315833 -0.002635121 0.007683455 0.1315812 -0.002634346 0.007675826 0.1315815 -0.002633512 0.0079813 0.1327602 -0.002649247 0.008010804 0.1327585 -0.002649784 0.009337484 0.1326781 -0.002310693 0.01031726 0.1326188 -0.001352429 0.01068747 0.1325963 -3.18245e-5 0.01034903 0.1326168 0.001297295 0.009392559 0.1326748 0.002278864 0.008074343 0.1327546 0.002649784 0.006747603 0.132835 0.002310693 0.005767822 0.1328944 0.001352429 0.005397558 0.1329168 3.1826e-5 0.005736052 0.1328963 -0.001297295 0.006692588 0.1328384 -0.002278864 0.007521986 0.1327881 -0.002598166 0.00752449 0.1327196 -0.002599477 0.008322179 0.1602649 -0.002259671 0.00878334 0.1706703 -0.002147078 0.009796857 0.1918449 -0.001924216 0.01210349 0.1618155 -0.001322686 0.01183432 0.1585356 -0.001437842 0.01393699 0.1874802 -6.27992e-4 0.01456218 0.197137 -4.31702e-4 0.01459741 0.1971367 -3.18245e-5 0.01451522 0.1971362 6.55081e-4 0.01425766 0.1971358 0.001297295 0.01329761 0.197135 0.002278864 0.01197457 0.1971348 0.002649784 0.01064294 0.197135 0.002310693 0.009659647 0.1971358 0.001352429 0.009386777 0.1971362 7.16563e-4 0.009288132 0.1971367 3.18258e-5 0.009370326 0.1971372 -6.5508e-4 0.009627878 0.1971377 -0.001297295 0.0100612 0.1971381 -0.00186944 0.01027882 0.1431404 -0.002109169 0.01095217 0.1430996 -0.001352429 0.01132243 0.1430771 -3.18245e-5 0.01098394 0.1430976 0.001297295 0.01002746 0.1431556 0.002278864 0.008709251 0.1432355 0.002649784 0.007382512 0.1433158 0.002310693 0.00640273 0.1433752 0.001352429 0.006032526 0.1433976 3.1826e-5 0.006370961 0.1433771 -0.001297295 0.007327497 0.1433191 -0.002278864 0.007677137 0.143298 -0.002453148 -0.003080308 -0.007026553 3.18259e-5 -0.002741873 -0.007047057 -0.001297295 -0.001785337 -0.007104992 -0.002278864 -4.67143e-4 -0.007184863 -0.002649784 8.59585e-4 -0.007265269 -0.002310693 0.00183928 -0.007324576 -0.001352429 0.002209544 -0.007346987 -3.18246e-5 0.001871049 -0.007326543 0.001297295 9.14607e-4 -0.007268607 0.002278864 -4.03609e-4 -0.007188677 0.002649784 -0.001730322 -0.00710833 0.002310693 -0.002710103 -0.007048964 0.001352429 -0.0024212 0.00385344 3.18258e-5 -0.002082705 0.003832936 -0.001297295 -0.001126229 0.003775 -0.002278864 1.91965e-4 0.00369513 -0.002649784 0.001518666 0.003614723 -0.002310693 0.002498447 0.003555417 -0.001352429 0.002868652 0.003533005 -3.18247e-5 0.002530217 0.00355345 0.001297295 0.001573741 0.003611385 0.002278864 2.55499e-4 0.003691315 0.002649784 -0.001071214 0.003771662 0.002310693 -0.002050936 0.003831028 0.001352429 0.001164674 0.0630449 3.18257e-5 0.001503109 0.06302446 -0.001297295 0.002459645 0.06296646 -0.002278864 0.003777861 0.06288659 -0.002649784 0.005104541 0.06280624 -0.002310693 0.006084322 0.06274688 -0.001352429 0.006454586 0.06272447 -3.18247e-5 0.006116092 0.06274497 0.001297295 0.005159616 0.06280291 0.002278864 0.0038414 0.06288278 0.002649784 0.00251466 0.06296312 0.002310693 0.001534879 0.06302249 0.001352429 0.001799583 0.07352566 3.18257e-5 0.002138078 0.07350522 -0.001297295 0.003094553 0.07344722 -0.002278864 0.00441277 0.07336741 -0.002649784 0.00573951 0.07328706 -0.002310693 0.006719291 0.0732277 -0.001352429 0.007089495 0.07320523 -3.18247e-5 0.00675106 0.07322579 0.001297295 0.005794525 0.07328373 0.002278864 0.004476308 0.07336354 0.002649784 0.003149569 0.07344388 0.002310693 0.002169847 0.07350325 0.001352429 -0.006002068 -0.0608623 -0.001297295 -0.005042016 -0.06086158 -0.002278864 -0.003718912 -0.06086128 -0.002649784 -0.002387344 -0.06086158 -0.002310693 -0.001404047 -0.06086224 -0.001352429 -0.001131176 -0.06086272 -7.16561e-4 -0.001032471 -0.06086325 -3.18247e-5 -0.001114726 -0.06086373 6.55081e-4 -0.001372277 -0.06086421 0.001297295 -0.00233227 -0.06086492 0.002278864 -0.003655374 -0.06086516 0.002649784 -0.004987001 -0.06086492 0.002310693 -0.005970299 -0.06086421 0.001352429 -0.006243109 -0.06086373 7.16563e-4 -0.006341814 -0.06086325 3.1826e-5 -0.00625956 -0.06086277 -6.5508e-4 -0.01806247 -0.06086075 -0.003379642 -0.003709495 -0.06086015 -0.004287838 -0.002502143 -0.06086027 -0.004080533 -0.001358628 -0.06086075 -0.003406822 -0.003566145 -0.06086528 0.002792716 -0.002445638 -0.0608651 0.002566993 -0.001477897 -0.06086468 0.002014398 -7.28796e-4 -0.06086409 0.001186668 -5.85726e-4 -0.06086146 -0.002439796 -1.91978e-4 -0.06086236 -0.00125879 -2.41039e-4 -0.06086325 3.12701e-5 -0.01800054 -0.06086373 7.27933e-4 -0.03240835 -0.0608614 -0.00238347 -0.03239864 -0.06086194 -0.001575231 0.01469689 0.1971368 -7.00156e-5 0.01160877 0.1430598 -2.07333e-4 0.0112304 0.1430827 -0.001146256 0.0116555 0.1430569 7.98162e-4 0.01480668 0.197136 9.73806e-4 0.01136654 0.1430744 0.001767933 0.01453685 0.1971353 0.001979351 0.0107733 0.1431104 0.002585947 0.01397114 0.1971347 0.00277698 0.009942412 0.1431608 0.003161132 0.01314443 0.1971343 0.003350436 0.008901298 0.1432238 0.003432154 0.01215189 0.1971341 0.003603577 0.008764684 0.1432321 0.003439009 0.01202124 0.1971341 0.003609716 0.001442849 0.1436756 -0.001724302 0.00124967 0.1436873 -3.60553e-4 0.001849949 0.143651 0.002952635 0.001411557 0.1436775 0.001586318 0.001270592 0.1436861 6.64123e-4 8.35737e-4 0.1331931 -0.001837432 6.67204e-4 0.1332034 -9.539e-4 6.73177e-4 0.133203 9.98722e-4 0.001188874 0.1331717 0.002891242 0.008068799 0.132755 -0.002658963 0.01061701 0.1326006 -0.001223087 0.0110473 0.1325746 7.38742e-4 0.01099944 0.1325774 -2.76018e-4 0.01078081 0.1325907 -9.20381e-4 0.01075631 0.1325922 0.001717627 0.0101583 0.1326284 0.002543568 0.009320378 0.1326792 0.003124475 0.008131444 0.1327512 0.003405809 0.009066224 0.1326946 -0.002481818 0.009948909 0.1326411 -0.00198394 0.01016837 0.1326278 -0.001786828 0.005713641 0.07328861 -0.002893984 0.006607949 0.07323437 -0.002306461 0.007257699 0.07319504 -0.001454472 0.007589042 0.07317501 -4.33089e-4 0.007564663 0.0731765 6.36116e-4 0.007187008 0.07319933 0.001641213 0.006503283 0.07324075 0.002459406 0.005587697 0.07329624 0.003005743 0.004543185 0.07335948 0.003217756 0.004455864 0.07336479 -0.003158628 -0.002569437 0.07379037 -0.002475678 -0.002970397 0.07381469 -5.66228e-4 -0.002990126 0.07381588 -1.64166e-4 -0.002777218 0.07380294 0.001776993 -0.00254476 0.07378888 0.002544343 -0.003163933 0.06330716 -0.002587735 -0.003432393 0.06332343 -0.001692652 -0.002889871 0.06813859 -0.002536118 -0.003622591 0.06333494 2.50762e-4 -0.00360465 0.06333386 5.74899e-4 -0.003201484 0.06330943 0.002483367 0.003818273 0.06288415 -0.003246784 0.004876971 0.06282001 -0.003063559 0.006703495 0.06270939 -0.001413345 0.005815446 0.06276315 -0.002539575 0.006051242 0.0627489 -0.002329528 0.006527721 0.06272 -0.001735091 0.005173265 0.06280207 0.002880156 0.003910005 0.0628786 0.003184556 0.006937086 0.0626952 -7.33881e-4 0.006992638 0.06269186 3.42658e-4 0.006688594 0.06271028 0.001382052 0.006058216 0.06274849 0.002260744 3.33846e-4 0.003686547 0.002997159 0.001437604 0.00361967 0.00276941 0.002403914 0.003561139 0.002188563 0.003124475 0.003517508 0.001320481 0.003519892 0.003493487 2.57639e-4 0.003542184 0.003492176 -8.73615e-4 0.003188371 0.003513574 -0.001952469 0.002498507 0.003555357 -0.002851128 0.001551866 0.003612756 -0.003468811 2.17524e-4 0.00369358 -0.003744721 -0.00671333 0.004113435 -0.003198027 -0.007114887 0.004137814 0.002114295 -0.007258296 0.004146456 0.001529216 -0.006822943 0.004120111 -0.002947747 -0.007341802 0.004151523 -0.001038312 -0.007399559 0.004155039 -4.44405e-4 -0.007318437 -0.006769835 -0.003313302 -0.007444798 -0.006762146 -0.003035604 -0.007987439 -0.006729245 -0.001132607 -0.007791876 -0.006741106 0.002050936 -0.00793606 -0.006732404 0.001434683 -0.008052408 -0.00672537 -5.40806e-4 -0.008038818 -0.006726145 -7.0753e-4 -0.001171946 0.1971347 0.002906322 -0.00119841 0.1971371 -3.60453e-4 -0.01435315 0.1971353 0.002044916 -0.01435917 0.1971357 0.00154376 -4.4435e-4 -0.007186233 -0.003836274 -3.23499e-4 -0.007193565 0.002962648 7.89561e-4 -0.007261037 0.002732515 0.001763761 -0.007319986 0.002146244 0.002910196 -0.007389485 -9.42405e-4 0.002888321 -0.007388114 1.98539e-4 0.002490103 -0.007364034 0.001270353 9.01968e-4 -0.007267832 -0.003558576 0.001856744 -0.007325649 -0.002936184 0.002552926 -0.007367849 -0.002030253 -0.02338373 0.06813716 -4.19864e-4 -0.02337586 0.06813669 2.34846e-4 -0.01100641 -8.45943e-5 0.001633286 -0.01109725 -0.001581788 0.001623094 -0.01609629 -0.001278936 9.6804e-4 -4.09331e-4 0.1745942 0.002865016 -5.0018e-4 0.173097 0.002854108 -0.002619624 0.1381612 0.002601444 -0.002528786 0.1396585 0.002612173 -0.006858527 0.06828969 0.00210601 -0.009586215 0.06813544 0.001817107 -0.01185613 0.06859248 0.001571774 -0.009735941 0.1035282 0.001880586 -0.004739105 0.1032254 0.002352118 -0.004648268 0.1047227 0.002362728 -0.009645104 0.1050254 0.001893877 -0.005495429 0.1733996 0.002512872 -0.005404591 0.1748969 0.00252664 -0.007615745 0.1384639 0.002194225 -0.007524847 0.1399611 0.002207756 -0.00676769 0.06978696 0.002116501 -0.0117653 0.07008969 0.001584887 -0.01600545 2.18246e-4 9.8079e-4 -0.01397621 0.03365671 0.001267611 -0.00897789 0.03335392 0.001863062 -0.008887052 0.03485113 0.001873373 -0.01388537 0.03515398 0.001280605 -0.01812541 -0.03471744 6.85323e-4 -0.01821631 -0.0362147 6.72755e-4 -0.01312571 -0.03502035 0.001396119 -0.01321655 -0.03651756 0.001386046 -0.01180362 0.07009202 -0.001612126 -0.006818532 0.06979 -0.002122461 -0.009681701 0.1050277 -0.001162052 -0.00478816 0.1032284 -0.001739621 -0.004697263 0.1047257 -0.001722455 -5.45568e-4 0.1730997 -9.31878e-4 -4.54641e-4 0.174597 -9.14447e-4 -0.01604717 2.20775e-4 -0.002501189 -0.01106095 -8.1291e-5 -0.002914905 -0.005234122 -0.05251026 -0.004089713 -0.0131821 -0.03501695 -0.00330758 -0.01022148 -0.05220812 -0.003764927 -0.013273 -0.03651416 -0.003324329 -0.01031231 -0.05370539 -0.003780126 -0.01825988 -0.03621208 -0.002959132 -0.01115185 -0.001578509 -0.002931773 -0.01613813 -0.001276433 -0.002520084 -0.01816892 -0.03471481 -0.002940356 -0.005325019 -0.05400753 -0.004103064 -0.007650792 0.138466 -7.27618e-4 -0.007559835 0.1399633 -7.0808e-4 -0.009772658 0.1035304 -0.001181423 -0.01189452 0.06859481 -0.001631319 -0.002666831 0.1381641 -0.00133711 -0.002575933 0.1396613 -0.001319766 -0.00543785 0.1748989 -2.5005e-4 -0.005528807 0.1734017 -2.69764e-4 -0.00690943 0.06829273 -0.002139508 -0.009630441 0.06813812 -0.001870036 -0.01392543 0.03515636 -0.002058446 -0.01401633 0.03365916 -0.002077519 -0.008939743 0.03485435 -0.002519905 -0.00903064 0.03335714 -0.002536892 -0.006339311 0.1383866 4.1988e-4 -0.006332397 0.1383861 9.9666e-4 -0.005135536 0.1383137 0.001094996 -0.003934204 0.1382409 0.001192331 -0.003947019 0.1382417 1.27066e-4 -0.005146443 0.1383143 2.73307e-4 -0.006241679 0.1398834 9.9666e-4 -0.006248593 0.1398838 4.19879e-4 -0.005055725 0.1398116 2.73307e-4 -0.003856301 0.1397389 1.27066e-4 -0.003843545 0.1397382 0.001192331 -0.005044817 0.1398109 0.001094996 -0.008461058 0.103451 -2.18594e-5 -0.008452415 0.1034504 6.98146e-4 -0.007254898 0.1033778 8.12014e-4 -0.006053924 0.1033051 9.24798e-4 -0.006068468 0.103306 -2.9001e-4 -0.007267951 0.1033787 -1.56102e-4 -0.008361697 0.1049477 6.98146e-4 -0.008370339 0.1049482 -2.18596e-5 -0.007177233 0.1048759 -1.56102e-4 -0.005977809 0.1048033 -2.90009e-4 -0.005963206 0.1048024 9.24798e-4 -0.00716418 0.1048751 8.12014e-4 -0.01058274 0.0685153 -4.59876e-4 -0.01057243 0.0685147 4.03892e-4 -0.00937432 0.0684421 5.32887e-4 -0.008173525 0.06836932 6.607e-4 -0.008189916 0.06837034 -7.03975e-4 -0.00938934 0.06844305 -5.82094e-4 -0.01048171 0.07001197 4.03892e-4 -0.01049208 0.07001256 -4.59875e-4 -0.009298622 0.06994026 -5.82094e-4 -0.008099198 0.06986761 -7.03975e-4 -0.008082866 0.06986659 6.607e-4 -0.009283602 0.06993937 5.32887e-4 -0.01270443 0.03357964 -8.94306e-4 -0.01269233 0.03357893 1.1375e-4 -0.01149368 0.03350633 2.57505e-4 -0.01029312 0.03343355 3.99969e-4 -0.0103113 0.03343468 -0.001114904 -0.01151072 0.03350734 -0.001004755 -0.01260167 0.0350762 1.1375e-4 -0.01261377 0.03507691 -8.94306e-4 -0.01142001 0.03500461 -0.001004755 -0.01022058 0.03493195 -0.001114904 -0.0102024 0.03493082 3.99969e-4 -0.01140302 0.0350036 2.57505e-4 -0.01243269 -0.001500904 -0.001523017 -0.01241272 -0.001502156 1.42497e-4 -0.01481223 -0.00135672 -1.72421e-4 -0.01482605 -0.001355886 -0.001325249 -0.01472151 1.40489e-4 -1.72421e-4 -0.012322 -4.88732e-6 1.42497e-4 -0.01234197 -3.6777e-6 -0.001523017 -0.01473534 1.41326e-4 -0.001325249 -0.01455402 -0.03643655 -0.001928269 -0.0145322 -0.03643786 -1.11829e-4 -0.01693212 -0.03629249 -4.54746e-4 -0.01694768 -0.03629153 -0.001752912 -0.01684141 -0.03479522 -4.54746e-4 -0.01444149 -0.0349406 -1.11829e-4 -0.0144633 -0.03493928 -0.001928269 -0.01685696 -0.03479427 -0.001752912 -0.004217505 0.1733222 8.65483e-4 -0.00421226 0.1733219 0.00129956 -0.003016233 0.1732494 0.001381993 -0.001814544 0.1731766 0.001463532 -0.001825511 0.1731773 5.47372e-4 -0.003024935 0.17325 7.06266e-4 -0.004121541 0.1748191 0.00129956 -0.004126787 0.1748195 8.65483e-4 -0.002934217 0.1747472 7.06266e-4 -0.001734793 0.1746745 5.47372e-4 -0.001723825 0.1746739 0.001463532 -0.002925515 0.1747466 0.001381993</float_array>
          <technique_common>
            <accessor source="#Left_aileron-mesh-positions-array" count="651" stride="3">
              <param name="X" type="float"/>
              <param name="Y" type="float"/>
              <param name="Z" type="float"/>
            </accessor>
          </technique_common>
        </source>
        <source id="Left_aileron-mesh-normals">
          <float_array id="Left_aileron-mesh-normals-array" count="4143">-0.09385776 0.01406937 -0.9954862 -0.06294411 0.01221418 -0.9979423 -0.06050437 0.01259213 -0.9980885 -0.07521271 0.01346731 -0.9970766 -0.06440412 0.01259213 -0.9978445 -0.06797808 0.0132597 -0.9975987 -0.06404483 0.01189863 -0.9978761 -0.06300979 0.01272886 -0.9979317 -0.06439125 0.01416951 -0.9978241 -0.06706064 0.01654976 -0.9976117 -0.08685868 0.01641207 -0.9960855 -0.1330168 0.0164079 -0.990978 -0.1134542 0.02043229 -0.9933332 -0.1355358 0.01722359 -0.9906228 -0.1174331 0.01954799 -0.9928884 -0.11233 0.01517415 -0.9935551 -0.09525984 0.01506459 -0.9953384 -0.09896695 0.01523393 -0.9949742 -0.09890264 0.01494842 -0.9949849 -0.0989679 0.014638 -0.994983 -0.07680898 0.01369017 -0.9969519 -0.06941819 0.01669085 -0.9974481 -0.1078555 0.02343869 -0.9938904 -0.1078654 0.01898103 -0.9939844 -0.1458767 0.02566629 -0.9889698 0.0392459 -0.005537331 0.9992143 0.1752911 -0.01435953 0.9844119 0.2343739 -0.01650077 0.9720065 0.4774136 -0.0321117 0.8780918 0.7688168 -0.04952037 0.6375489 0.6993336 -0.04451203 0.7134082 0.5478659 -0.03443086 0.8358574 0.7284774 -0.04577732 0.6835387 0.9140164 -0.05490273 0.4019451 0.9062622 -0.05511766 0.4191073 0.9968875 -0.05788755 0.05352151 0.9952241 -0.05871528 0.0779851 0.9522601 -0.05297017 -0.3006576 0.9619758 -0.0548523 -0.2675704 0.8150565 -0.04299104 -0.5777844 0.4569661 -0.02168697 -0.8892197 0.6475232 -0.03213 -0.7613682 0.7903344 -0.04220575 -0.6112203 0.6953475 -0.03967082 -0.717578 0.7002985 -0.03981643 -0.7127389 0.5205926 -0.02314835 -0.8534914 0.1723781 -0.002850174 -0.9850268 0.1468127 -5.88118e-4 -0.9891642 -0.998098 0.06046694 0.0120095 -0.998098 0.06046694 0.01200956 -0.998098 0.06046664 0.01200938 -0.998098 0.06046664 0.01200973 0.01492375 0.007505238 -0.9998605 0.149375 -2.09722e-4 -0.9887807 0.2104654 -0.0051741 -0.9775876 0.5276374 -0.02348864 -0.8491449 0.4629786 -0.02156639 -0.8861072 0.6503391 -0.0323311 -0.7589558 0.6820627 -0.03452479 -0.7304783 0.6954531 -0.03540384 -0.7176989 0.7483561 -0.03895151 -0.6621525 0.8134015 -0.0422877 -0.5801637 0.889346 -0.0497989 -0.454515 0.9630865 -0.05321794 -0.2638792 0.9915683 -0.05798411 -0.1158883 0.9943847 -0.05707484 0.08911645 0.9711326 -0.05863666 0.2312208 0.8982062 -0.05331569 0.4363289 0.8358258 -0.05222707 0.5465049 0.6657535 -0.04207456 0.7449846 0.7595193 -0.04719942 0.6487702 0.7128775 -0.04394477 0.6999104 0.7221314 -0.04458129 0.690318 0.1562126 -0.01259124 0.9876432 0.1707084 -0.01376098 0.9852255 0.3154748 -0.02198886 0.9486793 0.4787102 -0.03162896 0.8774031 0.4667655 -0.0312581 0.8838286 0.6518493 -0.04114049 0.7572319 0.1512123 -8.60765e-4 -0.988501 0.1323716 7.23094e-4 -0.9911999 0.428035 -0.01851534 -0.9035725 0.4680637 -0.02016836 -0.8834646 0.6335442 -0.03151953 -0.7730643 0.6527852 -0.03259563 -0.7568415 0.7428594 -0.03856706 -0.6683356 0.6954132 -0.03609341 -0.7177031 0.8865666 -0.04626345 -0.460282 0.8153019 -0.04589372 -0.5772145 0.9657656 -0.05347925 -0.2538443 0.9916667 -0.05796772 -0.1150516 0.9925925 -0.05709552 0.1072401 0.9692077 -0.05852305 0.2391896 0.8926879 -0.0532155 0.4475226 0.8271791 -0.05182486 0.5595436 0.7584629 -0.04816645 0.649934 0.6685677 -0.04096198 0.7425223 0.7124295 -0.04396587 0.7003651 0.6507952 -0.0410605 0.7581423 0.4453352 -0.03021526 0.894854 0.4845402 -0.03132277 0.8742082 0.1523775 -0.0128349 0.9882391 0.1731674 -0.01361006 0.9847984 -0.1136688 -0.006781041 0.9934956 -0.09947067 0.002070963 0.9950383 -0.06739085 9.31534e-4 0.9977262 -0.05360633 -3.59458e-4 0.9985622 -0.05513274 -6.17869e-4 0.9984789 -0.1421296 0.005487024 0.9898329 -0.1170505 -0.002769231 0.9931221 -0.1448787 0.004662454 0.9894385 -0.1146813 0.003811836 0.993395 -0.09107947 0.002373337 0.9958409 -0.06931209 1.78387e-4 0.9975951 -0.09952402 0.002308964 0.9950326 -0.07608693 -0.003725171 0.9970942 -0.06744408 -0.004255294 0.9977141 -0.09300327 0.001315772 0.995665 -0.09952729 0.001799523 0.9950332 -0.1226707 -8.57007e-4 0.9924471 -0.1136708 -0.00141257 0.9935175 -0.1591612 -0.003931403 0.9872448 0.1609388 -0.00146389 -0.9869633 0.169039 -0.002172589 -0.985607 0.4999655 -0.02251166 -0.8657528 0.5087443 -0.02334272 -0.8606013 0.7749056 -0.04071062 -0.6307646 0.781645 -0.04144227 -0.6223453 0.9444037 -0.05259287 -0.3245545 0.9517557 -0.05374872 -0.3021132 0.9978973 -0.0577296 0.02946859 0.9966005 -0.05852252 0.05798739 0.9225655 -0.05524069 0.3818657 0.9164055 -0.05533248 0.3964079 0.7387979 -0.04603856 0.6723527 0.7247107 -0.04577225 0.6875313 0.6015928 -0.03846514 0.7978762 0.4467731 -0.02968788 0.8941547 0.4314677 -0.02921426 0.9016553 0.1552094 -0.01218384 0.9878066 0.1370155 -0.01143664 0.9905029 5.0826e-6 0.9999998 7.2925e-4 4.91636e-6 0.9999998 7.01363e-4 4.78762e-6 0.9999998 7.36111e-4 0 0.9999998 7.40308e-4 2.38907e-7 0.9999998 7.22543e-4 3.21564e-6 0.9999998 7.21048e-4 5.18076e-6 0.9999998 7.02413e-4 4.26786e-6 0.9999998 7.26883e-4 4.3138e-6 0.9999998 7.22482e-4 8.50753e-6 0.9999998 7.3852e-4 4.61606e-6 0.9999998 7.92624e-4 5.6228e-6 0.9999998 7.2254e-4 5.3232e-5 0.9999999 6.57578e-4 1.1702e-5 0.9999998 7.2815e-4 -8.05048e-7 0.9999998 7.34065e-4 -1.52682e-5 0.9999998 7.23632e-4 1.30374e-5 0.9999998 7.02774e-4 1.76136e-5 0.9999998 7.3204e-4 -7.95112e-7 0.9999997 7.38257e-4 -1.42596e-6 0.9999998 7.64565e-4 9.91054e-6 0.9999998 6.90662e-4 1.13602e-5 0.9999998 6.89551e-4 1.15948e-5 0.9999998 7.37143e-4 1.25097e-5 0.9999998 7.60396e-4 1.28277e-5 0.9999998 6.61893e-4 6.21475e-6 0.9999997 7.88772e-4 7.57172e-6 0.9999999 6.49706e-4 9.04794e-7 0.9999998 7.50955e-4 4.62991e-6 0.9999998 7.16716e-4 4.80519e-6 0.9999998 7.40542e-4 4.90073e-6 0.9999998 6.82106e-4 -4.07764e-6 -0.9999998 -7.3649e-4 -5.32799e-6 -0.9999998 -7.25502e-4 -5.73113e-6 -0.9999998 -7.26007e-4 -5.28002e-6 -0.9999998 -7.28736e-4 -4.78133e-6 -0.9999998 -7.29643e-4 -4.01003e-6 -0.9999998 -7.25858e-4 -5.05213e-6 -0.9999998 -7.23313e-4 -5.36748e-6 -0.9999998 -7.29862e-4 -4.32215e-6 -0.9999998 -7.31104e-4 -4.44245e-6 -0.9999998 -7.21104e-4 -4.32754e-6 -0.9999998 -7.22109e-4 -4.39703e-6 -0.9999998 -7.26526e-4 -5.27814e-6 -0.9999998 -7.26265e-4 -2.63464e-6 -0.9999998 -7.27238e-4 -3.7359e-6 -0.9999998 -7.25716e-4 -5.18824e-6 -0.9999998 -7.30304e-4 -3.17532e-6 -0.9999998 -7.10404e-4 -4.0496e-6 -0.9999998 -7.24942e-4 -3.28027e-6 -0.9999998 -7.28531e-4 -5.50002e-6 -0.9999998 -7.18575e-4 -5.35429e-6 -0.9999997 -7.48229e-4 -5.32971e-6 -0.9999998 -7.18306e-4 -4.45185e-6 -0.9999998 -7.25403e-4 -4.13032e-6 -0.9999998 -7.28922e-4 -3.96787e-6 -0.9999998 -7.21817e-4 -4.56911e-6 -0.9999998 -7.26992e-4 -4.43222e-6 -0.9999998 -7.25763e-4 -4.44508e-6 -0.9999998 -7.2596e-4 -4.0916e-6 -0.9999998 -7.05905e-4 -4.79722e-6 -0.9999998 -7.24599e-4 0.06046611 0.9981703 0 0.06046605 0.9981703 -1.37208e-5 0.06046819 0.9981702 -1.79869e-5 0.05996787 0.9982004 -1.6629e-5 0.06050652 0.9981679 2.97369e-5 0.06047481 0.9981698 2.96132e-5 0.06044423 0.9981716 0 0.06046205 0.9981706 -3.62284e-5 0.06046289 0.9981705 0 0.06055229 0.9981651 0 0.06083375 0.9981477 -6.1392e-4 0.06020295 0.9981862 2.79315e-4 0.06033849 0.998178 -1.38221e-4 0.05988502 0.9982053 1.8288e-4 0.05994331 0.9982019 -1.14311e-4 0.06043308 0.9981721 -5.57184e-4 0.06040632 0.9981739 0 0.05989336 0.9982045 7.72268e-4 0.05983585 0.9982082 -3.43326e-4 0.0635122 0.9979804 0.00121504 0.06137752 0.9981145 5.66929e-4 0.0601809 0.9981874 3.04887e-4 0.060005 0.9981981 -1.55096e-5 0.06050866 0.9981677 0 0.06051534 0.9981673 -1.62593e-5 0.06045371 0.9981711 -1.70522e-5 0.06046366 0.9981705 -1.13294e-5 0.06046205 0.9981706 8.88272e-6 0.06047248 0.9981699 -2.22975e-5 0.06047075 0.99817 0 0.06047856 0.9981696 3.45229e-6 0.06047534 0.9981697 1.79744e-5 -0.0604707 -0.99817 -2.28814e-5 -0.0604729 -0.9981698 2.27184e-5 -0.06046605 -0.9981703 2.16318e-5 -0.06045705 -0.9981708 -2.25569e-5 -0.0604732 -0.9981699 -3.06601e-5 -0.0604611 -0.9981706 0 -0.06046903 -0.9981701 1.87273e-5 -0.06046026 -0.9981706 1.88198e-5 -0.06049609 -0.9981685 9.83089e-6 -0.06047862 -0.9981696 0 -0.06043869 -0.9981719 1.49584e-5 -0.06046998 -0.9981701 0 -0.06047332 -0.9981698 5.88954e-6 -0.06047379 -0.9981698 -1.57614e-5 -0.06048166 -0.9981693 0 -0.060467 -0.9981702 -6.87662e-6 -0.06046694 -0.9981703 1.77676e-5 -0.06047075 -0.99817 -9.92864e-6 -0.06047129 -0.99817 0 -0.06046897 -0.9981701 2.43751e-5 -0.06046545 -0.9981704 0 -0.06046456 -0.9981704 1.36729e-5 -0.06045728 -0.9981708 -4.84562e-5 -0.06045973 -0.9981707 1.35249e-5 -0.06050562 -0.9981679 0 -0.06046265 -0.9981705 -2.80751e-5 -0.06044137 -0.9981718 -2.95658e-5 -0.06049728 -0.9981684 -1.19876e-5 -0.06046992 -0.99817 0 0.6862635 -0.0407958 -0.7262082 0.6836832 -0.04141914 -0.7286027 0.4869095 -0.02949815 -0.8729543 0.4808491 -0.03061711 -0.8762687 0.8111624 -0.04660528 0.582961 0.8192973 -0.05152732 0.5710489 0.8771895 -0.05433493 -0.4770601 0.964869 -0.05644565 0.2565967 0.8808488 -0.05201566 -0.4705314 0.9920377 -0.06141686 -0.109952 0.9912018 -0.05835837 -0.1187991 0.9674733 -0.06021642 0.245702 -0.06045484 -0.998171 -9.14819e-6 -0.06044626 -0.9981715 3.73162e-5 -0.06047618 -0.9981697 4.44432e-6 -0.06048452 -0.9981693 -4.56257e-6 -0.06046378 -0.9981705 5.50975e-6 -0.06045973 -0.9981707 -5.89976e-6 -0.06050699 -0.9981679 0 -0.06050181 -0.9981681 0 -0.06000649 -0.998198 -3.73935e-5 -0.06090384 -0.9981433 9.89248e-4 -0.06042557 -0.9981727 4.36867e-5 -0.06348133 -0.9979819 0.001542866 -0.06051182 -0.9981675 1.65853e-5 -0.06046593 -0.9981703 0 -0.06046617 -0.9981703 -7.18652e-6 -0.06046408 -0.9981704 -8.89513e-6 -0.06046378 -0.9981704 -1.45096e-5 -0.06047403 -0.9981698 -1.79796e-5 -0.06047719 -0.9981697 3.57616e-6 -0.06046181 -0.9981706 0 -0.06046569 -0.9981704 6.34519e-6 -0.06054198 -0.9981657 1.24188e-5 -0.05998444 -0.9981994 -1.21306e-4 -0.06028825 -0.9981809 -5.25332e-4 -0.06038933 -0.9981749 1.14243e-5 -0.0600869 -0.998193 6.87545e-4 -0.05977994 -0.9982116 -3.43726e-4 -0.05998855 -0.9981991 1.66726e-5 -0.06076902 -0.9981516 -7.39618e-4 -0.06042808 -0.9981727 -3.31218e-5 -0.06007456 -0.998194 1.13429e-4 -0.05999207 -0.9981989 1.88482e-4 0.6257387 -0.03927588 -0.7790434 0.6187337 -0.03645622 -0.7847545 0.8268088 -0.05123364 -0.560145 0.8227576 -0.04882293 -0.5662918 0.9670337 -0.05978298 -0.2475319 0.9652376 -0.05702245 -0.2550786 0.9907547 -0.06146955 0.1209415 0.9920839 -0.05823898 0.1112551 0.8796309 -0.05516523 0.4724472 0.8858903 -0.05113714 0.4610677 0.6476067 -0.04180866 0.760827 0.662522 -0.03600078 0.7481769 0.06010919 0.9981917 6.88749e-4 0.0603916 0.9981749 2.2649e-5 0.06027859 0.9981815 -5.03121e-4 0.05999809 0.9981985 -1.1907e-4 0.05993741 0.9982022 7.42723e-5 0.06079053 0.9981504 -7.74112e-4 0.06044042 0.9981719 -2.19343e-5 0.06003016 0.9981966 1.56842e-4 0.06001359 0.9981976 1.91734e-4 0.06048721 0.998169 -1.62619e-5 0.06050664 0.9981678 -5.41581e-6 0.06046199 0.9981705 0 0.06046754 0.9981702 5.70584e-6 0.06046921 0.9981701 3.01357e-6 0.05977189 0.998212 -3.22499e-4 0.06261384 0.9980375 8.88338e-4 0.06043869 0.9981719 3.79143e-5 0.06096631 0.9981393 0.001022756 0.06000012 0.9981984 -3.69986e-5 0.06047129 0.99817 8.89437e-6 0.06047403 0.9981698 -9.18987e-6 0.06046253 0.9981706 -9.70125e-6 0.06046521 0.9981703 -6.10586e-6 0.06047785 0.9981696 0 0.06054717 0.9981654 3.94916e-5 0.06032794 0.9981787 3.29858e-5 0.06046789 0.9981702 6.65451e-6 0.0604763 0.9981697 -3.59469e-6 0.06047666 0.9981697 -8.90553e-6 0.06046789 0.9981702 6.24139e-6 0.06046932 0.9981701 -9.29906e-6 0.06047695 0.9981697 5.12905e-6 0.06047803 0.9981696 -6.23798e-6 0.6145524 -0.03942382 0.7878902 0.6361965 -0.0331642 0.7708141 0.3513125 -0.02704417 0.9358676 0.3986136 -0.01497513 0.9169967 0.06037551 0.9981757 1.77622e-5 0.06016588 0.9981884 -4.733e-4 0.06001138 0.9981978 -1.08616e-4 0.06007289 0.998194 1.47729e-4 0.06046831 0.9981702 2.56044e-7 0.06046968 0.9981701 0 0.06046766 0.9981703 7.29996e-6 0.06033265 0.9981784 -1.6216e-4 0.0620132 0.9980748 -0.00104779 0.05997419 0.9981999 3.03429e-4 0.06046301 0.9981705 1.62933e-5 0.06046277 0.9981706 1.61083e-5 0.0602371 0.9981842 8.59455e-5 0.06048256 0.9981694 1.09251e-6 0.06045478 0.998171 -1.88379e-6 0.06047528 0.9981697 -1.23396e-5 0.06110435 0.998131 8.73496e-4 0.05997306 0.9982001 -4.1928e-5 0.06046348 0.9981705 -2.04102e-5 0.06049484 0.9981686 -2.51286e-7 0.06048554 0.9981692 -7.34388e-7 0.06047558 0.9981698 -1.15612e-6 0.06047528 0.9981697 8.7402e-6 0.0604676 0.9981703 -7.18159e-6 0.06046706 0.9981703 -1.9864e-7 0.06046718 0.9981703 0 0.06046766 0.9981702 2.94718e-6 0.06047779 0.9981696 1.70017e-5 0.06047207 0.9981699 0 0.06056356 0.9981644 -1.07865e-6 0.06025689 0.9981828 6.27856e-4 0.05974471 0.9982137 -2.95125e-4 0.06048232 0.9981693 1.58307e-5 0.06007564 0.9981938 -5.17251e-4 0.06201779 0.998073 0.00203967 0.7486761 -0.04635 -0.6613137 0.7436338 -0.0442689 -0.66712 0.9145215 -0.05651575 -0.40057 0.9116613 -0.05391657 -0.4073901 0.9922812 -0.06098937 -0.1079742 0.9913832 -0.05897301 -0.1169688 0.9784485 -0.06095242 0.1972902 0.9809186 -0.05720484 0.1858125 0.8399443 -0.05310958 0.5400678 0.8479905 -0.04874497 0.5277652 -0.06037855 -0.9981756 -5.25781e-5 -0.06046169 -0.9981706 5.89528e-6 -0.06046444 -0.9981704 0 -0.06046432 -0.9981704 -6.54078e-6 -0.06048589 -0.9981691 1.46837e-5 -0.06043845 -0.9981719 -4.46927e-6 -0.06022262 -0.998185 3.46254e-5 -0.06045997 -0.9981707 -6.07914e-6 -0.06047046 -0.9981701 0 -0.06062144 -0.9981609 1.93288e-6 -0.06235408 -0.9980534 0.001232385 -0.06131613 -0.9981182 5.85735e-4 -0.06019997 -0.9981864 2.61179e-4 -0.05998921 -0.9981991 -6.07097e-5 -0.06048625 -0.9981691 -1.47989e-5 -0.06050062 -0.9981682 0 -0.06045836 -0.9981707 0 -0.0604707 -0.99817 8.30962e-6 -0.06048607 -0.9981691 -1.18175e-5 -0.06046283 -0.9981705 -1.79735e-6 -0.06046134 -0.9981706 1.49587e-7 -0.06155753 -0.9981024 -0.001518666 -0.0601449 -0.9981896 4.16075e-4 -0.06034731 -0.9981775 -1.22837e-4 -0.05998224 -0.9981995 1.5786e-4 -0.06003177 -0.9981965 -1.14992e-4 -0.06041496 -0.9981733 -5.20797e-4 -0.06039744 -0.9981744 1.0486e-5 -0.05996012 -0.9982005 7.47033e-4 -0.05986601 -0.9982063 -4.23867e-4 -0.06046676 -0.9981703 -1.22309e-5 -0.06047141 -0.99817 7.59306e-6 -0.0604825 -0.9981693 1.55032e-5 -0.06047594 -0.9981697 1.71871e-6 -0.06046366 -0.9981705 -6.01029e-6 0.1438231 -0.01003295 0.9895526 0.1408362 -0.01177734 0.9899629 0.1390987 -0.01021045 0.990226 0.0928992 -0.008352458 0.9956405 0.1261844 -0.01105636 0.9919453 0.12372 -0.009389162 0.9922727 0.1196593 -0.008066058 0.9927823 0.1159083 -0.007333934 0.9932329 0.1091796 -0.01489448 0.9939105 0.1002159 -0.006546497 0.9949443 0.1066522 -0.006527364 0.994275 0.1116665 -0.006724834 0.993723 0.1089523 -0.01498842 0.993934 0.1263149 -0.005779504 0.9919734 0.09283274 -0.009877204 0.9956328 0.1006199 -0.005378603 0.9949104 0.06627631 -0.006352901 0.9977812 0.06612098 -0.004581928 0.9978011 0.01751172 -0.001061797 0.9998461 -0.2467435 0.0149458 0.9689657 -0.2467467 0.01494938 0.9689647 -0.6972883 0.04224604 0.7155447 -0.6972885 0.04224658 0.7155446 -0.960986 0.05822217 0.2704002 -0.9609864 0.05822277 0.2703983 -0.9671916 0.05859827 -0.2471976 -0.9671916 0.05859827 -0.2471976 -0.7142396 0.04327344 -0.6985623 -0.7142397 0.04327237 -0.6985623 -0.269903 0.01635211 -0.9627488 -0.2699084 0.01634931 -0.9627473 0.2467515 -0.0149464 -0.9689636 0.2467479 -0.01494646 -0.9689645 0.697288 -0.04223757 -0.7155455 0.6972791 -0.04224556 -0.7155538 0.9609868 -0.05822223 -0.2703973 0.9609864 -0.05822247 -0.2703983 0.9671916 -0.05859857 0.2471976 0.9671912 -0.05859827 0.2471996 0.7142444 -0.04327315 0.6985574 0.714228 -0.04326361 0.6985749 0.2699061 -0.01634931 0.9627479 0.3544836 -0.07248002 0.932249 0.1509253 -0.018476 0.9883725 0.1519726 -0.0134992 0.9882925 0.1518996 -0.01273339 0.988314 0.5518298 -0.03347307 0.8332848 0.6069532 -0.03740543 0.7938568 -0.2467423 0.01494807 0.9689659 -0.2467479 0.01494824 0.9689644 -0.6972825 0.04249376 0.7155358 -0.7851717 0.04273813 0.6178017 -0.9248846 0.05589449 0.3761178 -0.9389818 0.05388259 0.3397203 -0.9134461 0.1090829 0.3920677 -0.9958893 0.02220046 0.08781653 -0.9879963 0.05986362 0.1424069 -0.991125 0.06005138 -0.1185963 -0.9267014 0.05614799 -0.3715801 -0.9267183 0.05612105 -0.3715424 -0.7142294 0.04325318 -0.698574 -0.7142471 0.04327541 -0.6985545 -0.2699034 0.0163533 -0.9627485 -0.2699076 0.01635289 -0.9627475 0.246753 -0.01495075 -0.9689631 0.2467522 -0.01495039 -0.9689633 0.697286 -0.04224908 -0.7155469 0.6972823 -0.04222607 -0.7155519 0.917538 -0.0555647 -0.393747 0.917525 -0.05559283 -0.3937733 0.9879962 -0.05986243 -0.1424082 0.9879965 -0.05986112 -0.142407 0.9911251 -0.06005138 0.1185963 0.991125 -0.06005138 0.1185963 0.926716 -0.05614757 0.371544 0.926703 -0.05612051 0.3715807 0.7142406 -0.04325377 0.6985625 0.7784541 -0.21581 0.5894365 0.6151621 -0.03887838 0.7874415 -0.7156901 0.04191017 0.6971594 -0.5478017 0.03318643 0.8359498 -0.7422564 0.08301949 0.6649535 -0.6972887 0.04223656 0.715545 -0.9609861 0.05820965 0.2704023 -0.9609871 0.05821114 0.2703985 -0.9671916 0.05858659 -0.2472008 -0.9671928 0.05858528 -0.2471963 -0.7142397 0.04326391 -0.6985627 -0.71424 0.04326283 -0.6985626 -0.2699084 0.01634919 -0.9627473 -0.269903 0.01635241 -0.9627488 0.2467501 -0.01494961 -0.9689638 0.2467497 -0.01494973 -0.9689639 0.697275 -0.04224532 -0.7155578 0.6972879 -0.04223757 -0.7155457 0.9609878 -0.05821061 -0.2703965 0.9609866 -0.05821055 -0.2704005 0.9671923 -0.05858719 0.2471978 0.9671928 -0.05858719 0.2471958 0.7142322 -0.04326415 0.6985704 0.7142401 -0.04327285 0.6985618 0.4446939 -0.02694225 0.8952774 0.2715567 0.01282662 0.962337 0.1801204 -0.0180642 0.9834787 0.2766394 -0.01675927 0.9608277 0.2699071 -0.01609069 0.9627519 0.9671917 -0.05859845 0.2471972 0.9671915 -0.05859744 0.2471984 0.7142403 -0.04327249 0.6985617 0.7142404 -0.04327261 0.6985616 0.2699061 -0.01635235 0.9627479 0.2699011 -0.01634913 0.9627493 -0.246743 0.01494616 0.9689657 -0.246748 0.01494932 0.9689645 -0.6972868 0.04224538 0.7155463 -0.6972874 0.04224598 0.7155457 -0.9609867 0.05822253 0.2703977 -0.9609866 0.05822247 0.2703978 -0.9671918 0.05859845 -0.2471972 -0.9671917 0.05859833 -0.2471972 -0.7142392 0.04327291 -0.6985628 -0.7142395 0.04327243 -0.6985625 -0.2699021 0.01635211 -0.962749 -0.269908 0.01634949 -0.9627474 0.2467495 -0.01494652 -0.9689641 0.2467441 -0.01494914 -0.9689654 0.6972867 -0.0422455 -0.7155464 0.6972867 -0.04224538 -0.7155464 0.9609867 -0.05822181 -0.2703978 0.9609863 -0.05822259 -0.270399 0.9671915 -0.05859786 0.2471985 0.9671918 -0.05859827 0.2471971 0.7142401 -0.04327303 0.6985618 0.7142397 -0.04327249 0.6985623 0.2699062 -0.01635235 0.9627478 0.2699013 -0.01634889 0.9627492 -0.2467426 0.01494592 0.9689658 -0.246748 0.01494932 0.9689644 -0.6972872 0.04224538 0.7155459 -0.6972874 0.04224538 0.7155457 -0.9609867 0.05822181 0.2703977 -0.9609866 0.05822169 0.2703977 -0.9671918 0.05859774 -0.2471972 -0.9671918 0.05859774 -0.2471971 -0.7142395 0.04327237 -0.6985625 -0.7142398 0.04327243 -0.6985622 -0.2699018 0.01635199 -0.9627491 -0.2699074 0.01634931 -0.9627475 0.2467498 -0.01494634 -0.968964 0.2467439 -0.01494914 -0.9689655 0.6972868 -0.04224544 -0.7155464 0.6972859 -0.04224592 -0.7155472 0.9609863 -0.05822247 -0.2703989 0.9609867 -0.05822169 -0.2703977 0.9671925 -0.05858623 0.247197 0.9671925 -0.05858695 0.2471968 0.7142322 -0.04326403 0.6985706 0.7142402 -0.04327303 0.6985617 0.2699064 -0.01635241 0.9627478 0.2699053 -0.01635223 0.9627481 -0.246748 0.01494944 0.9689644 -0.246748 0.01494956 0.9689644 -0.6972863 0.04224562 0.7155468 -0.6972759 0.04223656 0.7155573 -0.9609869 0.05821043 0.2703995 -0.9609874 0.05821043 0.2703975 -0.9671925 0.05858653 -0.247197 -0.9671925 0.058586 -0.247197 -0.7142409 0.04326397 -0.6985615 -0.714228 0.04327219 -0.6985742 -0.2699068 0.01635265 -0.9627476 -0.269909 0.01635253 -0.962747 0.24675 -0.01494944 -0.9689639 0.2467485 -0.01494967 -0.9689642 0.9609872 -0.0582109 -0.2703985 0.9609872 -0.05821037 -0.2703984 0.9671916 -0.05859827 0.2471976 0.9671919 -0.05859845 0.2471966 0.7142425 -0.04327315 0.6985594 0.7142381 -0.04327303 0.6985639 0.2699069 -0.01635259 0.9627475 0.2699003 -0.01634907 0.9627496 -0.2467473 0.01494646 0.9689646 -0.2467484 0.01494604 0.9689643 -0.697278 0.04223591 0.7155554 -0.6972864 0.04224514 0.7155467 -0.960986 0.0582208 0.2704002 -0.967191 0.05859827 -0.2472001 -0.9671919 0.0585969 -0.2471972 -0.7142291 0.04327124 -0.6985732 -0.7142399 0.04326367 -0.6985626 -0.2699072 0.01634913 -0.9627475 -0.2699074 0.01634949 -0.9627475 0.2467503 -0.01494657 -0.9689638 0.2467446 -0.01494938 -0.9689653 0.6972866 -0.04224598 -0.7155464 0.6972856 -0.0422458 -0.7155475 0.9609865 -0.05822247 -0.2703983 0.9609867 -0.05822253 -0.2703973 0.714243 -0.04325419 0.69856 0.269908 -0.01634556 0.9627475 0.2698987 -0.01635295 0.9627498 -0.2467469 0.01495009 0.9689646 -0.2467461 0.01495009 0.9689648 -0.6972866 0.04224777 0.7155464 -0.6972914 0.04224812 0.7155416 -0.9175385 0.05559265 0.393742 -0.9175265 0.05556452 0.3937739 -0.9879922 0.05983185 0.1424484 -0.9879967 0.05986148 0.1424056 -0.9911203 0.06005108 -0.1186354 -0.9911273 0.06002181 -0.1185926 -0.9267156 0.05612099 -0.3715492 -0.9266995 0.05614775 -0.3715853 -0.7142418 0.04327493 -0.6985599 -0.7142446 0.04327511 -0.6985571 -0.2699056 0.01635313 -0.962748 -0.2699069 0.01635307 -0.9627475 0.2467483 -0.01495027 -0.9689643 0.2467445 -0.0149424 -0.9689654 0.697281 -0.04222702 -0.7155531 0.6972901 -0.04224771 -0.715543 0.9175404 -0.0555911 -0.3937377 0.9175403 -0.05559372 -0.3937376 0.9879904 -0.05986076 -0.1424487 0.9879984 -0.05983108 -0.1424059 0.9911224 -0.06002235 0.1186326 0.9911253 -0.06005138 0.1185937 0.9267141 -0.05614882 0.3715486 0.9267141 -0.05614876 0.3715485 0.714232 -0.04327446 0.69857 4.41699e-6 0.9999998 7.26424e-4 3.48066e-6 0.9999998 7.2631e-4 1.94132e-6 0.9999998 7.2772e-4 4.85876e-6 0.9999998 7.22021e-4 4.38883e-6 0.9999998 7.32635e-4 3.13721e-6 0.9999998 7.06752e-4 4.96684e-6 0.9999997 7.91987e-4 7.96293e-6 0.9999998 7.21242e-4 3.56912e-6 0.9999998 7.28023e-4 4.62335e-6 0.9999998 7.18884e-4 4.48355e-6 0.9999998 7.30208e-4 2.40579e-6 0.9999998 7.19988e-4 2.35076e-6 0.9999998 7.42032e-4 3.74035e-6 0.9999998 7.24476e-4 8.30781e-6 0.9999998 7.16431e-4 8.05101e-6 0.9999998 7.2739e-4 2.41656e-6 0.9999998 7.24422e-4 3.31178e-6 0.9999998 7.37429e-4 3.97863e-6 0.9999997 7.57166e-4 5.23721e-6 0.9999998 6.36361e-4 3.47037e-6 0.9999998 7.52183e-4 4.61965e-6 0.9999998 7.22003e-4 4.19174e-6 0.9999998 7.29084e-4 4.60134e-6 0.9999998 7.22271e-4 4.37636e-6 0.9999998 7.26125e-4 4.18449e-6 0.9999998 7.08451e-4 4.43961e-6 0.9999998 7.29774e-4 4.33685e-6 0.9999998 7.25291e-4 4.25412e-6 0.9999998 7.36186e-4 4.47067e-6 0.9999998 7.26176e-4 -0.9357422 0.05349165 0.3486046 -0.8857927 0.05079621 0.4612928 -0.8605364 0.05282694 0.5066425 -0.9262817 0.04326492 0.3743398 -0.7094711 0.04100328 0.7035408 -0.9301504 0.05219459 0.3634502 -0.9972991 0.05683392 0.04652452 -0.9928628 0.05751484 0.1044782 -0.9565315 0.05666625 -0.2860708 -0.9642349 0.05755817 -0.258724 -0.807492 0.04965293 -0.5877852 -0.8146629 0.05026501 -0.5777525 -0.5673106 0.03648948 -0.8226951 -0.5695876 0.03667068 -0.8211123 -0.2508419 0.01827543 -0.9678556 -0.2471382 0.01798254 -0.9688134 -0.0497533 0.006175816 -0.9987425 -0.04669737 0.005984365 -0.9988912 0.06046754 0.9981702 0 0.06046879 0.9981701 0 0.06046801 0.9981702 2.21522e-5 0.06048077 0.9981694 9.60413e-5 0.06046068 0.9981706 -4.01441e-5 0.06040316 0.9981741 -1.83943e-5 0.06044197 0.9981718 6.55565e-5 0.06079673 0.9981502 -1.18934e-4 0.06111758 0.9981303 -8.10438e-4 0.0605126 0.9981675 4.60199e-5 0.06056129 0.9981645 7.35917e-5 0.06053507 0.9981662 7.16194e-5 0.06047123 0.99817 5.58361e-5 0.06054139 0.9981657 3.35642e-5 0.06046384 0.9981704 2.63479e-5 0.0604462 0.9981715 3.24391e-5 0.06052041 0.998167 0 0.06046921 0.9981701 -1.27801e-4 0.0604723 0.99817 4.89847e-6 0.06047677 0.9981697 0 0.0604763 0.9981697 1.08752e-6 0.06047666 0.9981697 -2.59335e-5 0.06047135 0.99817 -4.75007e-5 -0.9883354 0.05876046 -0.1405 -0.9800679 0.06507724 -0.1877019 -0.9983152 0.05431199 0.02042669 -0.9983698 0.05699455 0.003065049 -0.9865883 0.06105685 0.1513789 -0.9632343 0.05312824 0.2633574 -0.9502461 0.05815243 0.3060241 -0.05999904 -0.9981701 0.007531106 -0.06049275 -0.9981687 -2.08722e-5 -0.06047201 -0.9981695 -9.10972e-4 -0.06042188 -0.998173 0 -0.06047236 -0.9981699 -2.18784e-5 -0.06044059 -0.9981719 1.42756e-5 -0.0605815 -0.9981633 4.17808e-5 -0.06044811 -0.9981713 -2.78785e-5 -0.06047809 -0.9981696 0 -0.06046903 -0.9981701 0 -0.06047672 -0.9981696 2.1789e-5 -0.06044739 -0.9981714 0 -0.06045991 -0.9981707 9.52512e-5 -0.06052291 -0.9981669 8.85953e-5 -0.06046491 -0.9981703 -5.05885e-5 -0.06046456 -0.9981704 1.97105e-5 -0.06046396 -0.9981704 -1.75615e-5 -0.06040459 -0.998174 -1.77669e-4 -0.06001454 -0.9981971 -9.07968e-4 -0.0604332 -0.9981722 -1.36633e-4 -0.06055724 -0.9981648 5.50336e-5 -0.06049591 -0.9981685 1.30922e-4 -0.06045573 -0.998171 7.72681e-5 -0.06046229 -0.9981705 -5.45394e-6 -0.0604698 -0.99817 7.88582e-5 -0.06047427 -0.9981698 -1.09689e-6 -0.06047034 -0.99817 -3.77656e-5 -0.06046688 -0.9981703 1.23098e-5 -0.6665865 0.03615021 0.7445506 -0.5478257 0.02552449 0.8362031 -0.7808452 0.04135531 0.6233543 -0.7934663 0.04250371 0.6071282 -0.8777996 0.04778105 0.4766392 -0.9495344 0.05354303 0.3090595 -0.9453073 0.0534203 0.3217771 -0.9980916 0.05736196 -0.0228641 -0.9971759 0.05838543 0.04723668 -0.9342468 0.05538606 -0.3523001 -0.9566557 0.05785965 -0.285416 -0.7653391 0.0468207 -0.6419221 -0.8078678 0.0505523 -0.5871918 -0.5106926 0.03264796 -0.8591434 -0.5678482 0.03733795 -0.822286 -0.1980744 0.01441025 -0.9800811 -0.2292771 0.01693397 -0.9732139 -0.4901705 0.02161723 0.8713585 -0.1747038 0.003027975 0.9846165 -0.2056398 0.004276931 0.9786185 0.06043636 0.9981721 5.39121e-5 0.0605176 0.9981672 -3.73204e-5 0.06051397 0.9981675 -4.71627e-5 0.06049996 0.9981682 -3.94114e-5 0.06049996 0.9981682 -2.86795e-5 0.06046473 0.9981704 -1.89844e-5 0.06046915 0.9981701 2.22984e-5 0.06046378 0.9981705 -4.43675e-5 0.06046879 0.9981701 4.42601e-5 0.06046926 0.9981701 0 0.06047123 0.99817 1.15142e-6 0.06047403 0.9981698 0 0.06047677 0.9981697 -3.01096e-5 0.06047612 0.9981697 9.02322e-6 0.0604704 0.99817 0 0.06047153 0.99817 -9.32325e-7 0.06046962 0.9981701 2.04381e-5 0.06046897 0.9981701 -4.23256e-5 0.0604636 0.9981704 -4.22321e-5 0.06046229 0.9981706 -2.39126e-5 0.0604574 0.9981709 2.67777e-5 0.06046062 0.9981706 -2.62897e-5 0.06046277 0.9981706 8.36377e-6 0.06049221 0.9981688 -1.22721e-5 0.06051582 0.9981673 -2.34843e-5 0.06039935 0.9981744 -1.49267e-5 0.06038892 0.9981749 -1.25531e-5 -0.9559864 0.05730509 -0.2877606 -0.9559516 0.05728024 -0.2878814 -0.9764132 0.06510287 -0.2058614 -0.9937478 0.05424082 -0.09758722 -0.9970939 0.05822724 -0.04912537 -0.9965116 0.06233382 0.05549168 -0.9918352 0.06584721 0.1092113 -0.9768751 0.05343306 0.207026 -0.95512 0.05816924 0.290452 -0.06047165 -0.99817 1.44662e-5 -0.06045782 -0.9981709 2.27152e-5 -0.06046187 -0.9981706 -7.88009e-6 -0.06046599 -0.9981703 8.64385e-6 -0.06048637 -0.9981691 1.23667e-5 -0.06048041 -0.9981695 7.14511e-5 -0.06048142 -0.9981694 -2.59904e-5 -0.06044483 -0.9981716 -8.14368e-6 -0.06047135 -0.99817 -6.91902e-5 -0.06047028 -0.99817 -7.28373e-5 -0.06048369 -0.9981693 4.17116e-5 -0.06049036 -0.9981688 4.23319e-5 -0.06047046 -0.9981701 -2.21918e-5 -0.06047028 -0.9981701 2.05787e-5 -0.06047111 -0.99817 -1.03256e-5 -0.06047242 -0.9981699 2.68173e-5 -0.06047552 -0.9981697 0 -0.0604915 -0.9981687 -4.06408e-6 -0.06048804 -0.998169 -1.72519e-5 -0.06045198 -0.9981712 1.75486e-5 -0.06045472 -0.998171 2.25919e-5 -0.06047385 -0.9981698 1.86658e-5 -0.06047505 -0.9981697 -2.68708e-5 -0.06047129 -0.99817 4.66106e-5 -0.06046873 -0.9981701 -2.49778e-6 -0.06046527 -0.9981704 0 -0.06046551 -0.9981703 -2.65811e-5 -0.06046992 -0.99817 1.25457e-5 -0.06046766 -0.9981701 0 -0.2332621 0.01717162 -0.9722623 -0.2011967 0.01453238 -0.9794431 -0.5714848 0.03760641 -0.8197506 -0.5134426 0.03274601 -0.8574989 -0.8104403 0.0507487 -0.5836189 -0.7674645 0.04687535 -0.6393756 -0.9578779 0.05796778 -0.2812645 -0.9353891 0.0553742 -0.3492581 -0.9969552 0.05841004 0.05165988 -0.9981634 0.05728441 -0.01971238 -0.943989 0.05336278 0.3256335 -0.9485355 0.05348235 0.3121224 -0.8759819 0.04764515 0.4799852 -0.7915489 0.04240697 0.6096327 -0.7786182 0.04121494 0.626143 -0.6636114 0.03324449 0.7473385 -0.5451656 0.02613222 0.837921 -0.4863847 0.02133655 0.8734843 -0.1703943 0.002824485 0.985372 -0.2022731 0.004066169 0.9793208 0.06043261 0.9981723 -3.51663e-5 0.0604614 0.9981706 -2.84555e-5 0.06046432 0.9981704 -6.5852e-6 0.06047403 0.9981698 -6.80078e-6 0.06047219 0.9981699 -1.01608e-5 0.06048333 0.9981693 -9.97104e-6 0.06048351 0.9981693 -9.27542e-6 0.06045687 0.9981709 -1.07628e-5 0.06046938 0.9981701 1.15582e-6 0.06046921 0.9981701 2.28269e-6 0.06050038 0.9981682 1.74994e-5 0.06045061 0.9981713 1.02277e-5 0.06045091 0.9981713 3.12954e-6 0.06048673 0.9981691 -3.09501e-6 0.06049156 0.9981688 -1.50725e-5 0.06047636 0.9981697 -4.64336e-6 0.0604729 0.9981699 3.08411e-6 0.06048512 0.9981692 1.57301e-5 0.06045401 0.998171 2.29951e-5 0.06047242 0.99817 -1.50029e-5 0.06047201 0.99817 -5.59399e-6 0.06047064 0.99817 -1.53665e-5 0.06047159 0.99817 1.45803e-5 0.0604754 0.9981697 -1.32779e-5 0.06046992 0.9981701 2.84054e-6 0.06046909 0.9981701 -1.47303e-5 0.06046849 0.9981701 -1.1617e-5 0.06046736 0.9981703 0 -0.9141102 0.05507332 -0.4017085 -0.9081903 0.05524647 -0.4148957 -0.9631896 0.05715972 -0.2626758 -0.9597002 0.05932611 -0.2746925 -0.9934987 0.05979061 -0.09687894 -0.9718102 0.05914807 0.2282246 -0.9693886 0.05832225 0.2385045 -0.9963631 0.06156265 0.05891311 -0.9956865 0.05911445 0.07151091 -0.9948496 0.06041878 -0.08138751 -0.9908646 0.06112396 -0.1202137 -5.20129e-6 -0.9999998 -7.37997e-4 -4.50151e-6 -0.9999998 -7.37743e-4 7.97668e-5 -0.9999998 -6.94605e-4 -5.67629e-6 -0.9999998 -7.241e-4 -4.59229e-6 -0.9999998 -7.04608e-4 -3.01889e-6 -0.9999998 -7.04392e-4 0 -0.9999998 -7.27097e-4 -1.65653e-5 -0.9999998 -6.92933e-4 -9.34983e-6 -0.9999998 -7.10724e-4 -5.36931e-6 -0.9999998 -7.52021e-4 7.5679e-6 -0.9999998 -7.51422e-4 -4.26015e-6 -0.9999998 -7.29493e-4 -2.46903e-5 -0.9999998 -7.02546e-4 2.59461e-5 -0.9999997 -7.81293e-4 1.30201e-5 -0.9999998 -7.74045e-4 -2.29564e-6 -0.9999997 -8.46572e-4 -4.16392e-6 -0.9999998 -7.14009e-4 -4.46225e-6 -0.9999998 -7.07932e-4 -3.60278e-6 -0.9999998 -7.40143e-4 -5.04355e-6 -0.9999998 -7.27781e-4 -4.85989e-6 -0.9999998 -6.95562e-4 -5.05298e-6 -0.9999998 -7.38147e-4 -0.06046807 -0.9981701 -9.89788e-7 -0.0604642 -0.9981704 -2.1261e-5 -0.06046813 -0.9981702 1.87269e-5 -0.06048667 -0.998169 1.83644e-5 -0.06046819 -0.9981702 6.69988e-6 -0.06047374 -0.9981699 -1.35544e-5 -0.06047344 -0.9981698 4.49374e-6 -0.0604732 -0.9981698 5.72096e-6 -0.06047266 -0.9981699 -6.58097e-6 -0.06043696 -0.9981721 -8.42379e-5 -0.06048387 -0.9981692 -7.42678e-5 -0.06048768 -0.998169 -1.97496e-5 -0.06045973 -0.9981707 -9.85037e-6 -0.06045633 -0.9981709 1.02767e-5 -0.06048148 -0.9981694 1.22246e-5 -0.06047391 -0.9981698 1.72881e-5 -0.06046569 -0.9981704 -7.4097e-6 -0.06047713 -0.9981697 -1.73842e-5 -0.06047594 -0.9981697 8.68535e-6 -0.06047713 -0.9981696 1.04301e-5 -0.06045788 -0.9981708 1.19265e-5 -0.06046575 -0.9981704 -1.55561e-6 -0.06047016 -0.9981701 -1.62353e-6 -0.06047463 -0.9981698 -7.13082e-6 -0.06047391 -0.9981698 6.0757e-5 -0.0604574 -0.9981709 -5.77486e-5 -0.06047356 -0.9981699 1.36505e-5 -0.06047368 -0.9981698 8.62576e-6 -0.06048285 -0.9981693 3.37716e-5 0.9975027 -0.06960117 -0.01200956 0.9975026 -0.06960129 -0.01201152 0.9975026 -0.06960147 -0.0120095 0.9975026 -0.06960147 -0.01200878 -0.1692196 0.002002775 0.9855765 -0.2018229 0.003280818 0.9794166 -0.5074383 0.02384305 0.8613582 -0.5448289 0.02535456 0.8381639 -0.780471 0.0413922 0.6238202 -0.7912935 0.04175794 0.6100091 -0.9473099 0.05316394 0.315876 -0.9484142 0.05317252 0.312543 -0.9975913 0.05809915 -0.03789496 -0.9981039 0.05846917 -0.01923477 -0.9198939 0.05504667 -0.3882851 -0.9354659 0.05682927 -0.3488181 -0.7406616 0.04561156 -0.6703283 -0.7677036 0.0480529 -0.639001 -0.4956396 0.03214526 -0.8679333 -0.5137905 0.03365612 -0.8572553 -0.1974617 0.01494389 -0.9801967 -0.2016056 0.01528149 -0.9793476 0.1234196 -7.12354e-4 -0.9923544 0.1252703 -0.002020657 -0.9921206 0.1299922 0.001054704 -0.9915145 0.05324006 0.003630697 -0.9985752 0.05240434 0.004093468 -0.9986177 0.07714182 9.7372e-4 -0.9970197 0.07514619 0.002607882 -0.9971691 0.101839 -5.93048e-4 -0.9948008 0.1052223 0.001917898 -0.9944469 0.105791 -0.008351206 -0.9943534 0.09462082 6.59906e-4 -0.9955133 0.09397226 3.50171e-4 -0.9955748 0.08628743 -0.002058327 -0.9962682 0.07598578 0.002462565 -0.9971059 0.07411974 0.003318071 -0.997244 0.09337407 -6.62498e-4 -0.995631 0.08117443 0.004070937 -0.9966916 0.07593524 0.008679449 -0.997075 0.06521159 0.004034459 -0.9978634 0.06792742 0.005721449 -0.9976739 0.06649082 0.005141258 -0.9977738 0.1143557 0.00205183 -0.9934378 0.1139047 0.002152204 -0.9934894 0.08093756 0.004182398 -0.9967104 0.06833797 0.003071784 -0.9976576 0.07510095 0.002658009 -0.9971724 0.05779987 0.001273274 -0.9983274 0.07010591 -0.001076698 -0.997539 0.09995275 9.02219e-4 -0.9949918 0.1054749 -0.004987418 -0.9944095 0.102474 0.002576291 -0.9947323 0.1152043 0.001791417 -0.9933403 0.1149916 0.00187397 -0.9933647 0.114777 0.001955509 -0.9933894 0.08147954 0.00400573 -0.996667 0.1290771 -0.006010174 -0.9916164 0.1261 8.58405e-4 -0.9920172 0.1176323 -0.00113964 -0.9930566 0.1182353 -8.47537e-4 -0.9929853 0.1099207 -0.003493547 -0.9939343 0.1001905 8.00219e-4 -0.994968 0.09822762 0.001705348 -0.9951625 0.1176461 -0.002219319 -0.9930531 0.1055918 0.002412497 -0.9944067 0.1139965 0.001301884 -0.9934803 0.1139391 0.03285998 -0.9929442 0.1152157 0.001724421 -0.993339 0.1588458 -0.001353144 -0.9873026 0.1150395 0.001605927 -0.9933596 0.1148477 0.001552939 -0.993382 0.1388086 0.004186868 -0.9903104 0.158451 -0.001208841 -0.9873661 0.1587217 -0.001284003 -0.9873226 0.1296441 5.16293e-4 -0.9915605 0.140545 -0.003583073 -0.9900679 0.1211858 1.27689e-4 -0.9926299 0.1231164 -7.73801e-4 -0.992392 0.1322441 -0.004850864 -0.9912054 0.1411625 -0.001245498 -0.9899857 0.141606 -9.76521e-4 -0.9899227 0.1579549 -8.27884e-4 -0.987446 0.1006716 -0.01909941 0.9947364 0.09796887 -0.01620095 0.9950577 0.1114495 -0.01779162 0.9936109 0.1091893 -0.01642668 0.9938852 0.1150357 -0.002060294 0.9933593 0.113094 -0.01057195 0.9935281 0.1125496 -0.01289701 0.9935624 0.1123942 -0.01396918 0.9935655 0.1122509 -0.01445269 0.9935748 0.1121874 -0.01466631 0.9935788 0.1121595 -0.01486343 0.993579 0.1121401 -0.01503777 0.9935786 0.1121127 -0.01506012 0.9935814 0.1094948 -0.01507246 0.9938731 0.1127738 -0.01825678 0.993453 0.1143146 -0.01897144 0.9932636 0.1106731 -0.01727926 0.9937067 0.1102803 -0.01725715 0.9937508 0.1098539 -0.01657068 0.9938097 0.1092716 -0.01500874 0.9938987 0.1328126 -0.01689785 0.9909971 0.1328643 -0.01678764 0.9909921 0.1149657 -0.01897931 0.9931882 0.1252675 -0.0160759 0.9919928 0.1212267 -0.0189163 0.9924446 0.08163821 -0.01735299 0.9965111 0.06404197 -0.01551836 0.9978266 0.06596219 -0.0151844 0.9977066 0.07004934 -0.0143823 0.9974399 0.07218992 -0.01400971 0.9972925 0.07934945 -0.01496595 0.9967346 0.07760566 -0.01594877 0.9968566 0.08150148 -0.01305246 0.9965878 0.07256686 -0.01426744 0.9972616 0.06967955 -0.01294171 0.9974856 0.06277 -0.01221412 0.9979534 0.06075274 -0.01258581 0.9980736 0.06314414 -0.01201754 0.9979321 0.1450045 -0.02171617 0.9891927 0.1057743 -0.01928436 0.9942032 0.1091482 -0.01500213 0.9939123 0.1049257 -0.01476913 0.9943704 0.09568232 -0.01767241 0.9952551 0.1102907 -0.01653409 0.9937619 0.1006019 -0.01892364 0.9947469 0.10561 -0.01922106 0.9942219 0.1056016 -0.01916486 0.9942239 0.1264104 -0.02393913 0.9916892 0.1059557 -0.01935237 0.9941825 0.1201606 -0.02019393 0.9925491 0.1148196 -0.01905983 0.9932036 0.1156008 -0.01849979 0.9931235 0.1254343 -0.01629304 0.9919682 0.1237499 -0.02030068 0.9921058 0.1309374 -0.02004092 0.9911881 0.1431647 -0.02238059 0.9894458 0.1445553 -0.02180683 0.9892564 0.1446911 -0.02175545 0.9892377 0.1304358 -0.0209158 0.9912362 0.1206828 -0.01884269 0.9925123 0.1186245 -0.01872062 0.9927627 0.1174382 -0.01751613 0.9929257 0.09991461 -0.02460026 0.9946919 0.1048596 6.16153e-5 0.9944871 0.1048445 -0.01933348 0.9943007 0.105752 -0.01906877 0.9942097 0.06380981 -0.01326143 0.997874 0.0667746 -0.01648592 0.997632 0.06926482 -0.0164631 0.9974625 0.06971812 -0.01672428 0.9974266 0.07490235 -0.01577758 0.9970661 0.07885807 -0.01731789 0.9967355 0.06981527 -0.01677727 0.9974188 0.07004994 -0.01684105 0.9974014 0.09752172 -0.01727628 0.9950835 0.09833908 0.003873765 0.9951455 0.09832614 -0.01620262 0.9950224 0.09678125 -0.01828825 0.9951376 0.09295171 -0.01681691 0.9955286 0.09120577 -0.01569205 0.9957085 0.08676213 -0.01365834 0.9961355 0.07861649 -0.01607745 0.9967754 0.07763803 -0.01638525 0.996847 0.09081959 -0.01531589 0.9957496 0.0817359 -0.01758956 0.9964988 0.1058995 -0.01902794 0.9941949 0.0863136 -0.02120029 0.9960424 -0.06048095 -0.9981694 0 -0.06047302 -0.9981699 0 -0.06046152 -0.9981706 5.58833e-5 -0.06047278 -0.9981698 -1.78724e-5 -0.06048399 -0.9981693 0 -0.06047487 -0.9981697 0 -0.06047672 -0.9981696 -1.2805e-5 -0.06047523 -0.9981697 -1.78302e-5 -0.0604766 -0.9981697 9.27068e-5 -0.06046628 -0.9981703 -3.72204e-5 0.9980988 -0.06045407 -0.01200956 0.9980987 -0.06045424 -0.01200962 0.06047588 0.9981697 0 0.06048548 0.9981691 -3.88118e-5 0.06046628 0.9981703 1.88927e-5 0.0604754 0.9981697 1.80917e-5 0.06047892 0.9981695 -3.75284e-5 0.06047874 0.9981696 5.69322e-6 0.06047922 0.9981695 -5.41749e-6 0.06047391 0.9981698 -1.77089e-5 0.06048077 0.9981694 7.36277e-5 0.06046247 0.9981705 0 -0.9980975 0.06047451 0.01200973 -0.9980975 0.06047368 0.01201003 -0.06047922 -0.9981695 0 -0.06047827 -0.9981696 0 -0.06048798 -0.998169 -1.85967e-5 -0.06047666 -0.9981696 8.92568e-6 -0.06045281 -0.9981712 0 -0.060476 -0.9981697 -5.47093e-6 -0.06047022 -0.9981701 4.03102e-6 -0.06047421 -0.9981698 -8.92343e-6 -0.060485 -0.9981692 3.71196e-5 -0.0604577 -0.9981709 0 0.9980988 -0.06045347 -0.0120095 0.9980988 -0.06045442 -0.01200973 0.06047469 0.9981698 7.32523e-6 0.06047803 0.9981696 -3.10914e-5 0.06045752 0.9981708 3.78149e-5 0.0604726 0.99817 -1.81064e-5 0.06049299 0.9981687 1.87829e-5 0.06047451 0.9981698 5.47974e-6 0.06047892 0.9981696 -1.2525e-5 0.06047374 0.9981698 1.76902e-5 0.06046074 0.9981706 -9.19808e-5 0.06048744 0.998169 1.84086e-5 -0.9980989 0.06045198 0.01200938 -0.9980987 0.06045591 0.0120092 -0.0604763 -0.9981697 -3.49435e-6 -0.06047463 -0.9981698 0 -0.06046599 -0.9981703 -9.28214e-6 -0.06047397 -0.9981698 -4.45699e-6 -0.06048089 -0.9981694 1.8534e-5 -0.06047731 -0.9981696 -2.63636e-6 -0.06047654 -0.9981697 8.97085e-6 -0.06047403 -0.9981698 8.93069e-6 -0.06048524 -0.9981692 5.57279e-5 -0.06045651 -0.9981709 0 0.9980987 -0.06045371 -0.01200979 0.9980987 -0.06045377 -0.0120092 0.06047636 0.9981697 -7.00197e-6 0.06047648 0.9981697 0 0.06049954 0.9981683 -1.89198e-5 0.06047731 0.9981697 1.81191e-5 0.06043833 0.998172 -3.75993e-5 0.06047821 0.9981696 2.64047e-6 0.06047767 0.9981696 1.12776e-5 0.06047499 0.9981698 8.83468e-6 0.06047874 0.9981695 9.19076e-6 0.06046611 0.9981703 9.18982e-6 -0.9980988 0.06045275 0.01200997 -0.9980986 0.06045621 0.01200926 -0.06047528 -0.9981697 0 -0.0604785 -0.9981695 -1.11035e-5 -0.06047129 -0.99817 9.26518e-6 -0.0604701 -0.9981701 1.11266e-5 -0.06047844 -0.9981696 2.31422e-5 -0.06045323 -0.998171 -1.27193e-6 -0.06045103 -0.9981712 1.21218e-6 -0.06047028 -0.9981701 -2.23424e-5 -0.06047713 -0.9981697 1.39427e-5 -0.06047093 -0.99817 0 0.9980974 -0.06047558 -0.01200968 0.9980975 -0.06047403 -0.01200938 0.06045454 0.998171 -1.67605e-6 0.06044989 0.9981712 0 0.06046754 0.9981702 -1.893e-5 0.06046646 0.9981703 -1.35972e-5 0.06047844 0.9981696 9.40681e-6 0.06047439 0.9981698 1.27385e-6 0.06047713 0.9981697 -2.5398e-6 0.06046813 0.9981702 4.41157e-6 0.06047171 0.99817 2.29548e-5 0.06046861 0.9981701 2.29363e-5 -0.9980987 0.06045544 0.01200926 -0.9980987 0.06045514 0.0120095 -0.06045275 -0.9981712 -2.10013e-7 -0.06045281 -0.9981712 -2.51972e-7 -0.06047672 -0.9981696 2.0826e-5 -0.0604698 -0.99817 6.79931e-6 -0.0604757 -0.9981697 1.51701e-7 -0.06047564 -0.9981697 0 -0.06047421 -0.9981698 -1.45528e-6 -0.06047028 -0.99817 -1.60683e-5 0.9980974 -0.060476 -0.01200938 0.9980975 -0.06047421 -0.01200962 0.06047123 0.99817 2.09317e-5 0.06046807 0.9981702 6.66835e-6 0.06047576 0.9981697 0 0.06047564 0.9981697 0 0.06047391 0.9981698 -1.70045e-6 0.0604676 0.9981702 -1.62703e-5 0.06045258 0.9981711 1.89626e-7 0.06045293 0.9981712 2.30731e-7 -0.9980975 0.06047481 0.01200902 -0.9980974 0.0604754 0.01200926 -0.06045407 -0.998171 0 -0.06045454 -0.998171 2.22771e-7 -0.06047558 -0.9981697 2.77237e-5 -0.0604701 -0.9981701 4.433e-6 -0.06047648 -0.9981697 4.31104e-6 -0.06047666 -0.9981696 -8.18615e-7 -0.06047332 -0.9981698 0 -0.06047028 -0.99817 -1.78937e-5 0.9980974 -0.06047564 -0.01200944 0.9980974 -0.0604766 -0.01200956 0.06047046 0.99817 1.82917e-5 0.06046825 0.9981701 8.7976e-6 0.06047725 0.9981697 -3.08093e-6 0.06047666 0.9981696 7.43619e-7 0.06047278 0.9981698 0 0.06046754 0.9981702 -1.81468e-5 0.06045341 0.998171 -4.31106e-6 0.06045418 0.998171 0 -0.9980975 0.06047469 0.01200938 -0.9980974 0.06047582 0.01200962 -0.9980975 0.06047433 0.01200956 -0.9980976 0.06047278 0.01200968 0.1409404 -0.008539557 -0.9899813 0.1409398 -0.008539259 -0.9899814 0.9980974 -0.06047773 -0.01200902 0.9980978 -0.06047046 -0.01200878 0.07280957 -0.004411339 0.9973362 0.07280969 -0.00441128 0.9973362 -0.9980975 0.06047368 0.01200932 -0.9980975 0.06047457 0.01200932 0.129653 -0.007855594 -0.9915283 0.9980975 -0.06047344 -0.01201021 0.9980975 -0.06047332 -0.01201021 0.08203876 -0.00497055 0.9966168 0.08203852 -0.004970371 0.9966168 0.9980987 -0.06045508 -0.01200944 0.9980987 -0.06045395 -0.01200914 0.09183102 -0.005562305 0.9957591 0.091829 -0.005563676 0.9957593 0.09111416 -0.005520403 0.9958252 0.09111422 -0.005520462 0.9958252 -0.9980976 0.06047308 0.01200902 -0.9980975 0.06047415 0.01200902 0.1174125 -0.007114052 -0.9930578 0.1174095 -0.007111191 -0.9930582 0.1186433 -0.007185995 -0.992911 0.1186432 -0.007185816 -0.9929111 -0.06048184 -0.9981693 8.04479e-6 -0.06047916 -0.9981696 -5.15682e-5 -0.06048727 -0.998169 0 -0.06047862 -0.9981696 -8.94559e-6 -0.06044983 -0.9981713 -1.85768e-5 -0.06048333 -0.9981692 0 -0.06046032 -0.9981707 8.97152e-6 -0.06047457 -0.9981698 0 -0.06047838 -0.9981696 7.4085e-5 -0.06046694 -0.9981703 0 0.9980976 -0.06047397 -0.0120092 0.9980976 -0.06047356 -0.01201021 0.06047886 0.9981696 0 0.06048315 0.9981693 -5.15682e-5 0.06046825 0.9981702 -1.88755e-5 0.06047415 0.9981698 1.80748e-5 0.06047958 0.9981696 5.62296e-5 0.0604732 0.9981699 -5.92301e-6 0.06049066 0.9981688 1.18348e-5 0.06047475 0.9981698 0 0.06045621 0.9981709 -7.36567e-5 0.06048697 0.998169 3.69259e-5 -0.9980975 0.06047439 0.0120089 -0.9980975 0.06047439 0.01200926 0.9980989 -0.06045347 -0.01201021 0.9980988 -0.06045401 -0.01200956 0.1015084 -0.006148397 0.9948157 0.1015065 -0.006150305 0.9948159 0.1007261 -0.006103038 0.9948956 0.1007281 -0.006101131 0.9948953 -0.9980987 0.06045502 0.01200896 -0.9980987 0.06045365 0.01200896 0.1054615 -0.006387531 -0.994403 0.1054619 -0.006387531 -0.9944029 0.1066595 -0.00646013 -0.9942747 0.1066577 -0.006460011 -0.9942748 0.9980976 -0.06047344 -0.01200926 0.9980976 -0.06047409 -0.01200926 0.111401 -0.00674957 0.9937526 0.1114009 -0.006749629 0.9937527 0.1105482 -0.006697952 0.9938483 0.11055 -0.006696045 0.993848 -0.9980988 0.06045448 0.01200872 -0.9980988 0.06045395 0.01200872 0.09315711 -0.005642294 -0.9956355 0.09315818 -0.00564444 -0.9956353 0.0943154 -0.005714535 -0.995526 0.09431576 -0.005714595 -0.995526 0.9980977 -0.06047344 -0.01200824 0.9980976 -0.06047385 -0.01200824 0.1215167 -0.007362484 0.9925622 0.1215171 -0.007362544 0.9925621 0.1205859 -0.007306098 0.992676 0.1205906 -0.007304191 0.9926755 -0.9980987 0.06045389 0.01200926 -0.9980989 0.06045341 0.01200926 0.08049219 -0.004875302 -0.9967433 0.08049339 -0.004875242 -0.9967432 0.08160644 -0.004942595 -0.9966524 0.0816096 -0.004944741 -0.9966522 0.9980976 -0.06047362 -0.01201099 0.9980975 -0.06047391 -0.01200538 0.131856 -0.007988929 0.9912368 0.1318568 -0.007986605 0.9912366 0.1308552 -0.007925868 0.9913698 0.1308531 -0.007928133 0.9913701 -0.9980976 0.06047385 0.01201027 -0.9980976 0.06047385 0.01200896 0.06745529 -0.00408709 -0.9977139 0.06745445 -0.00408709 -0.997714 0.06852573 -0.00415194 -0.9976407 0.06852585 -0.00415194 -0.9976407 -0.06047528 -0.9981697 -8.94586e-6 -0.06047451 -0.9981698 6.59173e-6 -0.9980987 0.06045585 0.01200962 -0.9980986 0.06045556 0.01200944 0.06046885 0.9981701 -8.95087e-6 0.06046897 0.9981701 -5.80069e-6 0.9980988 -0.06045365 -0.01200884 0.9980987 -0.06045508 -0.01200932</float_array>
          <technique_common>
            <accessor source="#Left_aileron-mesh-normals-array" count="1381" stride="3">
              <param name="X" type="float"/>
              <param name="Y" type="float"/>
              <param name="Z" type="float"/>
            </accessor>
          </technique_common>
        </source>
        <vertices id="Left_aileron-mesh-vertices">
          <input semantic="POSITION" source="#Left_aileron-mesh-positions"/>
        </vertices>
        <triangles material="Material_001-material" count="1386">
          <input semantic="VERTEX" source="#Left_aileron-mesh-vertices" offset="0"/>
          <input semantic="NORMAL" source="#Left_aileron-mesh-normals" offset="1"/>
          <p>0 0 1 0 2 0 3 1 4 1 5 1 5 2 4 2 6 2 3 3 5 3 7 3 7 4 5 4 8 4 7 5 8 5 9 5 6 6 4 6 10 6 10 7 4 7 11 7 10 8 11 8 8 8 8 9 11 9 12 9 8 10 12 10 9 10 13 11 14 11 15 11 15 12 16 12 13 12 13 13 16 13 17 13 13 14 17 14 12 14 18 15 19 15 17 15 17 16 19 16 20 16 17 17 20 17 12 17 12 18 20 18 0 18 12 19 0 19 9 19 9 20 0 20 2 20 11 21 21 21 12 21 12 22 21 22 22 22 12 23 22 23 13 23 13 24 22 24 23 24 24 25 25 25 26 25 26 26 25 26 27 26 26 27 27 27 28 27 28 28 27 28 29 28 30 29 31 29 29 29 29 30 31 30 32 30 29 31 32 31 28 31 29 32 33 32 30 32 30 33 33 33 34 33 30 34 34 34 35 34 35 35 34 35 36 35 35 36 36 36 37 36 37 37 36 37 38 37 37 38 38 38 39 38 39 39 38 39 40 39 41 40 42 40 43 40 43 41 42 41 44 41 43 42 44 42 38 42 38 43 44 43 45 43 38 44 45 44 40 44 43 45 46 45 41 45 41 46 46 46 4 46 41 47 4 47 3 47 47 48 23 48 48 48 48 49 23 49 22 49 48 50 22 50 49 50 49 51 22 51 21 51 2 52 1 52 50 52 50 53 1 53 51 53 50 54 51 54 52 54 52 55 51 55 53 55 51 56 54 56 53 56 53 57 54 57 55 57 53 58 55 58 56 58 56 59 55 59 57 59 56 60 57 60 58 60 58 61 57 61 59 61 58 62 59 62 60 62 60 63 59 63 61 63 60 64 61 64 62 64 62 65 61 65 63 65 62 66 63 66 64 66 64 67 63 67 65 67 64 68 65 68 66 68 67 69 68 69 69 69 69 70 68 70 65 70 65 71 68 71 70 71 65 72 70 72 66 72 71 73 72 73 73 73 73 74 72 74 74 74 73 75 74 75 75 75 75 76 74 76 67 76 75 77 67 77 76 77 76 78 67 78 69 78 18 79 77 79 19 79 19 80 77 80 78 80 78 81 77 81 79 81 79 82 77 82 80 82 79 83 80 83 81 83 81 84 80 84 82 84 81 85 82 85 83 85 83 86 82 86 84 86 83 87 84 87 85 87 84 88 86 88 85 88 85 89 86 89 87 89 85 90 87 90 88 90 88 91 87 91 89 91 88 92 89 92 90 92 90 93 89 93 91 93 90 94 91 94 92 94 93 95 94 95 91 95 91 96 94 96 95 96 91 97 95 97 92 97 93 98 96 98 94 98 94 99 96 99 97 99 94 100 97 100 98 100 98 101 97 101 99 101 98 102 99 102 100 102 47 103 48 103 101 103 101 104 102 104 103 104 104 105 105 105 106 105 106 106 105 106 107 106 106 107 107 107 108 107 25 108 24 108 109 108 109 109 24 109 110 109 109 110 110 110 111 110 111 111 72 111 71 111 100 112 99 112 103 112 103 113 99 113 108 113 103 114 108 114 101 114 101 115 108 115 107 115 101 116 107 116 47 116 71 117 102 117 111 117 111 118 102 118 101 118 111 119 101 119 109 119 109 120 101 120 48 120 109 121 48 121 49 121 15 122 14 122 112 122 15 123 112 123 113 123 113 124 112 124 114 124 113 125 114 125 115 125 115 126 114 126 116 126 115 127 116 127 117 127 117 128 116 128 118 128 117 129 118 129 119 129 119 130 118 130 120 130 119 131 120 131 121 131 121 132 120 132 122 132 121 133 122 133 123 133 123 134 122 134 124 134 123 135 124 135 125 135 124 136 126 136 125 136 125 137 126 137 127 137 125 138 127 138 128 138 128 139 127 139 105 139 128 140 105 140 104 140 129 141 130 141 107 141 107 142 130 142 131 142 107 143 105 143 129 143 129 144 105 144 127 144 129 145 127 145 132 145 23 146 47 146 107 146 133 147 134 147 13 147 13 148 23 148 133 148 133 149 23 149 107 149 133 150 107 150 135 150 135 151 107 151 131 151 127 152 126 152 132 152 132 153 126 153 124 153 132 154 124 154 136 154 136 155 124 155 122 155 136 156 122 156 137 156 137 157 122 157 120 157 137 158 120 158 138 158 138 159 120 159 118 159 138 160 118 160 139 160 139 161 118 161 116 161 139 162 116 162 140 162 140 163 116 163 114 163 140 164 114 164 141 164 141 165 114 165 112 165 141 166 112 166 142 166 142 167 112 167 14 167 142 168 14 168 143 168 143 169 14 169 13 169 143 170 13 170 144 170 144 171 13 171 134 171 145 172 146 172 11 172 34 173 33 173 147 173 147 174 33 174 29 174 147 175 29 175 148 175 148 176 29 176 27 176 148 177 27 177 149 177 149 178 27 178 25 178 149 179 25 179 150 179 150 180 25 180 109 180 150 181 109 181 151 181 11 182 4 182 145 182 145 183 4 183 46 183 145 184 46 184 152 184 152 185 46 185 43 185 152 186 43 186 153 186 153 187 43 187 38 187 153 188 38 188 154 188 154 189 38 189 36 189 154 190 36 190 155 190 155 191 36 191 34 191 155 192 34 192 156 192 156 193 34 193 147 193 146 194 157 194 11 194 11 195 157 195 158 195 11 196 158 196 159 196 21 197 11 197 49 197 49 198 11 198 159 198 49 199 159 199 109 199 109 200 159 200 160 200 109 201 160 201 151 201 161 202 162 202 163 202 163 203 162 203 164 203 163 204 164 204 165 204 96 205 166 205 97 205 97 206 166 206 167 206 164 207 168 207 165 207 165 208 168 208 108 208 165 209 108 209 167 209 167 210 108 210 99 210 167 211 99 211 97 211 96 212 93 212 166 212 166 213 93 213 91 213 166 214 91 214 169 214 169 215 91 215 89 215 169 216 89 216 170 216 170 217 89 217 87 217 170 218 87 218 171 218 171 219 87 219 86 219 171 220 86 220 84 220 84 221 82 221 171 221 171 222 82 222 80 222 171 223 80 223 172 223 172 224 80 224 77 224 172 225 77 225 173 225 173 226 77 226 18 226 173 227 18 227 174 227 174 228 18 228 17 228 174 229 17 229 175 229 175 230 17 230 176 230 175 231 176 231 161 231 161 232 176 232 177 232 161 233 177 233 162 233 178 234 121 234 179 234 179 235 121 235 123 235 179 236 123 236 180 236 181 237 106 237 182 237 182 238 106 238 183 238 182 239 183 239 184 239 123 240 125 240 180 240 180 241 125 241 128 241 180 242 128 242 181 242 181 243 128 243 104 243 181 244 104 244 106 244 185 245 117 245 178 245 178 246 117 246 119 246 178 247 119 247 121 247 183 248 186 248 184 248 184 249 186 249 187 249 184 250 187 250 188 250 188 251 187 251 189 251 188 252 189 252 190 252 190 253 189 253 191 253 190 254 191 254 192 254 192 255 191 255 16 255 192 256 16 256 193 256 193 257 16 257 15 257 193 258 15 258 194 258 194 259 15 259 113 259 194 260 113 260 185 260 185 261 113 261 115 261 185 262 115 262 117 262 164 263 186 263 168 263 168 264 186 264 183 264 168 265 183 265 108 265 108 266 183 266 106 266 17 267 16 267 176 267 176 268 16 268 191 268 187 269 186 269 164 269 177 270 176 270 191 270 164 271 162 271 187 271 187 272 162 272 177 272 187 273 177 273 189 273 189 274 177 274 191 274 195 275 196 275 197 275 197 276 196 276 198 276 198 277 196 277 199 277 198 278 199 278 103 278 103 279 199 279 100 279 100 280 199 280 200 280 100 281 200 281 98 281 98 282 200 282 201 282 98 283 201 283 94 283 94 284 201 284 95 284 95 285 201 285 202 285 95 286 202 286 92 286 78 287 203 287 204 287 197 288 205 288 195 288 195 289 205 289 206 289 195 290 206 290 207 290 207 291 206 291 208 291 207 292 208 292 209 292 209 293 208 293 20 293 209 294 20 294 204 294 204 295 20 295 19 295 204 296 19 296 78 296 210 297 85 297 211 297 211 298 85 298 88 298 211 299 88 299 202 299 202 300 88 300 90 300 202 301 90 301 92 301 78 302 79 302 203 302 203 303 79 303 81 303 203 304 81 304 210 304 210 305 81 305 83 305 210 306 83 306 85 306 103 307 102 307 212 307 103 308 212 308 198 308 198 309 212 309 213 309 198 310 213 310 197 310 197 311 213 311 214 311 197 312 214 312 205 312 205 313 214 313 215 313 205 314 215 314 206 314 206 315 215 315 216 315 206 316 216 316 208 316 208 317 216 317 0 317 208 318 0 318 20 318 59 319 217 319 61 319 61 320 217 320 218 320 61 321 218 321 63 321 63 322 218 322 219 322 75 323 76 323 220 323 220 324 76 324 69 324 220 325 69 325 219 325 219 326 69 326 65 326 219 327 65 327 63 327 221 328 51 328 222 328 222 329 51 329 1 329 222 330 1 330 223 330 223 331 1 331 0 331 223 332 0 332 224 332 59 333 57 333 217 333 217 334 57 334 55 334 217 335 55 335 221 335 221 336 55 336 54 336 221 337 54 337 51 337 225 338 212 338 226 338 226 339 212 339 102 339 226 340 102 340 227 340 227 341 102 341 71 341 227 342 71 342 220 342 220 343 71 343 73 343 220 344 73 344 75 344 0 345 216 345 224 345 224 346 216 346 215 346 224 347 215 347 228 347 228 348 215 348 214 348 228 349 214 349 225 349 225 350 214 350 213 350 225 351 213 351 212 351 229 352 230 352 231 352 229 353 231 353 232 353 232 354 231 354 7 354 232 355 7 355 9 355 233 356 234 356 37 356 37 357 234 357 35 357 35 358 234 358 235 358 35 359 235 359 30 359 236 360 230 360 237 360 237 361 230 361 238 361 237 362 238 362 239 362 240 363 32 363 235 363 235 364 32 364 31 364 235 365 31 365 30 365 241 366 26 366 240 366 240 367 26 367 28 367 240 368 28 368 32 368 242 369 7 369 236 369 236 370 7 370 231 370 236 371 231 371 230 371 44 372 42 372 243 372 243 373 42 373 41 373 243 374 41 374 242 374 242 375 41 375 3 375 242 376 3 376 7 376 238 377 244 377 239 377 239 378 244 378 245 378 239 379 245 379 246 379 246 380 245 380 247 380 246 381 247 381 248 381 248 382 247 382 110 382 248 383 110 383 241 383 241 384 110 384 24 384 241 385 24 385 26 385 37 386 39 386 233 386 233 387 39 387 40 387 233 388 40 388 243 388 243 389 40 389 45 389 243 390 45 390 44 390 111 391 110 391 247 391 111 392 247 392 249 392 249 393 247 393 245 393 249 394 245 394 250 394 250 395 245 395 244 395 250 396 244 396 251 396 251 397 244 397 238 397 251 398 238 398 252 398 252 399 238 399 230 399 252 400 230 400 229 400 66 401 70 401 253 401 254 402 250 402 255 402 255 403 250 403 251 403 255 404 251 404 256 404 257 405 50 405 258 405 258 406 50 406 52 406 258 407 52 407 53 407 259 408 9 408 257 408 257 409 9 409 2 409 257 410 2 410 50 410 70 411 68 411 253 411 253 412 68 412 67 412 253 413 67 413 260 413 260 414 67 414 74 414 260 415 74 415 261 415 261 416 74 416 72 416 261 417 72 417 262 417 262 418 72 418 111 418 262 419 111 419 254 419 254 420 111 420 249 420 254 421 249 421 250 421 53 422 56 422 258 422 258 423 56 423 58 423 258 424 58 424 263 424 263 425 58 425 60 425 263 426 60 426 264 426 264 427 60 427 62 427 264 428 62 428 253 428 253 429 62 429 64 429 253 430 64 430 66 430 251 431 252 431 256 431 256 432 252 432 229 432 256 433 229 433 259 433 259 434 229 434 232 434 259 435 232 435 9 435 265 436 266 436 267 436 267 437 266 437 268 437 267 438 268 438 269 438 270 439 271 439 272 439 272 440 269 440 273 440 273 441 274 441 272 441 272 442 274 442 275 442 272 443 275 443 276 443 277 444 270 444 278 444 278 445 270 445 272 445 278 446 272 446 279 446 279 447 272 447 276 447 279 448 276 448 280 448 269 449 272 449 267 449 267 450 272 450 271 450 267 451 271 451 265 451 265 452 271 452 281 452 265 453 281 453 173 453 173 454 281 454 282 454 173 455 282 455 172 455 172 456 282 456 283 456 172 457 283 457 171 457 171 458 283 458 284 458 171 459 284 459 170 459 170 460 284 460 285 460 170 461 285 461 169 461 169 462 285 462 286 462 169 463 286 463 166 463 166 464 286 464 287 464 166 465 287 465 167 465 167 466 287 466 288 466 167 467 288 467 165 467 165 468 288 468 289 468 165 469 289 469 163 469 163 470 289 470 290 470 163 471 290 471 161 471 161 472 290 472 291 472 161 473 291 473 175 473 175 474 291 474 292 474 175 475 292 475 174 475 174 476 292 476 293 476 174 477 293 477 173 477 173 478 293 478 294 478 173 479 294 479 265 479 265 480 294 480 295 480 265 481 295 481 266 481 296 482 143 482 297 482 297 483 143 483 298 483 193 484 194 484 142 484 142 485 194 485 141 485 140 486 141 486 299 486 299 487 141 487 300 487 299 488 301 488 140 488 140 489 301 489 302 489 140 490 302 490 139 490 139 491 302 491 303 491 139 492 303 492 138 492 138 493 303 493 137 493 137 493 303 493 304 493 137 494 304 494 136 494 304 495 305 495 136 495 136 496 305 496 306 496 136 497 306 497 132 497 132 498 306 498 307 498 132 499 307 499 129 499 129 500 307 500 308 500 129 501 308 501 130 501 130 502 308 502 309 502 130 503 309 503 131 503 131 504 309 504 135 504 135 505 309 505 310 505 135 506 310 506 133 506 133 507 310 507 311 507 133 508 311 508 134 508 134 509 311 509 312 509 134 510 312 510 144 510 144 511 312 511 313 511 144 512 313 512 143 512 143 513 313 513 314 513 143 514 314 514 298 514 300 515 141 515 315 515 315 516 141 516 194 516 315 517 194 517 316 517 316 518 194 518 185 518 316 519 185 519 317 519 317 520 185 520 178 520 317 521 178 521 318 521 318 522 178 522 179 522 318 523 179 523 319 523 319 524 179 524 180 524 319 525 180 525 320 525 320 526 180 526 181 526 320 527 181 527 321 527 321 528 181 528 182 528 321 529 182 529 322 529 322 530 182 530 184 530 322 531 184 531 323 531 323 532 184 532 188 532 323 533 188 533 324 533 324 534 188 534 190 534 324 535 190 535 325 535 325 536 190 536 192 536 325 537 192 537 326 537 326 538 192 538 193 538 326 539 193 539 296 539 296 540 193 540 142 540 296 541 142 541 143 541 239 542 327 542 237 542 237 543 327 543 328 543 237 544 328 544 236 544 236 545 328 545 329 545 236 546 329 546 242 546 242 547 329 547 330 547 242 548 330 548 243 548 243 549 330 549 331 549 243 550 331 550 233 550 233 551 331 551 332 551 233 552 332 552 234 552 234 553 332 553 333 553 234 554 333 554 235 554 235 555 333 555 334 555 235 556 334 556 240 556 240 557 334 557 335 557 240 558 335 558 241 558 241 559 335 559 336 559 241 560 336 560 248 560 248 561 336 561 337 561 248 562 337 562 246 562 246 563 337 563 338 563 246 564 338 564 239 564 239 565 338 565 327 565 339 566 255 566 340 566 340 567 255 567 256 567 340 568 256 568 341 568 341 569 256 569 259 569 341 570 259 570 342 570 342 571 259 571 257 571 342 572 257 572 343 572 343 573 257 573 258 573 343 574 258 574 344 574 344 575 258 575 263 575 344 576 263 576 345 576 345 577 263 577 264 577 345 578 264 578 346 578 346 579 264 579 253 579 346 580 253 580 347 580 347 581 253 581 260 581 347 582 260 582 348 582 348 583 260 583 261 583 348 584 261 584 349 584 349 585 261 585 262 585 349 586 262 586 350 586 350 587 262 587 254 587 350 588 254 588 339 588 339 589 254 589 255 589 228 590 351 590 224 590 224 591 351 591 352 591 224 592 352 592 223 592 223 593 352 593 353 593 223 594 353 594 222 594 222 595 353 595 354 595 222 596 354 596 221 596 221 597 354 597 355 597 221 598 355 598 217 598 217 599 355 599 356 599 217 600 356 600 218 600 218 601 356 601 357 601 218 602 357 602 219 602 219 603 357 603 358 603 219 604 358 604 220 604 220 605 358 605 359 605 220 606 359 606 227 606 227 607 359 607 360 607 227 608 360 608 226 608 226 609 360 609 361 609 226 529 361 529 225 529 225 530 361 530 362 530 225 610 362 610 228 610 228 611 362 611 351 611 363 612 195 612 364 612 364 613 195 613 207 613 364 614 207 614 365 614 365 615 207 615 209 615 365 616 209 616 366 616 366 617 209 617 204 617 366 618 204 618 367 618 367 619 204 619 203 619 367 620 203 620 368 620 368 621 203 621 210 621 368 622 210 622 369 622 369 460 210 460 211 460 369 623 211 623 370 623 370 624 211 624 202 624 370 625 202 625 371 625 371 626 202 626 201 626 371 627 201 627 372 627 372 628 201 628 200 628 372 629 200 629 373 629 373 630 200 630 199 630 373 631 199 631 374 631 374 632 199 632 196 632 374 633 196 633 363 633 363 634 196 634 195 634 375 635 146 635 376 635 376 636 146 636 145 636 376 637 145 637 377 637 377 638 145 638 152 638 377 639 152 639 378 639 378 640 152 640 153 640 378 641 153 641 379 641 379 642 153 642 380 642 380 643 153 643 154 643 380 644 154 644 381 644 381 645 154 645 155 645 381 646 155 646 382 646 382 647 155 647 156 647 382 648 156 648 383 648 156 649 147 649 383 649 383 650 147 650 148 650 383 651 148 651 384 651 384 652 148 652 149 652 384 653 149 653 385 653 385 654 149 654 150 654 385 655 150 655 386 655 386 656 150 656 151 656 386 657 151 657 387 657 387 658 151 658 388 658 388 659 151 659 160 659 388 660 160 660 389 660 389 661 160 661 159 661 389 662 159 662 390 662 390 663 159 663 158 663 390 664 158 664 375 664 375 665 158 665 157 665 375 666 157 666 146 666 391 667 376 667 392 667 392 668 376 668 377 668 392 669 377 669 393 669 393 670 377 670 378 670 393 671 378 671 394 671 395 672 396 672 384 672 384 673 396 673 383 673 383 674 396 674 397 674 383 675 397 675 398 675 394 676 378 676 399 676 399 677 378 677 379 677 399 678 379 678 400 678 400 679 379 679 380 679 400 680 380 680 401 680 401 681 380 681 381 681 401 682 381 682 398 682 398 683 381 683 382 683 398 684 382 684 383 684 384 685 385 685 395 685 395 686 385 686 386 686 395 687 386 687 402 687 402 688 386 688 387 688 402 689 387 689 388 689 403 690 404 690 391 690 391 691 404 691 402 691 388 692 389 692 402 692 402 693 389 693 390 693 402 694 390 694 391 694 391 695 390 695 375 695 391 696 375 696 376 696 405 697 302 697 301 697 301 698 299 698 406 698 406 699 299 699 300 699 406 700 300 700 407 700 407 701 300 701 315 701 301 702 406 702 405 702 405 703 406 703 408 703 405 704 408 704 409 704 409 705 408 705 410 705 409 706 410 706 411 706 411 707 410 707 412 707 411 708 412 708 413 708 413 709 412 709 414 709 413 710 414 710 415 710 415 711 414 711 416 711 415 712 416 712 417 712 417 713 416 713 418 713 417 714 418 714 419 714 420 715 421 715 323 715 323 716 324 716 420 716 420 717 324 717 325 717 420 718 325 718 326 718 318 719 408 719 317 719 317 720 408 720 406 720 317 721 406 721 316 721 316 722 406 722 407 722 316 723 407 723 315 723 319 724 412 724 318 724 318 725 412 725 410 725 318 726 410 726 408 726 422 727 418 727 320 727 320 728 418 728 416 728 320 729 416 729 319 729 319 730 416 730 414 730 319 731 414 731 412 731 320 732 321 732 422 732 422 733 321 733 322 733 422 734 322 734 423 734 423 735 322 735 323 735 423 736 323 736 424 736 424 737 323 737 421 737 420 738 425 738 421 738 421 739 425 739 426 739 421 740 426 740 424 740 424 741 426 741 427 741 424 742 427 742 423 742 423 743 427 743 428 743 423 744 428 744 422 744 282 745 281 745 429 745 285 746 284 746 430 746 282 747 429 747 283 747 431 748 286 748 432 748 432 749 286 749 285 749 432 750 285 750 433 750 433 751 285 751 430 751 431 752 434 752 286 752 286 753 434 753 435 753 286 754 435 754 287 754 287 755 435 755 436 755 287 756 436 756 288 756 288 757 436 757 437 757 288 758 437 758 289 758 289 759 437 759 428 759 289 760 428 760 290 760 290 761 428 761 291 761 429 762 438 762 283 762 283 763 438 763 439 763 283 764 439 764 284 764 284 765 439 765 440 765 284 766 440 766 430 766 294 767 293 767 425 767 425 768 293 768 292 768 425 769 292 769 426 769 426 770 292 770 291 770 426 771 291 771 427 771 427 772 291 772 428 772 439 773 441 773 440 773 440 774 441 774 442 774 440 775 442 775 430 775 430 776 442 776 443 776 430 777 443 777 433 777 433 778 443 778 444 778 433 779 444 779 432 779 432 780 444 780 445 780 432 781 445 781 431 781 431 782 445 782 446 782 431 783 446 783 434 783 434 784 446 784 447 784 434 785 447 785 435 785 435 786 447 786 448 786 435 787 448 787 436 787 436 788 448 788 449 788 436 789 449 789 437 789 439 790 438 790 441 790 441 791 438 791 429 791 441 792 429 792 450 792 369 793 444 793 368 793 368 794 444 794 443 794 368 795 443 795 367 795 443 796 442 796 367 796 367 797 442 797 441 797 367 798 441 798 366 798 366 799 441 799 450 799 366 800 450 800 365 800 365 801 450 801 451 801 365 802 451 802 364 802 364 803 451 803 452 803 364 804 452 804 363 804 452 805 453 805 363 805 363 806 453 806 454 806 363 807 454 807 374 807 374 808 454 808 455 808 374 809 455 809 373 809 373 810 455 810 449 810 373 811 449 811 372 811 372 812 449 812 448 812 372 813 448 813 371 813 371 814 448 814 447 814 371 815 447 815 370 815 370 816 447 816 446 816 370 817 446 817 369 817 369 818 446 818 445 818 369 819 445 819 444 819 456 820 457 820 458 820 458 821 457 821 451 821 451 822 457 822 452 822 452 823 457 823 459 823 452 824 459 824 453 824 453 825 459 825 460 825 453 826 460 826 454 826 454 827 460 827 461 827 454 828 461 828 455 828 456 829 462 829 354 829 354 830 462 830 463 830 354 831 463 831 355 831 357 832 356 832 464 832 463 833 465 833 355 833 355 834 465 834 466 834 355 835 466 835 356 835 356 836 466 836 467 836 356 837 467 837 464 837 359 838 468 838 360 838 360 839 468 839 469 839 360 840 469 840 361 840 361 841 469 841 461 841 361 842 461 842 362 842 362 843 461 843 460 843 362 844 460 844 351 844 464 845 470 845 357 845 357 846 470 846 471 846 357 847 471 847 358 847 358 848 471 848 472 848 358 849 472 849 359 849 359 850 472 850 473 850 359 851 473 851 468 851 354 852 353 852 456 852 456 853 353 853 352 853 456 854 352 854 457 854 457 855 352 855 351 855 457 856 351 856 459 856 459 857 351 857 460 857 474 858 469 858 468 858 474 859 468 859 475 859 475 860 468 860 473 860 475 861 473 861 476 861 476 862 473 862 472 862 476 863 472 863 477 863 477 864 472 864 471 864 477 865 471 865 478 865 478 866 471 866 470 866 478 867 470 867 479 867 479 868 470 868 464 868 479 869 464 869 480 869 480 870 464 870 467 870 480 871 467 871 481 871 467 872 466 872 481 872 481 873 466 873 465 873 481 874 465 874 482 874 465 875 463 875 482 875 482 876 463 876 462 876 482 877 462 877 483 877 346 878 347 878 475 878 475 879 347 879 474 879 344 880 480 880 481 880 344 881 481 881 343 881 343 882 481 882 482 882 343 883 482 883 342 883 342 884 482 884 483 884 342 885 483 885 341 885 341 886 483 886 484 886 341 887 484 887 340 887 475 888 476 888 346 888 346 889 476 889 477 889 346 890 477 890 345 890 345 891 477 891 478 891 345 892 478 892 344 892 344 893 478 893 479 893 344 894 479 894 480 894 347 895 348 895 474 895 474 896 348 896 349 896 474 897 349 897 485 897 485 898 349 898 350 898 485 899 350 899 486 899 486 900 350 900 339 900 484 901 487 901 340 901 340 902 487 902 488 902 340 903 488 903 339 903 339 904 488 904 489 904 339 905 489 905 486 905 484 906 490 906 487 906 487 907 490 907 491 907 487 908 491 908 488 908 488 909 491 909 492 909 488 910 492 910 489 910 493 911 485 911 494 911 494 912 485 912 486 912 494 913 486 913 495 913 495 914 486 914 489 914 495 915 489 915 496 915 496 916 489 916 492 916 497 917 308 917 419 917 419 918 308 918 307 918 419 919 307 919 417 919 314 920 313 920 498 920 498 921 313 921 312 921 417 922 307 922 415 922 415 923 307 923 306 923 415 924 306 924 413 924 413 925 306 925 411 925 411 926 306 926 305 926 411 927 305 927 409 927 409 928 305 928 304 928 409 929 304 929 405 929 405 930 304 930 303 930 405 931 303 931 302 931 499 932 500 932 497 932 497 933 500 933 498 933 312 934 311 934 498 934 498 935 311 935 310 935 498 936 310 936 497 936 497 937 310 937 309 937 497 938 309 938 308 938 490 939 329 939 328 939 329 940 490 940 330 940 330 941 490 941 501 941 330 942 501 942 331 942 495 943 327 943 494 943 494 944 327 944 338 944 494 945 338 945 493 945 493 946 338 946 337 946 493 947 337 947 502 947 502 948 337 948 336 948 502 949 336 949 503 949 503 950 336 950 335 950 503 951 335 951 504 951 504 952 335 952 334 952 332 953 505 953 333 953 333 954 505 954 506 954 333 955 506 955 334 955 334 956 506 956 507 956 334 957 507 957 504 957 501 958 508 958 331 958 331 959 508 959 509 959 331 960 509 960 332 960 332 961 509 961 510 961 332 962 510 962 505 962 495 963 496 963 327 963 327 964 496 964 492 964 327 965 492 965 328 965 328 966 492 966 491 966 328 967 491 967 490 967 500 968 499 968 511 968 511 969 499 969 512 969 511 970 512 970 403 970 403 971 512 971 404 971 501 972 392 972 393 972 501 973 393 973 508 973 508 974 393 974 394 974 508 975 394 975 509 975 509 976 394 976 399 976 509 977 399 977 510 977 510 978 399 978 400 978 510 979 400 979 505 979 505 980 400 980 401 980 505 981 401 981 506 981 506 982 401 982 398 982 506 983 398 983 507 983 507 984 398 984 397 984 507 985 397 985 504 985 504 986 397 986 396 986 504 987 396 987 503 987 503 988 396 988 395 988 503 989 395 989 502 989 513 990 485 990 514 990 514 991 485 991 493 991 514 992 493 992 515 992 516 993 497 993 419 993 516 994 419 994 517 994 428 995 518 995 422 995 422 996 518 996 519 996 455 997 461 997 520 997 520 998 461 998 521 998 520 999 521 999 522 999 455 1000 523 1000 449 1000 449 1001 523 1001 524 1001 449 1002 524 1002 437 1002 437 1003 524 1003 525 1003 437 1004 525 1004 428 1004 428 1005 525 1005 526 1005 428 1006 526 1006 518 1006 527 1007 512 1007 499 1007 497 1008 516 1008 499 1008 499 1009 516 1009 528 1009 499 1010 528 1010 527 1010 529 1011 512 1011 530 1011 530 1012 512 1012 527 1012 530 1013 527 1013 519 1013 519 1014 527 1014 517 1014 519 1015 517 1015 422 1015 422 1016 517 1016 419 1016 422 1017 419 1017 418 1017 520 1018 531 1018 455 1018 455 1019 531 1019 532 1019 455 1020 532 1020 523 1020 523 1021 532 1021 512 1021 523 1022 512 1022 526 1022 526 1023 512 1023 529 1023 526 1024 529 1024 518 1024 513 1025 533 1025 485 1025 485 1026 533 1026 534 1026 485 1027 534 1027 474 1027 474 1028 534 1028 535 1028 474 1029 535 1029 469 1029 469 1030 535 1030 536 1030 469 1031 536 1031 461 1031 461 1032 536 1032 537 1032 461 1033 537 1033 521 1033 521 1034 537 1034 512 1034 521 1035 512 1035 522 1035 522 1036 512 1036 532 1036 538 1037 539 1037 404 1037 537 1038 534 1038 512 1038 512 1039 534 1039 533 1039 512 1040 533 1040 404 1040 404 1041 533 1041 515 1041 404 1042 515 1042 538 1042 538 1043 515 1043 493 1043 538 1044 493 1044 540 1044 540 1045 493 1045 502 1045 540 1046 502 1046 541 1046 541 1047 502 1047 395 1047 541 1048 395 1048 539 1048 539 1049 395 1049 402 1049 539 1050 402 1050 404 1050 542 1051 543 1051 451 1051 451 1052 543 1052 458 1052 425 1053 544 1053 280 1053 280 1054 544 1054 279 1054 280 1055 276 1055 425 1055 425 1056 276 1056 275 1056 425 1057 275 1057 274 1057 274 1058 273 1058 425 1058 425 1059 273 1059 269 1059 425 1060 269 1060 268 1060 268 1061 266 1061 425 1061 425 1062 266 1062 295 1062 425 1063 295 1063 294 1063 429 1064 281 1064 271 1064 545 1065 270 1065 546 1065 546 1066 270 1066 277 1066 546 1067 277 1067 544 1067 544 1068 277 1068 278 1068 544 1069 278 1069 279 1069 429 1070 271 1070 450 1070 298 1071 314 1071 498 1071 298 1072 498 1072 297 1072 420 1073 326 1073 547 1073 547 1074 326 1074 296 1074 547 1075 296 1075 548 1075 549 1076 550 1076 484 1076 551 1077 552 1077 553 1077 553 1078 552 1078 554 1078 553 1079 554 1079 555 1079 555 1080 554 1080 556 1080 484 1081 550 1081 490 1081 490 1082 550 1082 557 1082 490 1083 557 1083 558 1083 559 1084 552 1084 501 1084 501 1085 552 1085 551 1085 501 1086 551 1086 392 1086 392 1087 551 1087 560 1087 392 1088 560 1088 391 1088 561 1089 562 1089 500 1089 563 1090 544 1090 511 1090 271 1091 270 1091 450 1091 450 1092 270 1092 545 1092 450 1093 545 1093 451 1093 451 1094 545 1094 563 1094 451 1095 563 1095 542 1095 542 1096 563 1096 511 1096 542 1097 511 1097 564 1097 500 1098 511 1098 561 1098 561 1099 511 1099 544 1099 561 1100 544 1100 565 1100 565 1101 544 1101 425 1101 565 1102 425 1102 566 1102 296 1103 297 1103 548 1103 548 1104 297 1104 498 1104 548 1105 498 1105 567 1105 567 1106 498 1106 500 1106 567 1107 500 1107 568 1107 568 1108 500 1108 562 1108 568 1109 562 1109 547 1109 547 1110 562 1110 566 1110 547 1111 566 1111 420 1111 420 1112 566 1112 425 1112 569 1113 564 1113 570 1113 570 1114 564 1114 511 1114 570 1115 511 1115 571 1115 571 1116 511 1116 572 1116 560 1117 555 1117 391 1117 391 1118 555 1118 556 1118 391 1119 556 1119 403 1119 403 1120 556 1120 559 1120 501 1121 490 1121 559 1121 559 1122 490 1122 558 1122 559 1123 558 1123 403 1123 403 1124 558 1124 549 1124 543 1125 569 1125 458 1125 458 1126 569 1126 570 1126 458 1127 570 1127 456 1127 456 1128 570 1128 571 1128 456 1129 571 1129 462 1129 462 1130 571 1130 573 1130 462 1131 573 1131 483 1131 483 1132 573 1132 574 1132 483 1133 574 1133 484 1133 484 1134 574 1134 572 1134 484 1135 572 1135 549 1135 549 1136 572 1136 511 1136 549 1137 511 1137 403 1137 529 1138 561 1138 575 1138 575 1139 576 1139 529 1139 529 1140 576 1140 577 1140 529 1141 577 1141 518 1141 518 1142 577 1142 578 1142 518 1143 578 1143 565 1143 565 1144 578 1144 579 1144 565 1145 579 1145 561 1145 561 1146 579 1146 580 1146 561 1147 580 1147 575 1147 566 1148 519 1148 565 1148 565 1149 519 1149 518 1149 562 1150 530 1150 581 1150 581 1151 582 1151 562 1151 562 1152 582 1152 583 1152 562 1153 583 1153 566 1153 566 1154 583 1154 584 1154 566 1155 584 1155 519 1155 519 1156 584 1156 585 1156 519 1157 585 1157 530 1157 530 1158 585 1158 586 1158 530 1159 586 1159 581 1159 562 1160 561 1160 530 1160 530 1161 561 1161 529 1161 523 1162 563 1162 587 1162 587 1163 588 1163 523 1163 523 1164 588 1164 589 1164 523 1165 589 1165 524 1165 524 1166 589 1166 590 1166 524 1167 590 1167 545 1167 545 1168 590 1168 591 1168 545 1169 591 1169 563 1169 563 1170 591 1170 592 1170 563 1171 592 1171 587 1171 546 1172 525 1172 545 1172 545 1173 525 1173 524 1173 544 1174 526 1174 593 1174 593 1175 594 1175 544 1175 544 1176 594 1176 595 1176 544 1177 595 1177 546 1177 546 1178 595 1178 596 1178 546 1179 596 1179 525 1179 525 1180 596 1180 597 1180 525 1181 597 1181 526 1181 526 1182 597 1182 598 1182 526 1183 598 1183 593 1183 544 1184 563 1184 526 1184 526 1185 563 1185 523 1185 522 1186 564 1186 599 1186 599 1187 600 1187 522 1187 522 1188 600 1188 601 1188 522 1189 601 1189 520 1189 520 1190 601 1190 602 1190 520 1191 602 1191 569 1191 569 1192 602 1192 603 1192 569 1193 603 1193 564 1193 564 1194 603 1194 604 1194 564 1195 604 1195 599 1195 543 1196 531 1196 569 1196 569 1197 531 1197 520 1197 542 1198 532 1198 605 1198 605 1199 606 1199 542 1199 542 1200 606 1200 607 1200 542 1201 607 1201 543 1201 543 1202 607 1202 608 1202 543 1203 608 1203 531 1203 531 1204 608 1204 609 1204 531 1205 609 1205 532 1205 532 1206 609 1206 610 1206 532 1207 610 1207 605 1207 542 1208 564 1208 532 1208 532 1209 564 1209 522 1209 534 1210 572 1210 611 1210 611 1211 612 1211 534 1211 534 1212 612 1212 613 1212 534 1213 613 1213 535 1213 535 1214 613 1214 614 1214 535 1215 614 1215 574 1215 574 1216 614 1216 615 1216 574 1217 615 1217 572 1217 572 1218 615 1218 616 1218 572 1219 616 1219 611 1219 573 1220 536 1220 574 1220 574 1221 536 1221 535 1221 571 1222 537 1222 617 1222 617 1223 618 1223 571 1223 571 1224 618 1224 619 1224 571 1225 619 1225 573 1225 573 1226 619 1226 620 1226 573 1227 620 1227 536 1227 536 1228 620 1228 621 1228 536 1229 621 1229 537 1229 537 1230 621 1230 622 1230 537 1231 622 1231 617 1231 571 1232 572 1232 537 1232 537 1233 572 1233 534 1233 623 1234 557 1234 624 1234 624 1235 557 1235 514 1235 624 1236 514 1236 625 1236 625 1237 514 1237 515 1237 625 1238 515 1238 626 1238 626 1239 515 1239 558 1239 626 1240 558 1240 623 1240 623 1241 558 1241 557 1241 550 1242 513 1242 557 1242 557 1243 513 1243 514 1243 627 1244 533 1244 628 1244 628 1245 533 1245 513 1245 628 1246 513 1246 629 1246 629 1247 513 1247 550 1247 629 1248 550 1248 630 1248 630 1249 550 1249 549 1249 630 1250 549 1250 627 1250 627 1251 549 1251 533 1251 549 1252 558 1252 533 1252 533 1253 558 1253 515 1253 631 1254 554 1254 632 1254 632 1255 554 1255 541 1255 632 1256 541 1256 633 1256 633 1257 541 1257 539 1257 633 1258 539 1258 634 1258 634 1259 539 1259 556 1259 634 1260 556 1260 631 1260 631 1261 556 1261 554 1261 552 1262 540 1262 554 1262 554 1263 540 1263 541 1263 635 1264 538 1264 636 1264 636 1265 538 1265 540 1265 636 1266 540 1266 637 1266 637 1267 540 1267 552 1267 637 1268 552 1268 638 1268 638 1269 552 1269 559 1269 638 1270 559 1270 635 1270 635 1271 559 1271 538 1271 559 1272 556 1272 538 1272 538 1273 556 1273 539 1273 631 1274 632 1274 637 1274 637 1275 632 1275 636 1275 636 1276 632 1276 635 1276 635 1277 632 1277 633 1277 633 1278 634 1278 635 1278 635 1279 634 1279 638 1279 634 1280 631 1280 638 1280 638 1281 631 1281 637 1281 628 1282 629 1282 624 1282 624 1283 629 1283 623 1283 628 1284 624 1284 627 1284 627 1284 624 1284 625 1284 630 1285 627 1285 626 1285 626 1286 627 1286 625 1286 629 1287 630 1287 623 1287 623 1288 630 1288 626 1288 618 1289 617 1289 611 1289 611 1290 617 1290 612 1290 618 1291 611 1291 616 1291 618 1292 616 1292 619 1292 619 1293 616 1293 615 1293 619 1294 615 1294 620 1294 621 1295 620 1295 614 1295 614 1296 620 1296 615 1296 621 1297 614 1297 613 1297 621 1298 613 1298 622 1298 622 1299 613 1299 612 1299 622 1300 612 1300 617 1300 527 1301 568 1301 639 1301 639 1302 640 1302 527 1302 527 1303 640 1303 641 1303 527 1304 641 1304 517 1304 517 1305 641 1305 642 1305 517 1306 642 1306 547 1306 547 1307 642 1307 643 1307 547 1308 643 1308 568 1308 568 1309 643 1309 644 1309 568 1310 644 1310 639 1310 548 1311 516 1311 547 1311 547 1312 516 1312 517 1312 567 1313 528 1313 645 1313 645 1314 646 1314 567 1314 567 1315 646 1315 647 1315 567 1316 647 1316 548 1316 548 1317 647 1317 648 1317 548 1318 648 1318 516 1318 516 1319 648 1319 649 1319 516 1320 649 1320 528 1320 528 1321 649 1321 650 1321 528 1322 650 1322 645 1322 567 1323 568 1323 528 1323 528 1324 568 1324 527 1324 606 1325 605 1325 599 1325 599 1326 605 1326 600 1326 606 1327 599 1327 604 1327 606 1328 604 1328 607 1328 607 1329 604 1329 603 1329 607 1330 603 1330 608 1330 609 1331 608 1331 602 1331 602 1332 608 1332 603 1332 609 1333 602 1333 601 1333 609 1334 601 1334 610 1334 610 1335 601 1335 600 1335 610 1336 600 1336 605 1336 594 1337 593 1337 587 1337 587 1338 593 1338 588 1338 594 1339 587 1339 592 1339 594 1340 592 1340 595 1340 595 1341 592 1341 591 1341 595 1342 591 1342 596 1342 597 1343 596 1343 590 1343 590 1344 596 1344 591 1344 597 1345 590 1345 589 1345 597 1346 589 1346 598 1346 598 1347 589 1347 588 1347 598 1348 588 1348 593 1348 582 1349 581 1349 575 1349 575 1350 581 1350 576 1350 582 1351 575 1351 580 1351 582 1352 580 1352 583 1352 583 1353 580 1353 579 1353 583 1354 579 1354 584 1354 585 1355 584 1355 578 1355 578 1356 584 1356 579 1356 585 1357 578 1357 577 1357 585 1358 577 1358 586 1358 586 1359 577 1359 576 1359 586 1360 576 1360 581 1360 646 1361 645 1361 639 1361 639 1362 645 1362 640 1362 646 1363 639 1363 644 1363 646 1364 644 1364 647 1364 647 1365 644 1365 643 1365 647 1366 643 1366 648 1366 649 1367 648 1367 642 1367 642 1368 648 1368 643 1368 649 1369 642 1369 641 1369 649 1370 641 1370 650 1370 650 1371 641 1371 640 1371 650 1372 640 1372 645 1372 551 1373 553 1373 5 1373 5 1374 553 1374 8 1374 6 1375 560 1375 5 1375 5 1376 560 1376 551 1376 555 1377 560 1377 10 1377 10 1378 560 1378 6 1378 553 1379 555 1379 8 1379 8 1380 555 1380 10 1380</p>
        </triangles>
      </mesh>
    </geometry>
  </library_geometries>
  <library_visual_scenes>
    <visual_scene id="Scene" name="Scene">
      <node id="Left_aileron" name="Left_aileron" type="NODE">
        <matrix sid="transform">1 0 0 0 0 1 0 0 0 0 1 0 0 0 0 1</matrix>
        <instance_geometry url="#Left_aileron-mesh" name="Left_aileron">
          <bind_material>
            <technique_common>
              <instance_material symbol="Material_001-material" target="#Material_001-material"/>
            </technique_common>
          </bind_material>
        </instance_geometry>
      </node>
    </visual_scene>
  </library_visual_scenes>
  <scene>
    <instance_visual_scene url="#Scene"/>
  </scene>
</COLLADA>