<?xml version="1.0" encoding="utf-8"?>
<COLLADA xmlns="http://www.collada.org/2005/11/COLLADASchema" version="1.4.1" xmlns:xsi="http://www.w3.org/2001/XMLSchema-instance">
  <asset>
    <contributor>
      <author>Blender User</author>
      <authoring_tool>Blender 3.6.23 commit date:2025-06-16, commit time:11:52, hash:e467db79ca8c</authoring_tool>
    </contributor>
    <created>2026-08-14T16:37:35</created>
    <modified>2026-08-14T16:37:35</modified>
    <unit name="meter" meter="1"/>
    <up_axis>Z_UP</up_axis>
  </asset>
  <library_effects>
    <effect id="Material_001-effect">
      <profile_COMMON>
        <technique sid="common">
          <lambert>
            <emission>
              <color sid="emission">0 0 0 1</color>
            </emission>
            <diffuse>
              <color sid="diffuse">0.07035735 0.07035735 0.07035735 1</color>
            </diffuse>
            <index_of_refraction>
              <float sid="ior">1.45</float>
            </index_of_refraction>
          </lambert>
        </technique>
      </profile_COMMON>
    </effect>
  </library_effects>
  <library_images/>
  <library_materials>
    <material id="Material_001-material" name="Material.001">
      <instance_effect url="#Material_001-effect"/>
    </material>
  </library_materials>
  <library_geometries>
    <geometry id="F_prop-mesh" name="F_prop">
      <mesh>
        <source id="F_prop-mesh-positions">
          <float_array id="F_prop-mesh-positions-array" count="5343">-0.001131355 0.00654608 0.005421996 -10e-4 0.006189942 0.005825281 -10e-4 0.007352292 0.004265308 -0.008999943 -0.005987703 -0.006032943 -0.008999943 -0.004376232 -0.007286846 -0.007025122 -0.005302429 -0.006643354 -0.008604168 -0.008223831 -0.002149045 -0.008999943 -0.008465886 -7.60739e-4 -0.008999943 -0.008071184 -0.002665638 -0.008999943 0.008173108 -0.002334356 -0.008880138 0.008093357 -0.002597451 -0.008999943 0.007568478 -0.003868758 -0.008087337 0.007618188 -0.003769993 -0.008999943 0.006678938 -0.005257427 -0.007748067 0.007428646 -0.004130899 -0.00640738 0.006754815 -0.005159676 -0.005931138 0.006712496 -0.005214571 -0.005787312 0.006728529 -0.005193829 -10e-4 0.006678938 -0.005257427 -0.00630927 0.006709456 -0.005218505 -0.005651831 0.006759405 -0.005153596 -0.005177497 0.006948888 -0.00489515 -0.004990518 0.007038176 -0.004765808 -0.007079243 -0.005619347 -0.006377518 -0.007479906 -0.006752729 -0.005162358 -0.008999943 -0.007253706 -0.004430949 -0.007749557 -0.007232844 -0.004464924 -0.008379578 -0.00802195 -0.002810299 -10e-4 -0.004308819 -0.0073269 -0.001039743 -0.004209041 -0.007384657 -10e-4 -0.002474784 -0.008131742 -0.001675188 -0.003106892 -0.007911801 -10e-4 -5.03331e-4 -0.008485078 -0.002059698 -0.002624094 -0.008084774 -0.003277838 -0.001450955 -0.008375227 -0.003633856 -0.001238405 -0.008409261 -0.003803849 -0.001196742 -0.008415281 -0.004016757 -0.001215636 -0.008412599 -0.004072606 -0.001236975 -0.0084095 -0.008999943 -5.03331e-4 -0.008485078 -0.004125177 -0.001264691 -0.008405327 -0.004182219 -0.001304209 -0.008399307 -0.003893196 -0.001193821 -0.008415699 -0.003937482 -0.001197993 -0.008415102 -0.003959476 -0.00120151 -0.008414626 -0.003981471 -0.001206099 -0.00841397 -0.003991127 -0.001208424 -0.008413612 -0.004000127 -0.001210808 -0.008413314 -0.005556643 -0.002572774 -0.008101224 -0.005778849 -0.002822279 -0.008017718 -0.008999943 -0.002512276 -0.008120238 -0.006567478 -0.003934025 -0.007534742 -0.006710112 -0.004217326 -0.007379949 -10e-4 0.008486866 4.71664e-4 -0.002399265 0.008422732 0.001143217 -10e-4 0.008129537 0.002481937 -0.001932501 0.007991075 0.002896964 -0.001630842 0.007561624 0.003882169 -0.003880381 0.007636785 -0.003732144 -0.003605067 0.007802248 -0.003372609 -10e-4 0.00774002 -0.003512978 -0.003014862 0.008206427 -0.00221455 -10e-4 0.008354485 -0.001565814 -0.002850115 0.008357167 -0.001551389 -0.002644836 0.008499979 -2.74036e-6 -0.008999943 0.005232512 -0.006698548 -10e-4 0.005232512 -0.006698548 -0.008999943 0.00348407 -0.007753074 -10e-4 0.00348407 -0.007753074 -0.008999943 0.00153464 -0.008360266 -10e-4 0.00153464 -0.008360266 -0.001131355 -0.00654608 -0.005421996 -10e-4 -0.006189942 -0.005825281 -10e-4 -0.007352292 -0.004265308 -0.008999943 0.005987703 0.006032943 -0.008999943 0.004376232 0.007286846 -0.007025122 0.005302429 0.006643354 -0.008604168 0.008223831 0.002149045 -0.008999943 0.008465886 7.60739e-4 -0.008999943 0.008071184 0.002665638 -0.008999943 -0.008173108 0.002334356 -0.008880138 -0.008093357 0.002597451 -0.008999943 -0.007568478 0.003868758 -0.008087337 -0.007618188 0.003769993 -0.008999943 -0.006678938 0.005257427 -0.007748067 -0.007428646 0.004130899 -0.00640738 -0.006754815 0.005159676 -0.005931138 -0.006712496 0.005214571 -0.005787312 -0.006728529 0.005193829 -10e-4 -0.006678938 0.005257427 -0.00630927 -0.006709456 0.005218505 -0.005651831 -0.006759405 0.005153596 -0.005177497 -0.006948888 0.00489515 -0.004990518 -0.007038176 0.004765808 -0.007079243 0.005619347 0.006377518 -0.007479906 0.006752729 0.005162358 -0.008999943 0.007253706 0.004430949 -0.007749557 0.007232844 0.004464924 -0.008379578 0.00802195 0.002810299 -0.003488361 0.001306533 0.00839895 -0.003727793 0.001209914 0.008413434 -10e-4 5.03331e-4 0.008485078 -0.003277838 0.001450955 0.008375227 -10e-4 0.004308819 0.0073269 -0.001039743 0.004209041 0.007384657 -10e-4 0.002474784 0.008131742 -0.001675188 0.003106892 0.007911801 -0.002059698 0.002624094 0.008084774 -0.004027605 0.001219213 0.008412063 -0.004182219 0.001304209 0.008399307 -0.008999943 5.03331e-4 0.008485078 -0.004009485 0.001213431 0.008412897 -0.003878235 0.001193284 0.008415758 -0.003926455 0.001196563 0.008415341 -0.003973662 0.001204311 0.008414208 -0.003986954 0.001207351 0.008413791 -0.003994047 0.001209139 0.008413553 -0.004001498 0.001211166 0.008413255 -0.005556643 0.002572774 0.008101224 -0.005778849 0.002822279 0.008017718 -0.008999943 0.002512276 0.008120238 -0.006567478 0.003934025 0.007534742 -0.006710112 0.004217326 0.007379949 -10e-4 -0.008486866 -4.71664e-4 -0.002399265 -0.008422732 -0.001143217 -10e-4 -0.008129537 -0.002481937 -0.001932501 -0.007991075 -0.002896964 -0.001630842 -0.007561624 -0.003882169 -0.003880381 -0.007636785 0.003732144 -0.003605067 -0.007802248 0.003372609 -10e-4 -0.00774002 0.003512978 -0.003014862 -0.008206427 0.00221455 -10e-4 -0.008354485 0.001565814 -0.002850115 -0.008357167 0.001551389 -0.002644836 -0.008499979 2.74036e-6 -0.008999943 -0.005232512 0.006698548 -10e-4 -0.005232512 0.006698548 -0.008999943 -0.00348407 0.007753074 -10e-4 -0.00348407 0.007753074 -0.008999943 -0.00153464 0.008360266 -10e-4 -0.00153464 0.008360266 -0.00999999 0.005283296 0.005323171 -0.00999999 0.006400287 0.003909647 -0.00999999 0.001935958 0.002291679 -0.00999999 0.002822458 0.001016676 -0.00999999 -0.007508218 3.70151e-4 -0.00999999 -0.007211565 0.002059757 -0.00999999 -0.002952635 5.30733e-4 -0.00999999 -0.006678104 0.003413558 -0.00999999 -0.002291679 0.001935958 -0.00999999 5.30733e-4 0.002952635 -0.00999999 -0.001016676 0.002822458 -0.00999999 -0.001354098 0.00737673 -0.00999999 -0.00589317 0.00463891 -0.00999999 -0.004616916 0.005910456 -0.00999999 -0.003074169 0.006840944 -0.00999999 -0.005283296 -0.005323171 -0.00999999 -0.006400287 -0.003909647 -0.00999999 -0.001935958 -0.002291679 -0.00999999 -0.002822458 -0.001016676 -0.00999999 4.44116e-4 0.00748682 -0.00999999 0.002216696 0.007164895 -0.00999999 0.003861367 0.006429553 -0.00999999 -0.007121622 -0.002352058 -0.00999999 -0.007469892 -6.7124e-4 -0.00999999 -0.007508993 6.47355e-5 -0.00999999 -0.003861367 -0.006429553 -0.00999999 -5.30733e-4 -0.002952635 -0.00999999 -0.002216696 -0.007164895 -0.00999999 0.001016676 -0.002822458 -0.00999999 0.001354098 -0.00737673 -0.00999999 -4.44116e-4 -0.00748682 -0.00999999 0.002291679 -0.001935958 -0.00999999 0.004616916 -0.005910456 -0.00999999 0.003074169 -0.006840944 -0.00999999 0.007508218 -3.70151e-4 -0.00999999 0.007211565 -0.002059757 -0.00999999 0.002952635 -5.30733e-4 -0.00999999 0.006678104 -0.003413558 -0.00999999 0.00589317 -0.00463891 -0.00999999 0.007121622 0.002352058 -0.00999999 0.007469892 6.7124e-4 -0.00999999 0.007508993 -6.47355e-5 0 0.002822458 0.001016676 0 0.002952635 -5.30733e-4 0 0.007488429 4.16174e-4 0 0.002291679 -0.001935958 0 0.00682944 -0.003099679 0 0.007371604 -0.001381635 0 -0.002822458 -0.001016676 0 -0.002952635 5.30733e-4 0 -0.007488429 -4.16174e-4 0 -0.002291679 0.001935958 0 -0.00682944 0.003099679 0 -0.007371604 0.001381635 0 -0.001016676 0.002822458 0 -0.004616916 0.005910456 0 -0.00589317 0.00463891 0 0.002183616 0.007175028 0 4.44116e-4 0.00748682 0 5.30733e-4 0.002952635 0 -0.001354098 0.00737673 0 -0.003074169 0.006840944 0 0.001016676 -0.002822458 0 0.004616916 -0.005910456 0 0.00589317 -0.00463891 0 0.003801882 0.006464898 0 0.001935958 0.002291679 0 0.005278944 0.005329132 0 0.00717312 0.002189934 0 0.006487309 0.003763556 0 0.005461692 0.005139946 0 -0.002183616 -0.007175028 0 -4.44116e-4 -0.00748682 0 -5.30733e-4 -0.002952635 0 0.001354098 -0.00737673 0 0.003074169 -0.006840944 0 -0.003801882 -0.006464898 0 -0.001935958 -0.002291679 0 -0.005248486 -0.005359768 0 -0.00717312 -0.002189934 0 -0.006487309 -0.003763556 0 -0.005461692 -0.005139946 -0.007888793 0.01468467 -0.001415371 -0.007488667 0.01290512 -0.002162396 -0.007754385 0.01278358 -0.001824557 -0.007074177 0.01114302 -0.002963721 -0.00563544 0.1162362 0.03729122 -0.005668163 0.1155884 0.03685259 -0.005706965 0.1162129 0.03730815 -0.005788922 0.1145353 0.03624916 -0.005995571 0.1068021 0.03191548 -0.006535232 0.09391713 0.02499711 -0.006538867 0.09383809 0.0249558 -0.006060361 0.1076622 0.03243482 -0.0063771 0.00827521 -0.004342555 -0.006143152 0.007321536 -0.004807233 -0.007115364 0.008028566 -0.0038926 -0.008249044 0.009569466 -4.26312e-4 -0.008222162 0.009569585 -2.91123e-4 -0.008104205 0.01174801 0.0010432 -0.005095005 0.002976596 0.008173048 -0.003874778 0.001662254 0.008458137 -0.001995086 0.008744895 0.01068955 -0.004378378 0.1104896 0.04516893 -0.004992187 0.1118838 0.0436052 -0.004949569 0.104302 0.04176253 -0.005106568 0.1195924 0.04274058 -0.005538165 0.1163858 0.04232543 -0.005084276 0.1194894 0.04302626 -0.004974663 0.1187801 0.04362887 -0.005053818 0.1194421 0.04315787 -0.004540622 0.1142681 0.04545503 -0.004683077 0.1161164 0.04504615 -0.005004823 0.1157276 0.04415339 -0.004777133 0.1170588 0.04464203 -0.00500518 0.1175724 0.04391068 -0.004469513 0.1129055 0.04546052 -0.004999816 0.1138108 0.0439949 -0.004118144 0.1031132 0.04397243 -0.00479114 0.08916133 0.03793883 -0.003511309 0.08848941 0.04140889 -0.002786159 0.07411026 0.0384792 -0.004509806 0.07408004 0.03386235 -0.002655923 0.0717988 0.03795832 -0.001911342 0.05986058 0.03499853 -0.004064321 0.05909162 0.02944135 -0.001665294 0.05632829 0.0340228 -1.32711e-4 0.03733539 0.02761059 -6.18029e-4 0.04307889 0.02984362 -0.003398895 0.0442506 0.02455484 -8.25181e-4 0.04550063 0.0306766 -0.001601874 0.05544757 0.03377127 2.87066e-4 0.0233215 0.01917606 3.49663e-4 0.02734714 0.022089 -9.65089e-4 0.02235925 0.01671463 -9.1219e-4 0.0289731 0.02100813 -0.002739667 0.02989095 0.01846015 -0.001024365 0.01303213 0.0123496 -9.33552e-4 0.01350653 0.01255923 -0.001844048 0.0158444 0.01235204 -4.39922e-4 0.01683902 0.01421654 -0.001253426 0.01916241 0.01438319 -3.93068e-4 0.01725125 0.01445537 -7.34759e-5 0.01963353 0.0161845 -0.00459659 0.008946239 0.008793175 -0.005960285 0.004645287 0.007590115 -0.00381112 0.008699417 0.009487807 -0.005872905 0.004362523 0.007702589 -0.005280375 0.003233432 0.008097708 -0.006165623 0.006122291 0.006753146 -0.006111741 0.005743384 0.007061183 -0.006106853 0.005697727 0.007096648 -0.00812149 0.00955379 1.95613e-4 -0.007641673 0.009225249 0.002132713 -0.006807208 0.01044994 0.004644751 -0.007424652 0.008985221 0.00284475 -0.00739479 0.0082497 -0.003542482 -0.008010029 0.008843123 -0.002453744 -0.007908523 0.008954584 -0.002587795 -0.005319118 0.1188548 0.04045653 -0.005469262 0.118064 0.03908795 -0.00557363 0.1177077 0.0386573 -0.005514562 0.1177231 0.03864443 -0.005669832 0.1176539 0.03880661 -0.005616366 0.1176923 0.03869992 -0.005079448 0.1196404 0.04260724 -0.005318462 0.1188575 0.04046225 -0.005078077 0.1196409 0.04260581 -0.005066573 0.1196433 0.04259926 -0.005758345 0.1161941 0.03736066 -0.005823254 0.1161477 0.03749102 -0.005501925 0.1186407 0.04097974 -0.005458474 0.1187568 0.04069691 -0.005800306 0.1174028 0.03950315 -0.005735218 0.1175717 0.03903466 -0.006086528 0.1141259 0.03738254 -0.006002426 0.1143525 0.03675532 -0.006420671 0.107142 0.03387844 -0.005091786 0.1196308 0.04263406 -0.005088031 0.1196352 0.04262185 -0.008214831 0.06339752 0.01748782 -0.006542861 0.06120091 0.02358579 -0.007648706 0.07790595 0.0232414 -0.006444573 0.07595944 0.02864497 -0.007041692 0.09228575 0.02926528 -0.006218492 0.09069925 0.03366941 -0.006411731 0.1065629 0.03548604 -0.005901098 0.1054165 0.03866827 -0.006093621 0.1136686 0.03864866 -0.005717575 0.1127631 0.04115986 -0.005810201 0.1170619 0.04044902 -0.005126833 0.009238481 0.007987022 -0.003338873 0.01637905 0.01086699 -0.006003737 0.009836912 0.006339788 -0.005999684 0.01752889 0.007678985 1.96246e-4 0.03220021 0.02505028 1.91693e-5 0.035209 0.02661889 -0.00300765 0.03696036 0.02175718 -0.006319284 0.03907918 0.01587522 -0.006460428 0.04643934 0.01847875 -0.00681591 0.008046209 0.004633963 -0.00655359 0.00747174 0.005400598 -0.005962371 0.02460336 0.01048487 -0.002874255 0.01977342 0.01268714 -0.002612352 0.0161072 0.01162075 -0.002725362 0.01233726 0.01076364 -0.006650567 0.009392261 -0.003799259 -0.007351338 0.009190917 -0.003240287 -0.007640063 0.0109182 -0.002339601 -0.008177697 0.01238864 -7.3157e-4 -0.007925987 0.01265662 -0.001472592 -0.008137166 0.009011089 -0.002093791 -0.008278608 0.009295046 -0.001405 -0.008255779 0.01224255 -3.28161e-4 -0.008282363 0.0120849 1.08051e-4 -0.00833708 0.01557105 0.001797616 -0.008037626 0.01524209 0.0027107 -0.008082449 0.01881355 0.004112958 -0.01017677 0.03567862 0.002393126 -0.009973704 0.02793425 0.001238226 -0.009974539 0.02781742 0.001562416 -0.00959748 0.0239588 0.001067817 -0.009593844 0.0238561 0.001352906 -0.009047806 0.0201044 5.30958e-4 -0.009061038 0.02001589 7.766e-4 -0.008385777 0.01641613 -5.44137e-4 -0.008439123 0.01634103 -3.35604e-4 -0.008102953 0.01455062 -0.001042962 -0.009309828 0.02257293 6.84581e-4 -0.009931921 0.02799057 0.001081764 -0.009913682 0.02956461 0.001035511 -0.01008915 0.03588181 0.001829147 -0.009956419 0.03593415 0.00168389 -0.00993663 0.04307001 0.004796385 -0.01010984 0.03540325 0.003157675 -0.009877204 0.02758616 0.002204537 -0.009499132 0.02365314 0.001916408 -0.009011745 0.01984053 0.00126338 -0.00848335 0.0161907 8.13843e-5 -0.008468031 0.01588743 9.21481e-4 -0.008795797 0.01949548 0.002220571 -0.009177148 0.02325695 0.003016233 -0.009821891 0.04358589 0.003364264 -0.009826421 0.04028499 0.002449393 -0.009951829 0.0362001 0.00172317 -0.009379804 0.04992401 0.008805036 -0.009696602 0.0424779 0.006440162 -0.009796261 0.03486078 0.004663527 -0.009533226 0.02713358 0.003460824 -0.007231831 0.07988631 0.01792639 -0.007397592 0.07980215 0.01797741 -0.008084535 0.06560051 0.01137226 -0.008263349 0.06556427 0.01147288 -0.008430421 0.0605002 0.009223759 -0.009308695 0.05104273 0.005699515 -0.009232938 0.04980176 0.00511372 -0.009647071 0.04387354 0.003284394 -0.01015037 0.03581643 0.002010703 -0.009901702 0.04351681 0.003556013 -0.00940591 0.05097544 0.005886256 -0.008375585 0.06550532 0.01163643 -0.007506728 0.07975304 0.01811367 -0.006767392 0.09377902 0.02511978 -0.006130814 0.1076354 0.03250896 -0.009957253 0.04336875 0.003967046 -0.009491801 0.05082756 0.006296873 -0.008495688 0.06537002 0.012012 -0.007633507 0.07963687 0.01843613 -0.006881594 0.09368652 0.02537667 -0.006218671 0.1075696 0.03269153 -0.009524643 0.05052584 0.007134318 -0.008599221 0.06508928 0.01279145 -0.007764995 0.07939285 0.0191136 -0.007010579 0.09349042 0.0259211 -0.006323158 0.1074295 0.03308075 -0.008597314 0.06452327 0.01436269 -0.007840096 0.07889729 0.02048933 -0.007114648 0.09309005 0.02703255 -0.005916357 0.1144629 0.03644979 -0.005845189 0.1145145 0.03630691 -0.007720708 0.04757302 0.01533156 -0.006150543 0.0317831 0.01320737 -0.002708137 0.02308636 0.01469624 -0.008267104 0.01647567 -7.47006e-4 -0.008709728 0.04873663 0.01210141 -0.00885725 0.04131549 0.009667098 -0.007614254 0.03277498 0.01045382 -0.008285045 0.02249282 0.005137562 -0.008567214 0.02625674 0.005895018 -0.008842289 0.03380244 0.007601678 -0.008039355 0.008879005 -0.002379119 -0.001282513 0.04345506 0.02741777 -0.00219053 0.04462105 0.02418094 -0.002855598 0.05938833 0.02914088 -0.001922428 0.00551027 0.008001208 -0.001812756 0.0056656 0.00756669 -0.001862645 0.009376347 0.008617758 -0.009493172 0.04001969 0.002528607 -0.009299755 0.0438227 0.003425598 -0.009150564 0.04376769 0.003578245 -0.005323648 0.1183034 0.03958624 -0.005391836 0.1176848 0.03875064 -0.005425274 0.1177026 0.03870117 -0.005095899 0.1186643 0.04092603 -0.005156278 0.1174443 0.03941732 -0.005295693 0.1176068 0.03896695 -0.002691328 0.07412195 0.03845024 -0.00256133 0.07181096 0.03792887 -0.003006339 0.07332575 0.03634804 -3.15779e-4 0.0172767 0.01439779 -3.62877e-4 0.01686316 0.01415818 -0.001272916 0.01620173 0.01226484 -0.003750801 0.008957207 -0.001529276 -0.003832936 0.008727192 -0.002110421 -0.005147695 0.01261949 -4.37769e-4 -0.005886495 0.1077045 0.03244733 -0.006432116 0.09390282 0.02503687 -0.005351424 0.1183189 0.03954589 -0.005652368 0.1145567 0.03625482 -0.00709933 0.07993412 0.01800286 -0.007924318 0.06574702 0.01148879 -0.008953332 0.05128306 0.005686759 -0.009483397 0.04386258 0.003314793 -0.0097965 0.03619617 0.001734137 -0.0098266 0.03228658 0.001245856 -0.006079614 0.007062137 -0.004933178 -0.006145775 0.007059276 -0.004934489 -0.006125032 0.007178723 -0.004876434 -0.005980074 0.007060706 -0.004932165 -0.007468163 0.01321715 -0.002059817 -0.006737768 0.01310843 -0.001769006 -0.005522906 0.007288992 -0.004663109 -0.007204353 0.01319885 -0.002012014 -0.005868554 0.00709182 -0.004900395 -0.007332563 0.01321488 -0.00205475 -0.00591582 0.00706768 -0.004922389 -0.004225969 0.008221149 -0.003164827 -0.004437983 0.008033454 -0.003509938 -0.005886137 0.01288688 -0.001169979 -0.005366325 0.007384002 -0.004535138 -0.002894043 0.008716225 0.00340873 -0.003346204 0.009138226 0.001443147 -0.004661262 0.01230913 4.27563e-4 -0.003582239 0.00918734 1.50386e-4 -0.003740131 0.009060561 -0.001235365 -0.002106845 0.007189869 0.006240129 -0.002597153 0.008268415 0.004519939 -0.003303349 0.01102346 0.004023432 -0.001866459 0.00645703 0.007068037 -0.00210005 0.009705781 0.007699191 -0.001859486 0.00642699 0.007088005 -0.001802146 0.005948305 0.007377207 -0.001920878 0.004955112 0.007823109 -0.001955568 0.004826009 0.007870674 -0.002096891 0.005375981 0.008377075 -0.002420306 0.003715455 0.008221447 -9.48713e-4 0.01304388 0.01228851 -0.001108884 0.0122531 0.01195359 -0.001585304 0.01271408 0.01067829 -0.001920998 0.008742094 0.01064413 -0.001853704 0.00908637 0.009428143 -0.002414345 0.006826698 0.0100243 -8.57805e-4 0.01351982 0.0124979 -5.11017e-4 0.02928173 0.02092909 4.33965e-4 0.02737742 0.02204489 -5.89679e-4 0.02268052 0.01665359 3.6847e-4 0.02335411 0.01912838 5.16966e-6 0.01966565 0.01613223 -4.37737e-5 0.03735929 0.02757197 -7.93778e-4 0.03622049 0.02452981 2.83168e-4 0.03222727 0.02500927 4.15992e-4 0.02859324 0.0228402 -0.002237021 0.05827993 0.03221791 -0.00157231 0.05634427 0.03399002 -0.00150907 0.05546379 0.03373825 -7.34107e-4 0.04552036 0.03064072 -5.27501e-4 0.04309964 0.02980697 -0.001817941 0.05987548 0.03496658 -0.003415524 0.08849877 0.04138255 -0.003632724 0.08852022 0.03997933 -0.004021525 0.1031208 0.04394888 -0.004286289 0.1043891 0.04165071 -0.004466593 0.1119385 0.04351836 -0.004281461 0.1104963 0.04514694 -0.004522264 0.1138572 0.04391521 -0.004372477 0.1129112 0.04543888 -0.004443585 0.1142723 0.04543346 -0.004611849 0.1157624 0.04408627 -0.004586338 0.1161176 0.04502463 -0.004680633 0.1170588 0.04462087 -0.004756629 0.1175916 0.04386752 -0.00487852 0.1187791 0.04361015 -0.004714012 0.1164394 0.04220557 -0.004958093 0.1194505 0.04313439 -0.00737977 0.05038702 0.00817418 -0.006599545 0.06488198 0.01389014 -0.005555272 0.06381124 0.01686263 -0.006030321 0.07916164 0.0201472 -0.005238473 0.07821112 0.02278602 -0.005620896 0.0932694 0.02679526 -0.005051612 0.09249341 0.02894949 -0.005333006 0.1072443 0.03372478 -0.004962027 0.1066825 0.03528386 -0.004945993 0.1137474 0.03849488 -0.005225837 0.114192 0.03726422 -0.004951715 0.1171128 0.04033678 -0.00541532 0.1144097 0.03666168 -0.005526542 0.1162117 0.03736054 -0.005482673 0.1169933 0.0379796 -0.005444943 0.1169735 0.03803563 -0.005182445 0.118777 0.04065477 -0.005049049 0.1196373 0.04261589 -0.005050539 0.1196382 0.04261344 -0.005180656 0.119288 0.04151183 -0.005060374 0.1196421 0.04260259 -0.005035758 0.1196258 0.04264777 -0.005015432 0.1196008 0.04271727 -0.004087626 0.01819306 0.006732225 -0.0040524 0.02526152 0.009488582 -0.006213605 0.01948267 0.003147661 -0.007399439 0.01321929 -0.002066254 -0.008191764 0.01675331 -7.07743e-4 -0.008176028 0.01680541 -6.91805e-4 -0.007939457 0.02386671 0.002182066 -0.007496595 0.02008509 0.001476347 -0.00823307 0.02036035 7.15018e-4 -0.007988393 0.01678287 -6.30702e-4 -0.00811088 0.01680082 -6.79467e-4 -0.006636261 0.02693706 0.004836916 -0.006554663 0.02318191 0.004083216 -0.006824374 0.01979035 0.00229299 -0.008840203 0.02050775 3.07482e-4 -0.008854031 0.02057117 3.19914e-4 -0.009346604 0.0243712 7.81123e-4 -0.009275615 0.02436161 8.07898e-4 -0.009567975 0.02832162 9.93472e-4 -0.009147524 0.02433341 8.86177e-4 -0.009430289 0.02828574 0.001093089 -0.008957028 0.028113 0.001572549 -0.009421527 0.02437198 7.79009e-4 -0.009728074 0.02834129 9.3895e-4 -0.009645104 0.02833563 9.54601e-4 -0.009737133 0.03227728 0.001271665 -0.00965619 0.03225988 0.001320064 -0.009619414 0.03616362 0.001824498 -0.009471714 0.03611576 0.001957356 -0.008774101 0.02050161 3.24401e-4 -0.008652269 0.02047991 3.84356e-4 -0.008708417 0.02418923 0.001286447 -0.008127212 0.02773451 0.0026232 -0.008105695 0.0354259 0.003872334 -0.006567358 0.03444576 0.006593346 -0.00634551 0.04190701 0.008743643 -0.006046354 0.04926937 0.01127684 -0.007815301 0.04299497 0.005723297 -0.008971571 0.03589642 0.002566277 -0.009384274 0.0438466 0.003359138 -0.009577274 0.04004216 0.002466261 -0.00970292 0.03618383 0.00176841 -0.005485653 0.1161901 0.03742104 -0.005545377 0.1145142 0.03637254 -0.005590498 0.1145381 0.03630638 -0.005749762 0.1076509 0.03259599 -0.005807399 0.1076811 0.0325123 -0.006236851 0.09382992 0.02523916 -0.006319761 0.09387117 0.0251246 -0.006851792 0.07984608 0.01824724 -0.006958127 0.07989609 0.0181083 -0.007632076 0.06564968 0.01175898 -0.007759332 0.06570529 0.01160454 -0.008627355 0.05118387 0.005962193 -0.008771836 0.05124104 0.005803525 -0.005580961 0.1075192 0.03296172 -0.005991101 0.09364855 0.0257427 -0.00652939 0.07962507 0.01886075 -0.007234871 0.06540244 0.01244527 -0.008159101 0.05092811 0.006672084 -0.004986464 0.1195495 0.04285961 -0.008656322 0.04352033 0.00426495 -0.004615366 0.1128447 0.0409981 -0.00450927 0.1055399 0.03845572 -0.004309415 0.09091156 0.03334087 -0.004134178 0.07626837 0.02817916 -0.003994941 0.06161504 0.02295941 -0.003908276 0.04696577 0.01767194 -0.003906011 0.03965705 0.01498961 -0.003947615 0.03240686 0.01225358 -0.002200901 0.01685827 0.01044076 -0.001767694 0.02353584 0.01427912 -8.99195e-4 0.01949334 0.01432222 -0.00183928 0.009224653 0.009041786 -0.001977264 0.007237911 0.008886337 -0.002517223 0.005153596 0.008995532 -0.00272274 0.00322014 0.008344709 -0.003741979 0.001996994 0.008558213 -0.002912342 0.004985332 0.009460866 -0.001862108 0.03736138 0.0213626 -0.001684725 0.03031849 0.0180509 -0.003411769 0.07430422 0.03363186 -0.003882646 0.08931559 0.03777128 -0.004985809 0.1194215 0.04321497 -0.004994094 0.1194202 0.04321843 -0.004920065 0.1188021 0.0436517 -0.005017578 0.1194216 0.04321461 -0.00502783 0.1194245 0.04320675 -0.004961967 0.1187916 0.04364365 -0.00503844 0.1194291 0.04319381 -0.005004167 0.11942 0.04321908 -0.004942476 0.1187995 0.04365181 -0.005013763 0.119421 0.04321652 -0.00496608 0.1194305 0.04319 -0.004976212 0.1194244 0.04320681 -0.004899263 0.118799 0.04364341 -0.004960775 0.1194367 0.04317283 -0.003790915 0.001842916 0.008513689 -0.001924157 0.008737206 0.01066058 -0.001932919 0.008734226 0.01067548 -0.003798902 0.001818418 0.008506596 -0.003826439 0.001736402 0.008482635 -0.001946151 0.00873357 0.01068687 -0.003847777 0.001676797 0.008464992 -0.00385499 0.001658141 0.008459389 -0.001962244 0.008735358 0.01069343 -0.003868043 0.00162822 0.008450269 -0.001979231 0.008739292 0.01069438 -0.003874838 0.001618862 0.00844717 -0.003872454 0.001620531 0.008447825 -0.003875792 0.001617133 0.008446574 -0.003878116 0.001618802 0.008446753 -0.004764318 0.1170685 0.04465901 -0.004670262 0.1161243 0.0450645 -0.004527747 0.1142706 0.04547548 -0.00445652 0.1129048 0.0454812 -0.004365324 0.1104869 0.04518944 -0.004104733 0.1031104 0.04399287 -0.003497362 0.08848625 0.04142916 -0.002771556 0.07410663 0.03849905 -0.00264126 0.0717951 0.03797811 -0.001895964 0.05985647 0.03501778 -0.001649677 0.05632406 0.03404188 -0.001586258 0.05544322 0.03379023 -8.08699e-4 0.04549592 0.03069478 -6.01307e-4 0.04307395 0.02986162 -1.15274e-4 0.03732931 0.02762746 2.1451e-4 0.03219264 0.0250656 2.88281e-4 0.03221559 0.02503079 -3.97634e-5 0.03734958 0.02759468 -5.2447e-4 0.04309159 0.02983045 -7.3141e-4 0.04551267 0.03066438 -0.00150752 0.05545699 0.03376221 -0.00157082 0.05633759 0.03401404 -0.001816749 0.05986911 0.03499066 -0.002561092 0.07180541 0.03795319 -0.002691268 0.07411652 0.03847455 -0.003416419 0.08849412 0.04140692 -0.004023492 0.1031167 0.04397308 -0.004283964 0.1104925 0.04517102 -0.004375278 0.1129096 0.04546308 -0.004446804 0.1142742 0.04545742 -0.004590332 0.1161253 0.04504674 -0.004685163 0.1170685 0.04464167 -0.004884421 0.1187908 0.04362851 3.68816e-4 0.02733838 0.02210235 3.06994e-4 0.02331197 0.01918745 -5.31432e-5 0.01962274 0.01619356 -3.72401e-4 0.01724278 0.01446557 -4.19236e-4 0.01683086 0.01422673 -9.13525e-4 0.01349902 0.01256757 -0.001004576 0.01302474 0.01235759 -0.004744052 0.1170754 0.04466849 -0.004649698 0.1161301 0.04507493 -0.004506766 0.114273 0.04548734 -0.00443536 0.112905 0.04549324 -0.004343986 0.1104857 0.04520142 -0.004083156 0.1031093 0.04400467 -0.003475308 0.08848518 0.04144042 -0.002749085 0.07410556 0.03850972 -0.00261867 0.07179397 0.0379886 -0.001873016 0.05985534 0.03502756 -0.00162661 0.05632299 0.03405141 -0.001563131 0.05544215 0.0337997 -7.85221e-4 0.04549497 0.03070336 -5.7772e-4 0.04307311 0.02986991 -9.13615e-5 0.03732794 0.02763473 2.38749e-4 0.03219062 0.02507138 3.93318e-4 0.02733588 0.0221064 3.31615e-4 0.02330917 0.01918965 -2.86839e-5 0.01961904 0.01619356 -3.48013e-4 0.01723992 0.01446574 -3.94929e-4 0.016828 0.01422685 -8.90902e-4 0.01349526 0.01256644 -9.82356e-4 0.01302087 0.01235634 -0.004720807 0.1170778 0.04466837 -0.004626035 0.1161323 0.04507505 -0.004482567 0.1142745 0.04548794 -0.004410982 0.112906 0.0454939 -0.004319489 0.1104865 0.04520195 -0.004058539 0.1031101 0.04400485 -0.003450512 0.08848637 0.04143995 -0.00272423 0.07410717 0.03850847 -0.002593874 0.0717957 0.03798729 -0.00184822 0.0598576 0.03502553 -0.001601874 0.05632537 0.03404909 -0.001538395 0.05544465 0.03379732 -7.60621e-4 0.04549813 0.03070014 -5.53172e-4 0.04307645 0.02986645 -6.69655e-5 0.03733164 0.02763056 2.62895e-4 0.03219467 0.02506631 4.17063e-4 0.02734029 0.02210009 3.54838e-4 0.02331393 0.01918208 -6.08677e-6 0.01962327 0.01618444 -3.25789e-4 0.01724326 0.01445585 -3.72826e-4 0.01683109 0.01421684 -8.70453e-4 0.0134961 0.01255601 -9.62225e-4 0.0130214 0.01234602 -0.004699647 0.1170753 0.04465872 -0.004604637 0.1161306 0.04506492 -0.004460871 0.1142749 0.04547715 -0.004389226 0.1129077 0.04548299 -0.004297792 0.1104889 0.04519093 -0.004036903 0.1031128 0.04399335 -0.003429114 0.08848965 0.04142773 -0.002703249 0.07411122 0.03849571 -0.002572953 0.07179987 0.03797441 -0.001827776 0.05986261 0.03501212 -0.001581609 0.05633068 0.0340355 -0.001518189 0.05545002 0.03378373 -7.41052e-4 0.04550457 0.03068596 -5.33806e-4 0.04308319 0.02985209 -4.81988e-5 0.0373395 0.02761596 2.80908e-4 0.03220373 0.02505153 4.34134e-4 0.02735054 0.02208507 3.70914e-4 0.02332496 0.01916664 9.11567e-6 0.01963448 0.01616841 -3.11089e-4 0.01725208 0.01443827 -3.58223e-4 0.0168395 0.01419901 -8.5649e-4 0.01350134 0.01253861 -9.48322e-4 0.01302617 0.01232886 4.40278e-4 0.02736401 0.02206498 3.75867e-4 0.02333956 0.01914715 1.32014e-5 0.01964986 0.01614952 -3.07461e-4 0.01726418 0.01441723 -3.54619e-4 0.01685112 0.01417779 -8.51955e-4 0.0135098 0.01251775 -9.43489e-4 0.01303422 0.01230829 -0.01008915 -0.03588181 -0.001829147 -0.009913682 -0.02956461 -0.001035511 -0.009931921 -0.02799057 -0.001081764 -0.009309828 -0.02257293 -6.84581e-4 -9.65089e-4 -0.02235925 -0.01671463 -9.1219e-4 -0.0289731 -0.02100813 -0.002739667 -0.02989095 -0.01846015 -0.005319118 -0.1188548 -0.04045653 -0.005616366 -0.1176923 -0.03869992 -0.005669832 -0.1176539 -0.03880661 -0.00563544 -0.1162362 -0.03729122 -0.005668163 -0.1155884 -0.03685259 -0.005706965 -0.1162129 -0.03730815 -0.005788922 -0.1145353 -0.03624916 -0.005995571 -0.1068021 -0.03191548 -0.006535232 -0.09391713 -0.02499711 -0.006538867 -0.09383809 -0.0249558 -0.006060361 -0.1076622 -0.03243482 -0.0063771 -0.00827521 0.004342555 -0.006143152 -0.007321536 0.004807233 -0.007115364 -0.008028566 0.0038926 -0.008249044 -0.009569466 4.26312e-4 -0.008222162 -0.009569585 2.91123e-4 -0.008104205 -0.01174801 -0.0010432 -9.36369e-4 -0.01349145 -0.01255249 -4.40904e-4 -0.01683044 -0.01421171 -0.001844048 -0.0158444 -0.01235204 -1.62042e-4 -0.03771239 -0.02777498 -5.50572e-4 -0.04230129 -0.02956664 -0.003398895 -0.0442506 -0.02455484 -0.005106568 -0.1195924 -0.04274058 -0.005538165 -0.1163858 -0.04232543 -0.005084276 -0.1194894 -0.04302626 -0.005026936 -0.11922 -0.043325 -0.005053818 -0.1194421 -0.04315787 -0.004561245 -0.1145913 -0.04542124 -0.004619956 -0.1153907 -0.04527068 -0.005004823 -0.1157276 -0.04415339 -0.004802882 -0.1172976 -0.04452139 -0.00500518 -0.1175724 -0.04391068 -0.004869341 -0.1178897 -0.04419314 -0.0044595 -0.1126749 -0.04544407 -0.004999816 -0.1138108 -0.0439949 -0.00479114 -0.08916133 -0.03793883 -0.004221916 -0.1059399 -0.04443264 -0.004949569 -0.104302 -0.04176253 -0.004388451 -0.1107839 -0.04521375 -0.004992187 -0.1118838 -0.0436052 -0.004509806 -0.07408004 -0.03386235 -0.002918004 -0.07652634 -0.03900724 -0.003633022 -0.09119606 -0.04190975 -0.001746475 -0.05747365 -0.03434491 -0.001809298 -0.05837333 -0.03459399 -0.004064321 -0.05909162 -0.02944135 -0.002053022 -0.06198066 -0.03556042 -0.00279051 -0.07418882 -0.03849661 -0.001316785 -0.05162298 -0.03263908 -0.001253426 -0.01916241 -0.01438319 -3.9478e-4 -0.01723611 -0.01444637 -7.6247e-5 -0.01961541 -0.01616919 -0.00381112 -0.008699417 -0.009487807 -0.00459659 -0.008946239 -0.008793175 -0.005960285 -0.004645287 -0.007590115 -0.005872905 -0.004362523 -0.007702589 -0.005280375 -0.003233432 -0.008097708 -0.002004146 -0.008708536 -0.01067703 -0.005095005 -0.002976596 -0.008173048 -0.003874778 -0.001662254 -0.008458137 -0.006165623 -0.006122291 -0.006753146 -0.006111741 -0.005743384 -0.007061183 -0.006106853 -0.005697727 -0.007096648 -0.00812149 -0.00955379 -1.95613e-4 -0.007641673 -0.009225249 -0.002132713 -0.006807208 -0.01044994 -0.004644751 -0.007424652 -0.008985221 -0.00284475 -0.00739479 -0.0082497 0.003542482 -0.008010029 -0.008843123 0.002453744 -0.007908523 -0.008954584 0.002587795 -0.008073806 -0.06576359 -0.01144278 -0.008263349 -0.06556427 -0.01147288 -0.007231831 -0.07988631 -0.01792639 -0.007397592 -0.07980215 -0.01797741 -0.005514562 -0.1177231 -0.03864443 -0.00557363 -0.1177077 -0.0386573 -0.005469262 -0.118064 -0.03908795 -0.005079448 -0.1196404 -0.04260724 -0.005318462 -0.1188575 -0.04046225 -0.005078077 -0.1196409 -0.04260581 -0.005066573 -0.1196433 -0.04259926 -0.005758345 -0.1161941 -0.03736066 -0.005823254 -0.1161477 -0.03749102 -0.005501925 -0.1186407 -0.04097974 -0.005458474 -0.1187568 -0.04069691 -0.005800306 -0.1174028 -0.03950315 -0.005735218 -0.1175717 -0.03903466 -0.006086528 -0.1141259 -0.03738254 -0.006002426 -0.1143525 -0.03675532 -0.006420671 -0.107142 -0.03387844 -0.005091786 -0.1196308 -0.04263406 -0.005087435 -0.1196357 -0.04262036 -0.008214831 -0.06339752 -0.01748782 -0.006542861 -0.06120091 -0.02358579 -0.007648706 -0.07790595 -0.0232414 -0.006444573 -0.07595944 -0.02864497 -0.007041692 -0.09228575 -0.02926528 -0.006218492 -0.09069925 -0.03366941 -0.006411731 -0.1065629 -0.03548604 -0.005901098 -0.1054165 -0.03866827 -0.006093621 -0.1136686 -0.03864866 -0.005717575 -0.1127631 -0.04115986 -0.005810201 -0.1170619 -0.04044902 -0.005126833 -0.009238481 -0.007987022 -0.003338873 -0.01637905 -0.01086699 -0.006003737 -0.009836912 -0.006339788 -0.005999684 -0.01752889 -0.007678985 -0.006460428 -0.04643934 -0.01847875 -0.006319284 -0.03907918 -0.01587522 -0.00300765 -0.03696036 -0.02175718 1.69274e-4 -0.03271746 -0.02533352 3.42603e-4 -0.0279293 -0.02247393 2.84027e-4 -0.02325284 -0.01912391 -0.00681591 -0.008046209 -0.004633963 -0.00655359 -0.00747174 -0.005400598 -0.005962371 -0.02460336 -0.01048487 -0.002874255 -0.01977342 -0.01268714 -0.002612352 -0.0161072 -0.01162075 -0.002725362 -0.01233726 -0.01076364 -0.001030385 -0.01300156 -0.01233625 -0.006650567 -0.009392261 0.003799259 -0.007351338 -0.009190917 0.003240287 -0.007074177 -0.01114302 0.002963721 -0.007640063 -0.0109182 0.002339601 -0.007754385 -0.01278358 0.001824557 -0.007888793 -0.01468467 0.001415371 -0.007557988 -0.01320695 0.00203073 -0.007488667 -0.01290512 0.002162396 -0.008177697 -0.01238864 7.3157e-4 -0.007925987 -0.01265662 0.001472592 -0.008137166 -0.009011089 0.002093791 -0.008278489 -0.009294509 0.001406431 -0.008255779 -0.01224255 3.28161e-4 -0.008282363 -0.0120849 -1.08051e-4 -0.00833708 -0.01557105 -0.001797616 -0.008037626 -0.01524209 -0.0027107 -0.008082449 -0.01881355 -0.004112958 -0.01017677 -0.03567862 -0.002393126 -0.009973704 -0.02793425 -0.001238226 -0.009974539 -0.02781742 -0.001562416 -0.00959748 -0.0239588 -0.001067817 -0.009593844 -0.0238561 -0.001352906 -0.009047806 -0.0201044 -5.30958e-4 -0.009061038 -0.02001589 -7.766e-4 -0.008385777 -0.01641613 5.44137e-4 -0.008439123 -0.01634103 3.35604e-4 -0.008102953 -0.01455062 0.001042962 -0.00993663 -0.04307001 -0.004796385 -0.01010984 -0.03540325 -0.003157675 -0.009877204 -0.02758616 -0.002204537 -0.009499132 -0.02365314 -0.001916408 -0.009011745 -0.01984053 -0.00126338 -0.00848335 -0.0161907 -8.13843e-5 -0.008468031 -0.01588743 -9.21481e-4 -0.008795797 -0.01949548 -0.002220571 -0.009177148 -0.02325695 -0.003016233 -0.009821891 -0.04358589 -0.003364264 -0.009826421 -0.04028499 -0.002449393 -0.009951829 -0.0362001 -0.00172317 -0.009379804 -0.04992401 -0.008805036 -0.009696602 -0.0424779 -0.006440162 -0.009796261 -0.03486078 -0.004663527 -0.009533226 -0.02713358 -0.003460824 -0.008084535 -0.06560051 -0.01137226 -0.008430421 -0.0605002 -0.009223759 -0.009308695 -0.05104273 -0.005699515 -0.009232938 -0.04980176 -0.00511372 -0.009647071 -0.04387354 -0.003284394 -0.01015037 -0.03581643 -0.002010703 -0.009901702 -0.04351681 -0.003556013 -0.00940591 -0.05097544 -0.005886256 -0.008375585 -0.06550532 -0.01163643 -0.007506728 -0.07975304 -0.01811367 -0.006767392 -0.09377902 -0.02511978 -0.006130814 -0.1076354 -0.03250896 -0.009957253 -0.04336875 -0.003967046 -0.009491801 -0.05082756 -0.006296873 -0.008495688 -0.06537002 -0.012012 -0.007633507 -0.07963687 -0.01843613 -0.006881594 -0.09368652 -0.02537667 -0.006218671 -0.1075696 -0.03269153 -0.009524643 -0.05052584 -0.007134318 -0.008599221 -0.06508928 -0.01279145 -0.007764995 -0.07939285 -0.0191136 -0.007010579 -0.09349042 -0.0259211 -0.006323158 -0.1074295 -0.03308075 -0.008597314 -0.06452327 -0.01436269 -0.007840096 -0.07889729 -0.02048933 -0.007114648 -0.09309005 -0.02703255 -0.005916357 -0.1144629 -0.03644979 -0.005845189 -0.1145145 -0.03630691 -0.007720708 -0.04757302 -0.01533156 -0.006150543 -0.0317831 -0.01320737 -0.002708137 -0.02308636 -0.01469624 -0.008267104 -0.01647567 7.47006e-4 -0.008709728 -0.04873663 -0.01210141 -0.00885725 -0.04131549 -0.009667098 -0.007614254 -0.03277498 -0.01045382 -0.008285045 -0.02249282 -0.005137562 -0.008567214 -0.02625674 -0.005895018 -0.008842289 -0.03380244 -0.007601678 -0.008039355 -0.008879005 0.002379119 -0.001282513 -0.04345506 -0.02741777 -0.00219053 -0.04462105 -0.02418094 -0.002855598 -0.05938833 -0.02914088 -0.001922428 -0.00551027 -0.008001208 -0.001812756 -0.0056656 -0.00756669 -0.001862645 -0.009376347 -0.008617758 -0.009493172 -0.04001969 -0.002528607 -0.009299755 -0.0438227 -0.003425598 -0.009150564 -0.04376769 -0.003578245 -0.005323648 -0.1183034 -0.03958624 -0.005391836 -0.1176848 -0.03875064 -0.005425274 -0.1177026 -0.03870117 -0.005095899 -0.1186643 -0.04092603 -0.005156278 -0.1174443 -0.03941732 -0.005295693 -0.1176068 -0.03896695 -0.00477308 -0.1178888 -0.0441727 -0.004706442 -0.1172972 -0.04450041 -0.004756629 -0.1175916 -0.04386752 -3.17501e-4 -0.01726156 -0.01438879 -3.63864e-4 -0.01685458 -0.0141533 -0.001272916 -0.01620173 -0.01226484 -0.003750801 -0.008957207 0.001529276 -0.003832936 -0.008727192 0.002110421 -0.005147695 -0.01261949 4.37769e-4 -0.005886495 -0.1077045 -0.03244733 -0.006432116 -0.09390282 -0.02503687 -0.005351424 -0.1183189 -0.03954589 -0.005652368 -0.1145567 -0.03625482 -0.007924318 -0.06574702 -0.01148879 -0.00709933 -0.07993412 -0.01800286 -0.008953332 -0.05128306 -0.005686759 -0.009483397 -0.04386258 -0.003314793 -0.0097965 -0.03619617 -0.001734137 -0.0098266 -0.03228658 -0.001245856 -0.006079614 -0.007062137 0.004933178 -0.006145775 -0.007059276 0.004934489 -0.006125032 -0.007178723 0.004876434 -0.005980074 -0.007060706 0.004932165 -0.007468163 -0.01321715 0.002059817 -0.006737768 -0.01310843 0.001769006 -0.005522906 -0.007288992 0.004663109 -0.007204353 -0.01319885 0.002012014 -0.005868554 -0.00709182 0.004900395 -0.007332563 -0.01321488 0.00205475 -0.00591582 -0.00706768 0.004922389 -0.004225969 -0.008221149 0.003164827 -0.004437983 -0.008033454 0.003509938 -0.005886137 -0.01288688 0.001169979 -0.005366325 -0.007384002 0.004535138 -0.002894043 -0.008716225 -0.00340873 -0.003346204 -0.009138226 -0.001443147 -0.004661262 -0.01230913 -4.27563e-4 -0.003582239 -0.00918734 -1.50386e-4 -0.003740131 -0.009060561 0.001235365 -0.002106845 -0.007189869 -0.006240129 -0.002597153 -0.008268415 -0.004519939 -0.003303349 -0.01102346 -0.004023432 -0.001866459 -0.00645703 -0.007068037 -0.00210005 -0.009705781 -0.007699191 -0.001859486 -0.00642699 -0.007088005 -0.001802146 -0.005948305 -0.007377207 -0.001920878 -0.004955112 -0.007823109 -0.001955568 -0.004826009 -0.007870674 -0.002096891 -0.005375981 -0.008377075 -0.002420306 -0.003715455 -0.008221447 -9.54725e-4 -0.01301318 -0.01227521 -0.001108884 -0.0122531 -0.01195359 -0.001585304 -0.01271408 -0.01067829 -0.001930117 -0.008705615 -0.01063185 -0.001853704 -0.00908637 -0.009428143 -0.002414405 -0.006826698 -0.0100243 -8.60623e-4 -0.01350468 -0.01249116 -5.89679e-4 -0.02268052 -0.01665359 3.65381e-4 -0.0232855 -0.01907616 2.38733e-6 -0.01964753 -0.01611691 4.27269e-4 -0.02795916 -0.02243024 -5.11017e-4 -0.02928173 -0.02092909 4.15991e-4 -0.02859324 -0.0228402 2.5643e-4 -0.03274416 -0.02529281 -7.93778e-4 -0.03622049 -0.02452981 -7.29823e-5 -0.03773599 -0.02773654 -4.60234e-4 -0.04232239 -0.02952975 -0.001716077 -0.05838871 -0.03456169 -0.001653373 -0.05748927 -0.03431236 -0.002237021 -0.05827993 -0.03221791 -0.001224517 -0.05164045 -0.03260505 -0.003006339 -0.07332575 -0.03634804 -0.003632724 -0.08852022 -0.03997933 -0.003537058 -0.09120506 -0.04188388 -0.002822995 -0.07653754 -0.03897875 -0.002695679 -0.07420045 -0.03846764 -0.001959323 -0.06199502 -0.03552895 -0.003882646 -0.08931559 -0.03777128 -0.004286289 -0.1043891 -0.04165071 -0.004125177 -0.1059471 -0.04440969 -0.004466593 -0.1119385 -0.04351836 -0.004291474 -0.1107905 -0.04519182 -0.004522264 -0.1138572 -0.04391521 -0.004362463 -0.1126807 -0.04542243 -0.004464268 -0.1145949 -0.0453996 -0.004611849 -0.1157624 -0.04408627 -0.004523038 -0.1153931 -0.04524904 -0.004930675 -0.1192191 -0.0433079 -0.004714012 -0.1164394 -0.04220557 -0.004958093 -0.1194505 -0.04313439 -0.00737977 -0.05038702 -0.00817418 -0.006599545 -0.06488198 -0.01389014 -0.005555272 -0.06381124 -0.01686263 -0.006030321 -0.07916164 -0.0201472 -0.005238473 -0.07821112 -0.02278602 -0.005620896 -0.0932694 -0.02679526 -0.005051612 -0.09249341 -0.02894949 -0.005333006 -0.1072443 -0.03372478 -0.004962027 -0.1066825 -0.03528386 -0.004945993 -0.1137474 -0.03849488 -0.005225837 -0.114192 -0.03726422 -0.004951715 -0.1171128 -0.04033678 -0.00541532 -0.1144097 -0.03666168 -0.005526542 -0.1162117 -0.03736054 -0.005482673 -0.1169933 -0.0379796 -0.005444943 -0.1169735 -0.03803563 -0.005182445 -0.118777 -0.04065477 -0.005049049 -0.1196373 -0.04261589 -0.005050539 -0.1196382 -0.04261344 -0.005181014 -0.119288 -0.04151135 -0.005060374 -0.1196421 -0.04260259 -0.005035758 -0.1196258 -0.04264777 -0.005015432 -0.1196008 -0.04271727 -0.004087626 -0.01819306 -0.006732225 -0.0040524 -0.02526152 -0.009488582 -0.006213605 -0.01948267 -0.003147661 -0.007399439 -0.01321929 0.002066254 -0.008191764 -0.01675331 7.07743e-4 -0.008176028 -0.01680541 6.91805e-4 -0.007939457 -0.02386671 -0.002182066 -0.007496595 -0.02008509 -0.001476347 -0.00823307 -0.02036035 -7.15018e-4 -0.007988393 -0.01678287 6.30702e-4 -0.00811088 -0.01680082 6.79467e-4 -0.006636261 -0.02693706 -0.004836916 -0.006554663 -0.02318191 -0.004083216 -0.006824374 -0.01979035 -0.00229299 -0.008840203 -0.02050775 -3.07482e-4 -0.008854031 -0.02057117 -3.19914e-4 -0.009346604 -0.0243712 -7.81123e-4 -0.009275615 -0.02436161 -8.07898e-4 -0.009567975 -0.02832162 -9.93472e-4 -0.009147524 -0.02433341 -8.86177e-4 -0.009430289 -0.02828574 -0.001093089 -0.008957028 -0.028113 -0.001572549 -0.009421527 -0.02437198 -7.79009e-4 -0.009728074 -0.02834129 -9.3895e-4 -0.009645104 -0.02833563 -9.54601e-4 -0.009737133 -0.03227728 -0.001271665 -0.00965619 -0.03225988 -0.001320064 -0.009619414 -0.03616362 -0.001824498 -0.009471714 -0.03611576 -0.001957356 -0.008774101 -0.02050161 -3.24401e-4 -0.008652269 -0.02047991 -3.84356e-4 -0.008708417 -0.02418923 -0.001286447 -0.008127212 -0.02773451 -0.0026232 -0.008105695 -0.0354259 -0.003872334 -0.006567358 -0.03444576 -0.006593346 -0.00634551 -0.04190701 -0.008743643 -0.006046354 -0.04926937 -0.01127684 -0.007815301 -0.04299497 -0.005723297 -0.008971571 -0.03589642 -0.002566277 -0.009384274 -0.0438466 -0.003359138 -0.009577274 -0.04004216 -0.002466261 -0.00970292 -0.03618383 -0.00176841 -0.005485653 -0.1161901 -0.03742104 -0.005545377 -0.1145142 -0.03637254 -0.005590498 -0.1145381 -0.03630638 -0.005749762 -0.1076509 -0.03259599 -0.005807399 -0.1076811 -0.0325123 -0.006236851 -0.09382992 -0.02523916 -0.006319761 -0.09387117 -0.0251246 -0.006851792 -0.07984608 -0.01824724 -0.006958127 -0.07989609 -0.0181083 -0.007632076 -0.06564968 -0.01175898 -0.007759332 -0.06570529 -0.01160454 -0.008627355 -0.05118387 -0.005962193 -0.008771836 -0.05124104 -0.005803525 -0.005580961 -0.1075192 -0.03296172 -0.005991101 -0.09364855 -0.0257427 -0.00652939 -0.07962507 -0.01886075 -0.007234871 -0.06540244 -0.01244527 -0.008159101 -0.05092811 -0.006672084 -0.004986464 -0.1195495 -0.04285961 -0.008656322 -0.04352033 -0.00426495 -0.004615366 -0.1128447 -0.0409981 -0.00450927 -0.1055399 -0.03845572 -0.004309415 -0.09091156 -0.03334087 -0.004134178 -0.07626837 -0.02817916 -0.003994941 -0.06161504 -0.02295941 -0.003908276 -0.04696577 -0.01767194 -0.003906011 -0.03965705 -0.01498961 -0.003947615 -0.03240686 -0.01225358 -0.002200901 -0.01685827 -0.01044076 -0.001767694 -0.02353584 -0.01427912 -8.99195e-4 -0.01949334 -0.01432222 -0.00183928 -0.009224653 -0.009041786 -0.001977264 -0.007237911 -0.008886337 -0.002517223 -0.005153596 -0.008995532 -0.00272274 -0.00322014 -0.008344709 -0.003741979 -0.001996994 -0.008558213 -0.002912342 -0.004985332 -0.009460866 -0.001862108 -0.03736138 -0.0213626 -0.001684725 -0.03031849 -0.0180509 -0.003411769 -0.07430422 -0.03363186 -0.00496608 -0.1194305 -0.04319 -0.004960775 -0.1194367 -0.04317283 -0.00503844 -0.1194291 -0.04319381 -0.00502783 -0.1194245 -0.04320675 -0.004976212 -0.1194244 -0.04320681 -0.004985809 -0.1194215 -0.04321497 -0.005013763 -0.119421 -0.04321652 -0.005004167 -0.11942 -0.04321908 -0.004994094 -0.1194202 -0.04321843 -0.00387609 -0.0016222 -0.008447945 -0.003873348 -0.001619338 -0.008447408 -0.003869533 -0.001625359 -0.008449375 -0.001933336 -0.008700788 -0.01064825 -0.004972994 -0.1192426 -0.04334801 -0.004995286 -0.1192398 -0.04334777 -0.005014598 -0.1192318 -0.04333955 -0.004952192 -0.1192395 -0.04334014 -0.003784835 -0.001861631 -0.008519113 -0.003859162 -0.00164783 -0.008456289 -0.001971364 -0.008698999 -0.01068091 -0.003855884 -0.001655817 -0.008458733 -0.00195533 -0.008697271 -0.01067435 -0.00383085 -0.001723766 -0.008478879 -0.001942098 -0.008697867 -0.01066303 -0.003877758 -0.001617968 -0.008446574 -0.003874897 -0.00161767 -0.008446812 -0.001988351 -0.008702933 -0.0106818 -0.003878772 -0.00162512 -0.008448243 -0.003877937 -0.00163877 -0.008451819 2.61424e-4 -0.03273272 -0.02531445 -6.90474e-5 -0.03772646 -0.02775931 -4.57088e-4 -0.04231423 -0.02955317 -0.00122255 -0.05163329 -0.03262895 -0.001652002 -0.05748265 -0.03433644 -0.001714766 -0.05838215 -0.03458577 -0.00195837 -0.06198883 -0.03555309 -0.00269562 -0.07419508 -0.03849196 -0.002823114 -0.0765323 -0.03900307 -0.003538131 -0.09120053 -0.0419082 -0.004127323 -0.1059432 -0.04443383 -0.004294037 -0.1107868 -0.0452159 -0.004365205 -0.1126787 -0.04544657 -0.004467546 -0.1145977 -0.04542338 -0.004526674 -0.1153987 -0.04527211 -0.004711091 -0.1173073 -0.04452085 -0.004778206 -0.1178997 -0.04419225 -0.004937052 -0.1192311 -0.04332578 -0.004856526 -0.1179004 -0.04420888 -0.004790008 -0.1173076 -0.04453802 -0.004607141 -0.1153967 -0.04529005 -0.00454843 -0.1145947 -0.04544144 -0.004446506 -0.1126738 -0.04546475 -0.004375398 -0.1107813 -0.04523432 -0.004208624 -0.1059372 -0.04445314 -0.003619134 -0.09119296 -0.04193007 -0.002903521 -0.07652282 -0.03902721 -0.002775907 -0.07418519 -0.03851646 -0.002037763 -0.06197661 -0.0355798 -0.001793801 -0.05836915 -0.03461313 -0.001730918 -0.05746942 -0.03436398 -0.001300811 -0.05161851 -0.0326578 -5.33768e-4 -0.04229629 -0.02958452 -1.44662e-4 -0.03770643 -0.02779203 1.87449e-4 -0.03271001 -0.02534902 3.61644e-4 -0.02792066 -0.02248758 3.03965e-4 -0.0232433 -0.01913529 -5.59125e-5 -0.01960462 -0.0161783 -3.74112e-4 -0.0172277 -0.01445657 -4.20217e-4 -0.01682233 -0.0142219 -9.16347e-4 -0.01348394 -0.01256084 -0.001010596 -0.01299417 -0.01234424 -0.004836559 -0.1179079 -0.04421758 -0.004769861 -0.1173146 -0.04454725 -0.004586338 -0.1154012 -0.04530119 -0.004527449 -0.1145976 -0.04545319 -0.004425287 -0.1126738 -0.04547679 -0.004354059 -0.1107802 -0.0452463 -0.004187107 -0.1059361 -0.044465 -0.00359714 -0.09119188 -0.04194146 -0.002881109 -0.07652169 -0.03903794 -0.002753436 -0.07418406 -0.03852713 -0.002014935 -0.06197553 -0.03558975 -0.001770853 -0.05836808 -0.03462284 -0.001707911 -0.05746835 -0.03437364 -0.001277565 -0.0516175 -0.03266698 -5.10143e-4 -0.04229539 -0.02959269 -1.20774e-4 -0.03770512 -0.02779936 2.11656e-4 -0.03270804 -0.02535504 3.86119e-4 -0.02791827 -0.02249187 3.28587e-4 -0.02324056 -0.01913744 -3.14537e-5 -0.01960092 -0.01617825 -3.49727e-4 -0.01722478 -0.0144568 -3.95912e-4 -0.01681947 -0.01422202 -8.93736e-4 -0.01348018 -0.01255965 -9.88406e-4 -0.01299029 -0.01234298 -0.00481373 -0.1179104 -0.0442174 -0.004746675 -0.1173171 -0.04454708 -0.004562437 -0.1154032 -0.04530161 -0.004503369 -0.1145993 -0.04545372 -0.004400908 -0.1126748 -0.04547744 -0.004329562 -0.110781 -0.04524683 -0.004162549 -0.1059369 -0.0444653 -0.003572404 -0.09119302 -0.04194104 -0.002856314 -0.07652324 -0.03903687 -0.002728641 -0.07418572 -0.03852593 -0.001990139 -0.06197762 -0.03558784 -0.001746058 -0.05837035 -0.0346207 -0.001683175 -0.05747073 -0.03437143 -0.001252889 -0.05162018 -0.03266429 -4.85613e-4 -0.04229885 -0.02958917 -9.63659e-5 -0.03770881 -0.02779525 2.35834e-4 -0.03271204 -0.02535003 4.09924e-4 -0.02792263 -0.02248573 3.51799e-4 -0.02324527 -0.01912987 -8.85885e-6 -0.01960515 -0.01616913 -3.27507e-4 -0.01722812 -0.01444691 -3.73812e-4 -0.01682257 -0.01421195 -8.73298e-4 -0.01348102 -0.01254928 -9.68297e-4 -0.01299083 -0.01233267 -0.004792749 -0.1179075 -0.04420828 -0.004725575 -0.1173145 -0.0445376 -0.00454092 -0.1154023 -0.04529106 -0.004481673 -0.1145994 -0.04544299 -0.004379153 -0.1126766 -0.04546654 -0.004307866 -0.1107833 -0.04523581 -0.004140913 -0.1059395 -0.04445403 -0.003550946 -0.09119617 -0.041929 -0.002835214 -0.07652711 -0.03902417 -0.0027076 -0.07418972 -0.03851312 -0.001969575 -0.06198245 -0.03557449 -0.001725673 -0.05837547 -0.03460717 -0.00166285 -0.05747592 -0.0343579 -0.001232862 -0.05162596 -0.03265047 -4.66317e-4 -0.04230564 -0.02957481 -7.75523e-5 -0.03771656 -0.02778065 2.53933e-4 -0.03272104 -0.02533525 4.27124e-4 -0.0279327 -0.02247071 3.67859e-4 -0.0232563 -0.01911443 6.34033e-6 -0.01961636 -0.01615309 -3.12811e-4 -0.01723694 -0.01442927 -3.59211e-4 -0.01683092 -0.01419419 -8.59336e-4 -0.0134862 -0.01253181 -9.54397e-4 -0.01299554 -0.01231551 4.33429e-4 -0.02794599 -0.0224505 3.72793e-4 -0.0232709 -0.01909488 1.04219e-5 -0.01963174 -0.01613414 -3.09184e-4 -0.01724904 -0.01440823 -3.55607e-4 -0.01684254 -0.01417297 -8.54792e-4 -0.01349472 -0.01251101 -9.49543e-4 -0.01300352 -0.012295 -0.004102528 0.001393616 0.008392691 -0.003405034 0.001590847 0.008369147 -0.003527641 0.001731812 0.008398532 -0.00365132 0.001567542 0.008406281 -0.003641307 0.001868784 0.008462309 -0.003789603 0.001446187 0.008409559 -0.00387299 0.001412689 0.008409023 -0.003947675 0.00157392 0.008422374 -0.003898799 0.001410245 0.008408427 -0.003923535 0.001412272 0.008407592 -0.003930449 0.001413643 0.008407294 -0.003934025 0.001414537 0.008407175 -0.0039379 0.00141561 0.008406996 -0.003941953 0.001416921 0.008406817 -0.003951072 0.001420319 0.008406341 -0.004023969 0.001483976 0.00840044 -0.005200147 0.002873003 0.008120059 -0.006245791 0.006825685 -0.005092918 -0.006267726 0.006782889 -0.005134284 -0.006306529 0.006714046 -0.005212664 -0.006183505 0.006963193 -0.004988133 -0.006185472 0.006958484 -0.004991114 -0.006293952 0.006848454 -0.005062639 -0.006226301 0.006866097 -0.005058109 -0.007393479 0.007659137 -0.003938496 -0.00618112 0.006969034 -0.004984498 -0.008808732 0.008581936 -1.64224e-4 -0.009093999 0.00850445 -4.94198e-5 -0.008711934 0.008577108 2.79677e-4 -0.008243441 0.008319735 0.00206989 -0.007565796 0.007522583 -0.004018306 -0.00788325 0.007709681 -0.003656089 -0.008600175 0.008174359 -0.002499759 -0.008909404 0.008460342 -0.001347005 -0.009132683 0.008398056 -0.001369297 -0.009129703 0.008499443 -3.95361e-4 -0.008143544 0.00856781 -0.002424359 -0.007525742 0.008035719 -0.003538668 -0.007240533 0.007830977 -0.003895819 -0.008380353 0.008946716 -0.001360476 -0.00827527 0.009165465 -2.7647e-4 -0.00818026 0.009154796 1.91252e-4 -0.007724404 0.008859753 0.002061069 -0.007517993 0.008638441 0.0027529 -0.00693798 0.007762312 0.004502296 -0.006687283 0.00722146 0.005254209 -0.00631535 0.005940794 0.006579101 -0.006263494 0.005579113 0.00687772 -0.008030652 0.008121311 0.002734363 -0.007432699 0.007331371 0.00441271 -0.007175326 0.006842613 0.005128741 -0.006792545 0.005677998 0.006382882 -0.006740093 0.00534898 0.006659686 -0.006495177 0.004296958 0.007364809 -0.006371974 0.004020094 0.007515788 -0.005645215 0.002918183 0.007998526 -0.005433797 0.002668619 0.008083701 -0.005313992 0.002769529 0.008090019 -0.005515277 0.003020584 0.008005678 -0.006185472 0.004123449 0.007538437 -0.006291627 0.004398524 0.00739634 -0.006478965 0.005443871 0.006740033 -0.006530463 0.005788326 0.006452023 -0.00690186 0.00700438 0.005160391 -0.007151603 0.007514715 0.004425644 -0.007729649 0.008336663 0.002714335 -0.007935225 0.008542537 0.002039074 -0.00838834 0.008810579 2.2088e-4 -0.008482277 0.008816957 -2.31687e-4 -0.008600354 0.008655548 -0.00134027 -0.008346617 0.008337616 -0.002440154 -0.007692039 0.007851839 -0.003577351 -0.005392491 0.003126621 0.008039057 -0.006016552 0.00423938 0.007601678 -0.006110131 0.00451672 0.007472753 -0.002252459 0.002767622 0.00806868 -0.005956292 0.006870329 -0.0050534 -0.005968391 0.006962001 -0.004987359 -0.001508712 0.006551861 0.005537033 -9.66375e-4 0.005988717 0.006032764 -0.001271367 0.005837559 0.006291985 -9.41344e-4 0.005834877 0.006183326 -0.001179814 0.005389988 0.006667792 -9.01373e-4 0.005353093 0.006608843 -0.001301109 0.004443943 0.007309973 -9.94497e-4 0.004339337 0.0073089 -0.005885183 0.006971001 -0.004974901 -0.005817115 0.006995677 -0.004947364 -0.005442321 0.007186233 -0.004700779 -0.005279183 0.007277965 -0.004571139 -0.004315972 0.00789839 -0.003535032 -0.004093647 0.008073329 -0.003183782 -0.003679633 0.008524835 -0.002101719 -0.00359863 0.008717238 -0.001507282 -0.003441572 0.008909881 1.27463e-4 -0.001983821 0.007581889 0.003992974 -0.002271711 0.008022069 0.002996027 -0.002715647 0.008466958 0.001217007 -0.00294888 0.008548617 4.69843e-5 -0.003129243 0.008404552 -0.001518785 -0.003256916 0.008255779 -0.002155482 -0.003776907 0.007859647 -0.003289759 -0.004032373 0.007696688 -0.003648042 -0.005089402 0.007103323 -0.004687607 -0.005267977 0.007014572 -0.004817903 -0.005707979 0.006828308 -0.005074858 -0.005820512 0.006800353 -0.005111515 -0.005943775 0.006786763 -0.005129456 -0.003216028 0.008845031 0.001375436 -0.002784729 0.008409023 0.003269076 -0.00250262 0.007961332 0.004335403 -0.002037584 0.006900966 0.005980551 -0.001804471 0.00615859 0.006787896 -0.001719474 0.005713284 0.007084369 -0.001794099 0.004769623 0.00758183 -0.001825571 0.004644989 0.007637798 -0.002284884 0.003561556 0.008054971 -0.002593874 0.003074586 0.008202552 -0.002434015 0.002920746 0.008108735 -0.002106904 0.003401458 0.007943391 -0.001613855 0.004470169 0.007468819 -0.001579761 0.004592835 0.007404327 -0.001501262 0.005517542 0.006835639 -0.001596987 0.005950689 0.006507098 -0.001827299 0.006676614 0.00573337 -0.002288341 0.007721543 0.004151344 -0.002568244 0.008167505 0.003125488 -0.002997994 0.00861299 0.001297295 -0.003223359 0.00868982 9.184e-5 -0.003385722 0.008527874 -0.001503705 -0.003483414 0.00836426 -0.002117037 -0.003942012 0.007951259 -0.003225982 -0.004179179 0.007784903 -0.003581583 -0.005186259 0.00718379 -0.00462228 -0.005356788 0.007094204 -0.004752695 -0.005763351 0.006907463 -0.005005776 -0.005853295 0.006881535 -0.005038201 -0.001898884 0.003246307 0.007894515 -0.001342535 0.004319608 0.007381439 -0.004023969 -0.001483976 -0.00840044 -0.003947675 -0.00157392 -0.008422374 -0.005200147 -0.002873003 -0.008120059 -0.006245791 -0.006825685 0.005092918 -0.006267726 -0.006782889 0.005134284 -0.006306529 -0.006714046 0.005212664 -0.006183505 -0.006963193 0.004988133 -0.006185472 -0.006958484 0.004991114 -0.006293952 -0.006848454 0.005062639 -0.006226301 -0.006866097 0.005058109 -0.007393479 -0.007659137 0.003938496 -0.00618112 -0.006969034 0.004984498 -0.008808732 -0.008581936 1.64224e-4 -0.009093999 -0.00850445 4.94198e-5 -0.008711934 -0.008577108 -2.79677e-4 -0.008243441 -0.008319735 -0.00206989 -0.007565796 -0.007522583 0.004018306 -0.00788325 -0.007709681 0.003656089 -0.008600175 -0.008174359 0.002499759 -0.008909404 -0.008460342 0.001347005 -0.009132683 -0.008398056 0.001369297 -0.009129703 -0.008499443 3.95361e-4 -0.008143544 -0.00856781 0.002424359 -0.007525742 -0.008035719 0.003538668 -0.007240533 -0.007830977 0.003895819 -0.008380353 -0.008946716 0.001360476 -0.00827527 -0.009165465 2.7647e-4 -0.00818026 -0.009154796 -1.91252e-4 -0.007724404 -0.008859753 -0.002061069 -0.007517993 -0.008638441 -0.0027529 -0.00693798 -0.007762312 -0.004502296 -0.006687283 -0.00722146 -0.005254209 -0.00631535 -0.005940794 -0.006579101 -0.006263494 -0.005579113 -0.00687772 -0.008030652 -0.008121311 -0.002734363 -0.007432699 -0.007331371 -0.00441271 -0.007175326 -0.006842613 -0.005128741 -0.006792545 -0.005677998 -0.006382882 -0.006740093 -0.00534898 -0.006659686 -0.006495177 -0.004296958 -0.007364809 -0.006371974 -0.004020094 -0.007515788 -0.005645215 -0.002918183 -0.007998526 -0.005433797 -0.002668619 -0.008083701 -0.004102528 -0.001393616 -0.008392691 -0.005313992 -0.002769529 -0.008090019 -0.005515277 -0.003020584 -0.008005678 -0.006185472 -0.004123449 -0.007538437 -0.006291627 -0.004398524 -0.00739634 -0.006478965 -0.005443871 -0.006740033 -0.006530463 -0.005788326 -0.006452023 -0.00690186 -0.00700438 -0.005160391 -0.007151603 -0.007514715 -0.004425644 -0.007729649 -0.008336663 -0.002714335 -0.007935225 -0.008542537 -0.002039074 -0.00838834 -0.008810579 -2.2088e-4 -0.008482277 -0.008816957 2.31687e-4 -0.008600354 -0.008655548 0.00134027 -0.008346617 -0.008337616 0.002440154 -0.007692039 -0.007851839 0.003577351 -0.005392491 -0.003126621 -0.008039057 -0.006016552 -0.00423938 -0.007601678 -0.006110131 -0.00451672 -0.007472753 -0.003832221 -0.00142461 -0.008409559 -0.003881037 -0.001411437 -0.008408844 -0.00390464 -0.001410305 -0.008408248 -0.003916203 -0.001411139 -0.008407831 -0.003927588 -0.001413047 -0.008407413 -0.003932595 -0.001414179 -0.008407235 -0.003937184 -0.001415431 -0.008406996 -0.003945589 -0.001418173 -0.008406639 -0.003973305 -0.00143224 -0.008405029 -0.003998279 -0.001452744 -0.008403062 -0.003405034 -0.001590847 -0.008369147 -0.003735959 -0.001484632 -0.008408904 -0.003527641 -0.001731812 -0.008398532 -0.003641307 -0.001868784 -0.008462309 -0.002252459 -0.002767622 -0.00806868 -0.005956292 -0.006870329 0.0050534 -0.005968391 -0.006962001 0.004987359 -0.001508712 -0.006551861 -0.005537033 -9.60862e-4 -0.005955159 -0.006066262 -0.001271367 -0.005837559 -0.006291985 -9.41214e-4 -0.005834043 -0.00618416 -0.001179814 -0.005389988 -0.006667792 -9.01374e-4 -0.005353152 -0.006608784 -0.001301109 -0.004443943 -0.007309973 -9.94491e-4 -0.004339396 -0.00730884 -0.005885183 -0.006971001 0.004974901 -0.005817115 -0.006995677 0.004947364 -0.005442321 -0.007186233 0.004700779 -0.005279183 -0.007277965 0.004571139 -0.004315972 -0.00789839 0.003535032 -0.004093647 -0.008073329 0.003183782 -0.003679633 -0.008524835 0.002101719 -0.00359863 -0.008717238 0.001507282 -0.003441572 -0.008909881 -1.27463e-4 -0.001983821 -0.007581889 -0.003992974 -0.002271711 -0.008022069 -0.002996027 -0.002715647 -0.008466958 -0.001217007 -0.00294888 -0.008548617 -4.69843e-5 -0.003129243 -0.008404552 0.001518785 -0.003256916 -0.008255779 0.002155482 -0.003776907 -0.007859647 0.003289759 -0.004032373 -0.007696688 0.003648042 -0.005089402 -0.007103323 0.004687607 -0.005267977 -0.007014572 0.004817903 -0.005707979 -0.006828308 0.005074858 -0.005820512 -0.006800353 0.005111515 -0.005943775 -0.006786763 0.005129456 -0.003216028 -0.008845031 -0.001375436 -0.002784729 -0.008409023 -0.003269076 -0.00250262 -0.007961332 -0.004335403 -0.002037584 -0.006900966 -0.005980551 -0.001804471 -0.00615859 -0.006787896 -0.001719474 -0.005713284 -0.007084369 -0.001794099 -0.004769623 -0.00758183 -0.001825571 -0.004644989 -0.007637798 -0.002284884 -0.003561556 -0.008054971 -0.002593874 -0.003074586 -0.008202552 -0.002434015 -0.002920746 -0.008108735 -0.002106904 -0.003401458 -0.007943391 -0.001613855 -0.004470169 -0.007468819 -0.001579761 -0.004592835 -0.007404327 -0.001501262 -0.005517542 -0.006835639 -0.001596987 -0.005950689 -0.006507098 -0.001827299 -0.006676614 -0.00573337 -0.002288341 -0.007721543 -0.004151344 -0.002568244 -0.008167505 -0.003125488 -0.002997994 -0.00861299 -0.001297295 -0.003223359 -0.00868982 -9.184e-5 -0.003385722 -0.008527874 0.001503705 -0.003483414 -0.00836426 0.002117037 -0.003942012 -0.007951259 0.003225982 -0.004179179 -0.007784903 0.003581583 -0.005186259 -0.00718379 0.00462228 -0.005356788 -0.007094204 0.004752695 -0.005763351 -0.006907463 0.005005776 -0.005853295 -0.006881535 0.005038201 -0.001898884 -0.003246307 -0.007894515 -0.001342535 -0.004319608 -0.007381439 -6.17317e-4 -0.004270255 -0.007261276 -7.24193e-5 -0.005512714 -0.005623936 -6.17317e-4 -0.00613451 -0.005773127 -5.90359e-4 -0.005893647 -0.00600475 -5e-4 -0.006092369 -0.005733489 -2.79189e-4 -0.005738675 -0.005849838 -7.61204e-5 -0.005740404 -0.005402207 -1.33975e-4 -0.005825817 -0.005482614 -2.92893e-4 -0.005976617 -0.005624592 -5e-4 -0.00424093 -0.007211387 -7.61204e-5 -0.003995895 -0.00679475 -1.33975e-4 -0.00405538 -0.006895899 -2.92893e-4 -0.004160344 -0.007074415 -2.92893e-4 0.004160344 0.007074415 -5e-4 0.00424093 0.007211387 -5e-4 0.002435743 0.008003532 -6.17317e-4 0.004270255 0.007261276 -5e-4 -0.007236421 -0.004198133 -5e-4 -0.008001387 -0.002442836 -5e-4 -0.008353114 -4.6423e-4 -5e-4 -0.008222818 0.001541137 -5e-4 -0.007618069 0.003457605 -5e-4 -0.006573677 0.005174577 -5e-4 -0.00515002 0.006592929 -5e-4 -0.003429174 0.007630884 -5e-4 -0.001510441 0.00822848 -5e-4 4.95397e-4 0.008351325 -7.61204e-5 0.003995895 0.00679475 -1.33975e-4 0.00405538 0.006895899 -1.33975e-4 0.00232917 0.007653355 -1.33975e-4 4.73723e-4 0.007985949 -1.33975e-4 -0.001444339 0.007868528 -1.33975e-4 -0.003279149 0.007297039 -1.33975e-4 -0.004924714 0.006304502 -1.33975e-4 -0.006286084 0.004948198 -1.33975e-4 -0.00728476 0.003306329 -1.33975e-4 -0.007863044 0.001473724 -1.33975e-4 -0.007987618 -4.43919e-4 -1.33975e-4 -0.007651329 -0.002335965 -1.33975e-4 -0.006919801 -0.004014432 -5e-4 -0.002435743 -0.008003532 -6.17317e-4 0.00613451 0.005773127 -5e-4 0.007236421 0.004198133 -5e-4 0.008001387 0.002442836 -5e-4 0.008353114 4.6423e-4 -5e-4 0.008222818 -0.001541137 -5e-4 0.007618069 -0.003457605 -5e-4 0.006573677 -0.005174577 -5e-4 0.00515002 -0.006592929 -5e-4 0.003429174 -0.007630884 -5e-4 0.001510441 -0.00822848 -5e-4 -4.95397e-4 -0.008351325 -1.33975e-4 -0.00232917 -0.007653355 -1.33975e-4 -4.73723e-4 -0.007985949 -1.33975e-4 0.001444339 -0.007868528 -1.33975e-4 0.003279149 -0.007297039 -1.33975e-4 0.004924714 -0.006304502 -1.33975e-4 0.006286084 -0.004948198 -1.33975e-4 0.00728476 -0.003306329 -1.33975e-4 0.007863044 -0.001473724 -1.33975e-4 0.007987618 4.43919e-4 -1.33975e-4 0.007651329 0.002335965 -1.33975e-4 0.006919801 0.004014432 -5e-4 0.006092369 0.005733489 -2.92893e-4 0.005976617 0.005624592 -1.33975e-4 0.005825817 0.005482614 -7.61204e-5 0.005740404 0.005402207 -7.29357e-5 0.005545198 0.005593121 -5.94137e-4 0.005928039 0.005972564 -2.81104e-4 0.00577259 0.005818545 -0.009739577 -0.008181989 5.43815e-5 -0.009446918 -0.00840348 5.09735e-5 -0.00947082 -0.008390128 3.92581e-4 -0.009382665 -0.008390069 -7.53926e-4 -0.009499967 -0.008332431 -7.48748e-4 -0.009707093 -0.008174121 -7.34525e-4 -0.009865999 -0.007967889 -7.1599e-4 -0.009923875 -0.007851004 -7.0549e-4 -0.009932577 -0.00786978 5.91846e-5 -0.009751558 -0.008167624 3.86922e-4 -0.009935796 -0.007860541 3.79112e-4 -0.009382665 -0.008099913 0.002313494 -0.009499967 -0.008044302 0.00229758 -0.009923875 -0.007579565 0.00216484 -0.009865999 -0.007692337 0.002197027 -0.009707093 -0.007891476 0.002253949 -0.009707093 0.008174121 7.34525e-4 -0.009865999 0.007967889 7.1599e-4 -0.009865999 0.007596373 0.002508878 -0.009923875 0.007851004 7.0549e-4 -0.009865999 -0.007123291 0.003641128 -0.009865999 -0.006286084 0.004948198 -0.009865999 -0.004924714 0.006304502 -0.009865999 -0.003279149 0.007297039 -0.009865999 -0.001444339 0.007868528 -0.009865999 4.73723e-4 0.007985949 -0.009865999 0.002364456 0.007642567 -0.009865999 0.0041188 0.00685817 -0.009865999 0.005635499 0.005678057 -0.009865999 0.006826996 0.004170298 -0.009382665 0.008390069 7.53926e-4 -0.009499967 0.008332431 7.48748e-4 -0.009499967 0.007943928 0.002623617 -0.009499967 0.007139325 0.004361152 -0.009499967 0.005893349 0.005937874 -0.009499967 0.00430727 0.007171988 -0.009499967 0.002472639 0.007992208 -0.009499967 4.95397e-4 0.008351325 -0.009499967 -0.001510441 0.00822848 -0.009499967 -0.003429174 0.007630884 -0.009499967 -0.00515002 0.006592929 -0.009499967 -0.006573677 0.005174577 -0.009499967 -0.007449209 0.003807723 -0.009865999 -0.007596373 -0.002508878 -0.009923875 0.007579565 -0.00216484 -0.009865999 0.007123291 -0.003641128 -0.009865999 0.006286084 -0.004948198 -0.009865999 0.004924714 -0.006304502 -0.009865999 0.003279149 -0.007297039 -0.009865999 0.001444339 -0.007868528 -0.009865999 -4.73723e-4 -0.007985949 -0.009865999 -0.002364456 -0.007642567 -0.009865999 -0.0041188 -0.00685817 -0.009865999 -0.005635499 -0.005678057 -0.009865999 -0.006826996 -0.004170298 -0.009499967 -0.007943928 -0.002623617 -0.009499967 -0.007139325 -0.004361152 -0.009499967 -0.005893349 -0.005937874 -0.009499967 -0.00430727 -0.007171988 -0.009499967 -0.002472639 -0.007992208 -0.009499967 -4.95397e-4 -0.008351325 -0.009499967 0.001510441 -0.00822848 -0.009499967 0.003429174 -0.007630884 -0.009499967 0.00515002 -0.006592929 -0.009499967 0.006573677 -0.005174577 -0.009499967 0.007449209 -0.003807723 -0.009865999 0.007692337 -0.002197027 -0.009707093 0.007891476 -0.002253949 -0.009499967 0.008044302 -0.00229758 -0.009382665 0.008099913 -0.002313494 -0.009739577 0.008181989 -5.43815e-5 -0.009446918 0.00840348 -5.09735e-5 -0.00947082 0.008390128 -3.92581e-4 -0.009932577 0.00786978 -5.91846e-5 -0.009751558 0.008167624 -3.86922e-4 -0.009935796 0.007860541 -3.79112e-4</float_array>
          <technique_common>
            <accessor source="#F_prop-mesh-positions-array" count="1781" stride="3">
              <param name="X" type="float"/>
              <param name="Y" type="float"/>
              <param name="Z" type="float"/>
            </accessor>
          </technique_common>
        </source>
        <source id="F_prop-mesh-normals">
          <float_array id="F_prop-mesh-normals-array" count="10575">0.321592 0.7592754 0.5657556 -0.03081351 -0.6138024 -0.7888582 -0.1121148 -0.9730285 -0.2016084 -0.1825044 0.9147453 -0.3604627 -0.009110331 0.9245853 -0.3808664 0.01253318 0.8419958 -0.5393384 -0.05886393 0.8599935 -0.5068987 -0.003611803 0.8343467 -0.5512283 4.93153e-5 0.7904622 -0.612511 1.76197e-5 0.7887331 -0.614736 1.24831e-4 0.7932271 -0.608926 7.2037e-4 0.8058825 -0.5920751 0.003431975 0.8204759 -0.5716708 -0.01467746 -0.6411075 -0.7673107 0.0191068 -0.7342723 -0.6785863 -0.03972709 -0.7839696 -0.619527 -0.001678228 -0.8233999 -0.5674591 0.003718912 -0.9074195 -0.4202097 -0.03137546 -0.8974683 -0.4399618 0.008481264 -0.957193 -0.2893264 0.3063533 -0.3825168 -0.8716815 0.07255733 -0.3959782 -0.915389 -0.1536109 -0.1743189 -0.9726339 0.1257745 -0.2443219 -0.9615027 0.03742402 -0.2033627 -0.9783881 0.01075774 -0.1406142 -0.9900061 0.00539726 -0.1216623 -0.992557 -0.004551529 -0.1326093 -0.991158 -0.005260169 -0.1373736 -0.9905054 -0.006083011 -0.1425358 -0.989771 -0.002291381 -0.1166931 -0.9931654 -0.003082156 -0.122318 -0.9924862 -0.003485858 -0.1251568 -0.9921309 -0.003692328 -0.1270888 -0.9918845 -0.003859281 -0.1277865 -0.9917942 -0.00403124 -0.1292845 -0.9915995 -0.0176115 -0.2105778 -0.9774185 -0.05613309 -0.2715866 -0.9607757 0.01410466 -0.1786649 -0.9838089 -0.008603096 -0.393294 -0.9193726 -0.01884722 -0.4080917 -0.9127464 -0.002487182 -0.4786181 -0.8780198 0.005439877 -0.5627353 -0.8266193 0.03883737 0.9838238 0.1748783 -0.03372603 0.9683435 0.2473326 0.04164272 0.9159262 0.3991805 0.07599604 0.9223633 0.3787751 -0.0703966 0.8220791 0.5650048 0.01416522 0.858618 -0.5124205 0.05625188 0.889933 -0.4526092 -0.007608532 0.8543399 -0.5196591 0.004652678 0.9434 -0.3316247 0.02679198 0.953302 -0.3008279 -3.09894e-4 0.9751293 -0.2216364 9.47871e-4 0.9978957 -0.06483411 0.03573417 0.994697 -0.0964412 -0.01220166 0.9974837 0.06984019 -1.3076e-4 0.7919185 -0.6106268 0 0.7875495 -0.6162514 0 0.7057864 -0.7084247 0 0.7057861 -0.7084251 0 0.5164823 -0.8562979 0 0.5164822 -0.8562979 0 0.2973752 -0.9547607 0 0.06110924 -0.9981311 0 0.0611093 -0.9981311 0 -0.09991794 -0.9949958 0.001187503 -0.10485 -0.9944874 0.321592 -0.7592754 -0.5657556 -0.03081351 0.6138024 0.7888582 -0.1121148 0.9730285 0.2016084 -0.1825044 -0.9147453 0.3604627 -0.009110331 -0.9245853 0.3808664 0.01253318 -0.8419958 0.5393384 -0.05886393 -0.8599935 0.5068987 -0.003611803 -0.8343467 0.5512283 4.93153e-5 -0.7904622 0.612511 1.76197e-5 -0.7887331 0.614736 1.24831e-4 -0.7932271 0.608926 7.2037e-4 -0.8058825 0.5920751 0.003431975 -0.8204759 0.5716708 -0.01467746 0.6411075 0.7673107 0.0191068 0.7342723 0.6785863 -0.03972709 0.7839696 0.619527 -0.001678228 0.8233999 0.5674591 0.003718912 0.9074195 0.4202097 -0.03137546 0.8974683 0.4399618 0.008481264 0.957193 0.2893264 0.007558703 0.1296892 0.991526 0.01242214 0.1445519 0.9894193 0.3063533 0.3825168 0.8716815 0.07255733 0.3959782 0.915389 -0.1536109 0.1743189 0.9726339 0.1257745 0.2443219 0.9615027 0.03742402 0.2033627 0.9783881 -0.005442976 0.1387543 0.9903119 -0.004166364 0.130106 0.9914914 -0.001863121 0.1135606 0.9935294 -0.003120124 0.1226521 0.9924448 -0.003617405 0.1262364 0.9919936 -0.003765404 0.1272413 0.9918647 -0.003907501 0.1283075 0.9917268 -0.004019618 0.1289895 0.9916379 -0.0176115 0.2105778 0.9774185 -0.05613309 0.2715866 0.9607757 0.01410466 0.1786649 0.9838089 -0.008603096 0.393294 0.9193726 -0.01884722 0.4080917 0.9127464 -0.002487182 0.4786181 0.8780198 0.005439877 0.5627353 0.8266193 0.03883737 -0.9838238 -0.1748783 -0.03372603 -0.9683435 -0.2473326 0.04164272 -0.9159262 -0.3991805 0.07599604 -0.9223633 -0.3787751 -0.0703966 -0.8220791 -0.5650048 0.01416522 -0.858618 0.5124205 0.05625188 -0.889933 0.4526092 -0.007608532 -0.8543399 0.5196591 0.004652678 -0.9434 0.3316247 0.02679198 -0.953302 0.3008279 -3.09894e-4 -0.9751293 0.2216364 9.47871e-4 -0.9978957 0.06483411 0.03573417 -0.994697 0.0964412 -0.01220166 -0.9974837 -0.06984019 -1.3076e-4 -0.7919185 0.6106268 0 -0.7875495 0.6162514 0 -0.7057864 0.7084247 0 -0.7057861 0.7084251 0 -0.5164823 0.8562979 0 -0.5164822 0.8562979 0 -0.2973752 0.9547607 0 -0.06110924 0.9981311 0 -0.0611093 0.9981311 0 0.09988725 0.9949988 0.003176629 0.113035 0.993586 -1 0 0 -1 -5.10488e-7 0 -1 2.76372e-7 0 -1 -2.54741e-7 0 -1 -2.26544e-7 0 -1 4.48362e-7 0 -1 2.2696e-7 0 -1 5.10488e-7 0 -1 6.8132e-7 0 -1 -6.63753e-7 0 -1 4.53966e-7 0 -1 2.69752e-7 0 -1 -3.26874e-7 0 -1 8.90825e-7 0 -1 3.89958e-7 0 -1 -6.8132e-7 0 -1 -4.48362e-7 0 -1 -2.2696e-7 0 -1 -2.76372e-7 0 -1 2.54741e-7 0 -1 -2.78363e-7 0 -1 2.26544e-7 0 -1 -2.69752e-7 0 -1 3.26874e-7 0 1 0 0 1 0 0 1 0 0 1 0 0 1 0 0 1 0 0 1 0 0 1 0 0 1 0 0 1 0 0 1 0 0 1 0 0 1 0 0 1 0 0 1 0 0 1 0 0 1 0 0 1 0 0 1 0 0 1 0 0 1 0 0 1 0 0 1 0 0 1 0 0 1 0 0 -0.7964977 0.07286155 -0.6002355 -0.797696 0.08395892 -0.5971868 -0.356423 0.5361086 -0.7652127 0.1243904 0.4825326 -0.8670002 -0.823419 0.2916775 -0.4867295 -0.5630381 0.246266 -0.7888862 -0.9785889 -0.06636905 0.1948307 -0.4006135 -0.1769148 0.899005 -0.9498741 -0.07886683 0.3025213 -0.9859312 0.1172779 0.1191039 -0.9599625 0.07973515 0.2685412 -0.9676727 0.05873656 0.2452749 -0.9410856 0.002292692 0.3381606 -0.9457781 0.04359459 0.3218746 -0.9449366 0.04249072 0.3244832 -0.9484084 -0.04826241 0.3133564 -0.9510341 -0.02794051 0.3078206 -0.9620597 -0.02498215 0.2716932 -0.9554803 0.0382896 0.29256 -0.9619225 0.08496201 0.2597823 -0.9248445 0.1084702 0.3645502 -0.9466834 -0.08386236 0.3110594 -0.9469932 -0.08793878 0.3089835 -0.9397641 -0.09647929 0.3279258 -0.9390944 -0.1134551 0.3243913 -0.9307599 -0.1114894 0.3482187 -0.9285331 -0.1306213 0.3475117 -0.9291391 -0.1425316 0.341153 -0.9170216 -0.1376664 0.3743252 -0.9112837 -0.1673994 0.3762176 -0.880883 -0.2343315 0.4112591 -0.8828216 -0.21852 0.4157825 -0.8941758 -0.1756812 0.411808 -0.9129734 -0.1845142 0.363915 -0.9115302 -0.1722318 0.3734287 -0.7596396 -0.3734518 0.5324297 -0.8164892 -0.3097643 0.4872284 -0.8225039 -0.3050468 0.4800353 -0.6616226 -0.1934713 0.7244477 -0.7185577 -0.2214248 0.659277 -0.6849078 -0.2878415 0.6693643 -0.7057619 -0.2933831 0.6448462 -0.7531099 -0.3172876 0.5763281 -0.6623641 4.45335e-4 0.7491821 -0.7171099 0.05492717 0.6947925 -0.6053299 -0.03946274 0.794996 -0.8914821 0.202588 0.4052382 -0.8947842 0.2102991 0.3938729 -0.847236 0.1241468 0.5165064 -0.9773739 -0.06946593 0.199787 -0.9706328 -0.07998508 0.2268798 -0.9439201 -0.03111171 0.328705 -0.9530531 0.03163701 0.3011462 -0.8361579 0.1164597 -0.5359824 -0.8697507 0.462588 -0.1718897 -0.3215054 0.7663733 -0.5561532 -0.8166312 0.5352109 -0.2160157 -0.6128506 0.7027613 -0.3613044 -0.6900579 0.5178558 -0.5056141 -0.3200757 0.6503282 -0.6889302 -0.3691072 0.6417846 -0.6722146 -0.994807 0.02150928 0.09948068 -0.5322561 0.8127483 -0.2369469 -0.3484865 0.8922644 -0.2870918 -0.5916852 0.4508369 -0.6683224 -0.7230024 0.3937097 -0.5676797 -0.6976542 0.5130908 -0.5000165 -0.8798745 0.3603263 -0.3098162 -0.8795152 0.3607326 -0.3103628 -0.9611435 0.2737842 -0.03529 -0.9612278 0.2735285 -0.03497439 -0.9861654 0.1417492 -0.08593642 -0.9867842 0.1398515 -0.08184546 -0.9904937 0.09654891 -0.09798276 -0.8654007 0.4936777 -0.08581393 -0.7088907 0.6843238 -0.1708067 -0.967944 -0.05904144 0.2441281 -0.97868 -0.06074041 0.196204 -0.9783478 -0.04347008 0.202351 -0.9847416 -0.04242801 0.1687714 -0.9844856 -0.03175377 0.1725682 -0.9885351 -0.02901029 0.1481791 -0.9883611 -0.02269876 0.150424 -0.9898863 -0.02275913 0.1400257 -0.9887877 0.00338447 0.1492902 -0.9629118 -0.06882214 0.2608917 -0.9602266 -0.06786912 0.2708483 -0.9604518 -0.07758307 0.2674196 -0.9536273 -0.07816004 0.2906651 -0.9538989 -0.09477138 0.2847725 -0.944007 -0.09338724 0.316433 -0.9441576 -0.1187216 0.3073624 -0.9289788 -0.1144729 0.3519865 -0.9286416 -0.1529226 0.3379933 -0.8782266 0.02733159 0.4774632 -0.7819254 -0.1065211 0.6142035 -0.9109855 -0.07027548 0.4064072 -0.8188393 -0.3176351 0.478132 -0.8385133 -0.2898821 0.4613718 -0.8221703 -0.307957 0.4787468 -0.8604097 -0.2418252 0.448571 -0.8813392 -0.2267399 0.4145243 -0.8836085 -0.1711137 0.4358397 -0.9463924 0.001958847 0.3230135 -0.9456952 0.0019477 0.3250491 -0.8981539 0.03474003 0.4383068 -0.934435 0.07935965 0.3471791 -0.8645615 0.09264332 0.4939137 -0.8254469 0.05263644 0.5620204 -0.837228 -0.01087832 0.5467458 -0.7765017 -0.2287662 0.5871212 -0.7865314 -0.2047535 0.5826186 -0.7408061 -0.2358568 0.6289499 -0.7302421 -0.06615376 0.679978 -0.5530256 -0.1689147 0.8158618 -0.6715769 -0.05860972 0.7386132 -0.5630016 0.2458955 -0.7890276 -0.6466623 0.2692535 -0.7136739 -0.6453102 0.1962054 -0.7382941 -0.7605476 0.1956778 -0.6190943 -0.7574096 0.1302619 -0.6398146 -0.9523761 0.08383047 -0.2931763 -0.9668232 0.09423792 -0.2374282 -0.9983367 0.0264545 -0.05122643 -0.998331 0.01173043 -0.05654788 -0.9545936 -0.1419335 0.2619275 -0.9553689 -0.118274 0.2707057 -0.9996345 -0.02451276 -0.01141166 -0.995052 -0.09262949 -0.03593736 -0.9952934 -0.09451514 -0.02140057 -0.990023 -0.1361093 -0.03645145 -0.9876994 -0.1224542 -0.09723621 -0.9836747 -0.1458294 -0.1054423 -0.9585163 -0.07935237 -0.2737695 -0.9596236 -0.07281458 -0.2716995 -0.6303944 -0.01548576 -0.7761207 -0.9691929 0.004013001 -0.2462703 -0.7477868 0.062267 -0.6610127 -0.9960672 0.003581047 0.08852887 -0.9966036 -0.03358471 0.07518798 -0.9899834 -0.04574406 0.1335675 -0.9884008 -0.1009843 0.113429 -0.9862499 -0.1042078 0.1282654 -0.9821098 -0.1527917 0.1100687 -0.9894721 -0.135291 0.05139422 -0.9835212 -0.1772375 0.03567719 -0.9853916 -0.09740793 -0.1396968 -0.9808451 -0.1251929 -0.1492305 -0.957049 -0.02389109 -0.2889404 -0.9460911 -0.006823003 -0.3238289 -0.9969021 -0.07802349 -0.009934365 -0.9905714 -0.133644 -0.03012806 -0.9748198 -0.1484751 0.1663778 -0.9744328 -0.1527813 0.1647382 -0.9623752 -0.146029 0.2291494 -0.9638689 -0.110419 0.2424142 -0.9138519 0.1096117 -0.3909733 -0.7796426 0.1327359 -0.6119957 -0.7529872 0.1089364 -0.6489555 -0.9896767 -0.003399729 0.1432778 -0.9898809 -0.007918715 0.14168 -0.9807436 -0.03209877 0.1926442 -0.9812496 -0.05183362 0.1856405 -0.9682739 -0.07028591 0.2398035 -0.9678902 -0.1145696 0.2237465 -0.4543648 0.4187178 -0.7862747 -0.4472552 0.394878 -0.8025174 -0.5106373 0.3827728 -0.7698926 -0.5116346 0.3627827 -0.7788574 -0.7321135 0.2965162 -0.6132602 -0.5098885 0.3415651 -0.7895234 -0.7508167 0.2439046 -0.6138281 -0.7131628 0.2517151 -0.6542464 -0.661297 0.2011916 -0.7226398 -0.9487465 0.01101189 -0.3158464 -0.9531122 0.08883392 -0.289285 -0.9309371 0.1021575 -0.3505998 -0.9302973 0.1642978 -0.3279533 -0.8973263 0.186964 -0.3998126 -0.8956814 0.2171056 -0.3880979 -0.8379313 0.2526564 -0.4837726 -0.8367785 0.2680715 -0.47743 -0.7952288 0.2912839 -0.5317565 -0.7940571 0.3046056 -0.5260124 -0.6017279 0.3847911 -0.6998996 -0.600598 0.3975328 -0.6937217 -0.7399871 0.339696 -0.5805392 -0.9919235 0.05497276 -0.1143068 -0.990579 0.09316539 -0.1003672 -0.9797441 0.1161 -0.1631632 -0.9789035 0.1292446 -0.1582521 -0.9550939 0.1651011 -0.246043 -0.9548751 0.1679955 -0.2449309 -0.9349019 0.1925476 -0.2981341 -0.9345701 0.1965258 -0.2965744 -0.9188849 0.2139965 -0.3314455 -0.9185473 0.2177098 -0.3299596 -0.9066515 0.2301878 -0.3535486 -0.9976442 0.06694108 -0.01500028 -0.9975191 0.06893378 -0.01427733 -0.9900733 0.1046777 -0.09379559 -0.9903925 0.09998577 -0.09552854 -0.9814453 0.1248427 -0.1455314 -0.9815675 0.1231132 -0.14618 -0.9735318 0.14097 -0.1798982 -0.9735665 0.140507 -0.1800727 -0.9667991 0.1537193 -0.204132 -0.9982503 0.05523192 0.02111524 -0.9988267 0.04516202 0.01748859 -0.9970632 0.07092273 -0.02889394 -0.9973886 0.06525355 -0.0309537 -0.9945071 0.08361941 -0.06295746 -0.9946988 0.08037364 -0.06414449 -0.9917436 0.0938158 -0.08742606 -0.9918187 0.09259301 -0.08787667 -0.9668365 0.1532394 -0.204316 -0.9638223 0.1589328 -0.2139793 -0.9064711 0.2320856 -0.3527696 -0.9008838 0.2378635 -0.3630834 -0.7390503 0.3488553 -0.5762852 -0.935679 -0.1334816 0.3266304 -0.9408339 -0.1353542 0.3106621 -0.8531659 -0.1964315 0.483242 -0.8501166 -0.257894 0.4591216 -0.7719029 -0.3104479 0.5547864 -0.7700862 -0.3290908 0.5465041 -0.7923444 -0.3112042 0.5247309 -0.7177106 -0.3950074 0.5734637 -0.6711239 0.2545247 -0.6962829 -0.7796953 0.2237499 -0.5848174 -0.7793272 0.1823238 -0.5995058 -0.7644092 0.1826618 -0.6183149 -0.905603 0.06043422 -0.4197989 -0.9007605 0.01428705 -0.4340813 -0.8726696 0.04297965 -0.4864162 -0.8671335 0.001736521 -0.4980728 -0.8638508 0.005518198 -0.5037177 -0.8622255 -0.00713092 -0.5064744 -0.9332513 -0.07723069 -0.3508242 -0.9017627 -0.06916743 -0.4266616 -0.9073078 -0.0738396 -0.413933 -0.9558351 -0.07831645 -0.2832772 -0.966497 0.003488779 -0.2566544 -0.9971231 -0.01507002 -0.07428669 -0.9977197 0.03965979 -0.05461412 -0.9992256 0.02182185 0.03274399 -0.9982855 0.04255598 0.04018974 -0.9951313 0.02509683 0.09530985 -0.9955216 0.0180329 0.0927987 -0.9923077 0.006119012 0.1236444 -0.9925751 4.43274e-4 0.1216326 -0.9972846 0.009981334 0.07296496 -0.9970341 0.01628684 0.07521891 -0.9988298 0.02475684 0.04154896 -0.9986761 0.02843469 0.04286837 -0.9991797 0.03601872 0.01851284 -0.999087 0.03812903 0.0192725 -0.9991308 0.04067915 0.00910741 -0.9970737 0.07351303 0.02097773 -0.9970818 0.07454258 0.01647961 -0.9832862 0.1743093 0.0525797 -0.9605985 -0.06920677 0.269186 -0.9445286 -0.1089268 0.30984 -0.8943657 -0.1458325 0.4228984 -0.8939966 -0.1791617 0.4106963 -0.808489 -0.2270669 0.5429422 -0.8060424 -0.2768327 0.5231246 -0.7397581 -0.3214079 0.5911472 -0.7436092 -0.2351677 0.6258926 -0.7106609 -0.2709534 0.6492653 -0.7070916 -0.1365463 0.6938132 -0.6290358 -0.1840029 0.755286 -0.6671565 -0.06125444 0.7423949 -0.5377796 -0.1957578 0.8200439 -0.5496193 -0.06409078 0.8329533 -0.4984449 -0.1074247 0.8602399 -0.9991309 -0.02089315 0.03606897 -0.9842539 -0.04910492 0.1698031 -0.9843172 -0.06035423 0.1657623 -0.9470084 -0.123472 0.2965298 -0.9484103 -0.1261095 0.2908856 -0.874643 -0.103242 0.4736465 -0.8763552 -0.1733875 0.4493754 -0.8764308 -0.1735255 0.4491749 -0.8821249 -0.1555998 0.4445724 -0.881988 -0.1766345 0.4369181 -0.9267637 -0.1146903 0.3577086 -0.9264991 -0.101465 0.3623594 -0.9487752 -0.07287442 0.3074331 -0.9505422 -0.06516879 0.3036819 -0.9625667 -0.05737507 0.2649029 -0.9656665 -0.03499329 0.2574173 -0.9895192 0.002557098 0.1443783 -0.9775708 0.1081767 0.1807019 -0.9793712 0.1433439 0.1424245 -0.9273312 0.3741945 0.005962371 -0.9290767 0.3697764 0.009049475 -0.7356541 0.6586911 -0.1579212 -0.8062539 0.5368421 -0.2485064 -0.9033768 0.41457 -0.1097376 -0.956131 0.2179493 -0.1957335 -0.9952291 0.09746217 0.004508137 -0.9618606 0.1802905 -0.2057172 -0.8972496 0.2669388 -0.3516914 -0.8975859 0.2666323 -0.3510653 -0.7259195 0.3920429 -0.5651047 -0.7308029 0.3530603 -0.584188 -0.3461182 0.4656681 -0.8144664 -0.4451933 0.4379982 -0.7809997 -0.8584157 -0.2658957 0.4386594 -0.8708006 -0.2161816 0.4415563 -0.9022924 -0.1958181 0.384088 -0.9036133 -0.1445513 0.4032222 -0.9357827 -0.119935 0.3315516 -0.9680528 -0.0632866 0.2426287 -0.9605309 -0.06678611 0.2700371 -0.9817598 -0.0354833 0.1867849 -0.9819176 -0.0411002 0.1847937 -0.9701974 -0.03488129 0.2397924 -0.9712047 -0.06495273 0.2292219 -0.9553385 -0.05521196 0.2903103 -0.9563687 -0.09718197 0.2755261 -0.936232 -0.08493959 0.3409619 -0.9366795 -0.1352284 0.3230246 -0.9298608 -0.1250964 0.3459911 -0.9296338 -0.145462 0.3385586 -0.9413933 -0.1584218 0.2977939 -0.9420175 -0.142842 0.3036432 -0.9867494 -0.1263179 0.1018309 -0.988917 -0.09631723 0.1129879 -0.9822258 0.007119119 -0.1875685 -0.983824 0.05672514 -0.1699191 -0.8882209 0.1626384 -0.4296656 -0.8542098 0.2938498 -0.4289267 -0.8594337 0.2382276 -0.4523511 0.9662765 0.1200354 -0.2278186 0.9725337 -0.05123645 0.2270528 0.731446 0.1210796 -0.6710637 0.8103033 0.4374015 -0.3899856 0.9515876 0.2192844 -0.2153963 0.9783643 0.09634846 -0.1830857 0.8612402 0.1777962 -0.4760816 0.8637427 0.4147589 -0.2862234 0.4978988 0.3948892 -0.7721137 0.7734832 0.5338458 -0.3416613 0.1226229 0.8534271 -0.5065828 0.3234398 0.451133 -0.8317847 -0.2776882 0.4784498 -0.8330518 0.7860679 0.3188691 -0.5295467 0.3886668 0.3991065 -0.8304531 0.3766545 0.4156474 -0.82787 0.3761696 0.4260344 -0.8227948 0.3405781 0.4098318 -0.8461941 0.359728 0.37198 -0.8557025 0.2857156 0.3854728 -0.8773695 0.3211842 0.3490662 -0.8803372 0.7550454 0.197131 -0.6253367 0.0219649 0.3570918 -0.9338111 0.4831736 0.2350689 -0.8433777 0.1935532 0.2769189 -0.9411978 0.1923921 0.2132671 -0.9578635 0.5383982 0.1490164 -0.8294103 0.07368981 0.1723567 -0.9822745 0.07330417 0.1445674 -0.9867759 0.1095808 0.1223559 -0.9864184 -0.5333078 0.08212435 -0.8419255 -0.001667201 0.4371569 -0.8993839 0.01607322 0.4426897 -0.8965309 0.01070535 0.4373567 -0.8992245 0.01963204 0.4418213 -0.8968883 -0.6081458 0.2172377 -0.7635225 0.477794 0.4691172 -0.742726 0.308223 0.4609897 -0.8321581 0.3317095 0.4616549 -0.822705 0.1786025 0.4494715 -0.875258 0.6021633 0.4853076 -0.6339369 0.4661245 0.4931985 -0.7344952 0.929658 0.3404682 -0.1407748 0.9290459 0.3350543 -0.1568833 0.9324325 0.3344431 -0.1368125 0.9653668 0.2230747 -0.1352946 0.9777716 0.1055141 -0.181189 0.9711388 0.1106404 -0.2113013 0.9929261 0.05550765 -0.1049609 0.9985737 -0.001688838 0.05336618 0.9056487 -0.2590087 -0.3357305 0.9728703 -0.06828212 0.2210453 0.9245495 -0.1141369 0.3635671 0.9161236 -0.1174932 0.3832924 0.8578622 -0.2109835 0.4685707 0.9318553 -0.03586035 -0.3610537 0.9249523 -0.07497477 -0.372615 0.9959387 -0.0844472 0.03122186 0.9694797 -0.2446741 -0.01560705 0.8740292 0.1341531 -0.4669859 0.917555 0.05940061 -0.393147 0.9310395 -0.01747214 -0.3644999 0.8999722 0.2293861 -0.3707187 0.8652171 0.2849686 -0.4125436 0.8801306 0.2440702 -0.4071853 0.9364982 0.1827477 -0.2992902 0.9271267 0.2130237 -0.3083136 0.9206699 0.2086943 -0.329869 0.9042967 0.2426803 -0.3512177 0.9042599 0.2430219 -0.351076 0.9668681 0.1319327 -0.2185404 0.9524208 0.155831 -0.2619379 0.9460145 0.1747592 -0.2729763 0.944614 0.1851126 -0.270994 0.9785961 0.09948718 -0.1801443 0.9702571 0.1135003 -0.21382 0.9665197 0.1286209 -0.2220278 0.9800145 0.08595639 -0.1793969 0.9854901 0.07680237 -0.1513632 0.9861352 0.06747841 -0.1516052 0.9949496 0.05013692 -0.08695745 0.9949468 0.04585975 -0.08931803 0.9963185 0.04678279 -0.07184016 0.9962697 0.04421871 -0.07410454 0.996527 0.04594355 -0.06945002 0.9964864 0.05182987 -0.06579136 0.9964197 0.05277901 -0.06604772 0.9964969 0.06555753 -0.0519253 0.99493 0.09491437 -0.0332486 0.9948337 0.09358197 -0.03934973 0.99509 0.0919556 -0.03661054 0.9487867 0.07037872 -0.3079783 0.9493904 0.09354186 -0.2998468 0.9623526 0.08502399 -0.2581638 0.9623795 0.0924679 -0.2554906 0.9704475 0.08479988 -0.2259218 0.9704065 0.09093052 -0.2237029 0.975794 0.08398246 -0.2019237 0.9757284 0.08877259 -0.2001837 0.9778089 0.08292949 -0.1923861 0.9773238 0.1029294 -0.1850509 0.9589628 0.1413401 -0.2457914 0.8356597 0.3114342 -0.4524176 -0.005275249 0.6733004 -0.7393503 0.9072983 0.2991276 -0.2955211 0.9412271 0.2447342 -0.2328019 0.9525223 0.2165477 -0.2140287 0.7915645 0.5358282 -0.2937922 0.987405 -0.1409869 -0.0717929 0.6204493 0.7233 -0.303117 0.3476995 0.8798848 -0.3238949 -0.9535701 0.3011667 0.001674413 0.5053864 0.6584076 -0.5577492 0.6188756 0.6078156 -0.4975472 0.8101643 0.4375892 -0.3900634 0.7815169 0.5251893 -0.3367604 0.7838625 0.5226884 -0.3351958 0.7644956 0.5695719 -0.301885 0.9427069 0.2771515 -0.1857175 0.8965333 0.3726725 -0.2394648 0.9469676 0.2653301 -0.1812525 0.961529 0.2158517 -0.1699122 0.9338328 0.2370417 -0.2678951 0.9373021 0.2081441 -0.2795369 0.8731909 0.173285 -0.4555329 0.8586496 0.33342 -0.389297 0.8687891 0.3284991 -0.3705317 0.8499349 0.4102541 -0.3306089 0.9022681 0.3953983 -0.1719661 0.009763538 0.4392789 -0.8982977 -0.3681333 0.3185524 -0.8735001 -0.09821295 0.4011712 -0.9107228 -0.09861057 0.3377405 -0.9360594 -0.1397852 0.3278385 -0.9343351 0.7395085 0.2061841 -0.6407928 0.7332663 0.3507247 -0.5825057 0.2215251 0.3565711 -0.9076253 0.4829044 0.4048935 -0.7764436 0.3886942 0.4041526 -0.8279961 0.3342456 0.3998708 -0.8534538 0.823089 0.1288976 -0.5530913 0.824714 0.2113264 -0.5245837 0.7906622 0.200545 -0.5784767 0.7795473 0.3622579 -0.5109552 0.5953766 0.391207 -0.701772 0.5875161 0.4618452 -0.6644727 0.3661347 0.4745265 -0.8004811 0.07142734 0.2718393 -0.9596883 0.8183279 0.2774557 -0.5033466 -0.6443265 0.009271562 -0.7646945 0.5324205 0.07880496 -0.8428038 0.5985164 0.08453041 -0.7966384 0.7245845 0.08763223 -0.6835919 0.02923983 0.1241644 -0.9918308 0.02860397 0.04245138 -0.9986891 0.1887518 0.05711215 -0.9803627 0.1901171 0.08313316 -0.9782354 0.5243304 0.08043634 -0.8477073 0.5269132 0.1040357 -0.8435278 0.6817545 0.08743345 -0.7263376 0.4593048 0.1689102 -0.8720714 0.54128 0.17662 -0.8220836 0.6943385 0.1799725 -0.6967812 0.6876454 0.09604513 -0.719666 0.7974749 0.09398698 -0.5959868 0.7975265 0.09453314 -0.5958315 0.879311 0.07394433 -0.4704725 0.8815071 0.1063644 -0.4600347 0.3903796 0.3055339 -0.8684774 0.4637169 0.3110383 -0.8295914 0.6418281 0.3080627 -0.7022494 0.6409095 0.1905487 -0.7435902 0.7775866 0.1861717 -0.6005825 0.7732366 0.1087924 -0.6247156 0.8416875 0.1013549 -0.5303673 0.8426421 0.1153058 -0.5259838 0.9084796 0.1024935 -0.4051667 0.9064627 0.06717222 -0.4169095 0.8452136 0.09612798 -0.5257123 0.8428284 0.06970369 -0.5336495 0.7841934 0.08002269 -0.6153351 0.7236377 0.07950651 -0.6855853 0.7162191 0.08031207 -0.693239 0.5979161 0.07954758 -0.7976018 0.4604979 0.08361059 -0.8837143 0.4596076 0.07540154 -0.8849155 0.3600816 0.06782919 -0.9304518 0.3673924 0.162443 -0.9157702 0.258166 0.1508269 -0.9542545 0.2624785 0.2961475 -0.9183691 0.1978874 0.288363 -0.9368497 0.1979689 0.3881691 -0.900074 0.1816495 0.3859904 -0.9044418 0.1807321 0.4496999 -0.8747034 0.08794629 0.4368494 -0.8952252 0.6364287 0.145501 -0.757488 0.6144634 0.1513757 -0.7742869 0.6118736 0.1214319 -0.7815786 0.834882 0.3122636 -0.4532811 0.8399336 0.2659863 -0.4730358 0.8386089 0.2670306 -0.4747946 0.8403247 0.2419191 -0.4851078 0.8375082 0.2440264 -0.4889081 0.8380486 0.2330502 -0.4933175 0.8253291 0.2422315 -0.5100548 0.8261058 0.2225314 -0.5177151 0.8110266 0.232476 -0.5368339 0.8115601 0.2053863 -0.5469796 0.7902891 0.2178519 -0.5726986 0.7900071 0.180443 -0.5859431 0.7592144 0.1957898 -0.6206932 0.5418777 0.5029113 -0.6733861 0.5517382 0.429305 -0.7150402 0.655732 0.3916941 -0.6454388 0.6597567 0.3477398 -0.6661819 0.6539779 0.35025 -0.6705505 0.6548545 0.3374616 -0.6762288 0.6363327 0.3452402 -0.6898478 0.6375742 0.3222073 -0.6997726 0.6202246 0.3289626 -0.7121131 0.6213107 0.2972007 -0.7250137 0.5973153 0.3057104 -0.741455 0.5976849 0.2620427 -0.7576982 0.5643754 0.2724423 -0.7792662 0.5262511 0.5850868 -0.6170359 0.8267172 0.3669412 -0.4264891 0.8265877 0.3671035 -0.4266003 0.9150034 0.2499762 -0.3166714 0.9548634 0.15105 -0.2557731 0.9573825 0.1444937 -0.2500808 0.9195171 0.1843841 -0.3471177 0.9202862 0.1676854 -0.3534898 0.9166021 0.1714479 -0.3611735 0.9168992 0.1625927 -0.3644989 0.9083045 0.1711576 -0.381691 0.908662 0.1553195 -0.3875683 0.8962696 0.1661859 -0.4111973 0.8963837 0.144558 -0.4190458 0.878217 0.1580354 -0.4513975 0.8776585 0.1281642 -0.4618328 0.8491205 0.1450961 -0.5078794 0.9752307 0.1749857 -0.1352964 0.9836155 0.1362593 -0.1180424 0.9749724 0.1521802 -0.162081 0.9782881 0.09945058 -0.18183 0.9576913 0.1443458 -0.2489812 0.9587107 0.1172129 -0.2591046 0.9560481 0.1205365 -0.2672885 0.9561764 0.1140205 -0.2696779 0.9492372 0.1226834 -0.2896507 0.9493675 0.1109549 -0.2939223 0.9393805 0.1213232 -0.3206945 0.9393348 0.105558 -0.3263555 0.9239907 0.1182169 -0.3636838 0.9234964 0.09668016 -0.3712241 0.8979943 0.1123433 -0.4254236 0.8963876 0.0814197 -0.4357295 0.847531 0.1117092 -0.5188568 0.8256973 0.1190044 -0.5514183 0.7574233 0.1507745 -0.6352772 0.7341976 0.1593101 -0.6599805 0.5631086 0.2156459 -0.7977504 0.6395636 0.1956313 -0.7434291 0.4286652 0.2471562 -0.8689996 0.4261296 0.1861698 -0.8852992 -0.6891059 0.1732245 -0.7036522 0.3574336 0.1549355 -0.9209974 0.3545471 0.1131934 -0.9281615 -0.3668983 0.3122056 -0.8763067 -0.2835365 0.3162667 -0.905308 -0.5582931 0.1941707 -0.806602 -0.4204672 0.2379477 -0.8755503 -0.2700458 0.206305 -0.9404858 0.6537936 0.2771282 -0.7040979 -0.6165522 0.003044605 -0.7873082 0.09379279 0.05798888 -0.9939015 -0.4608014 1.71056e-4 -0.8875033 -0.00909245 0.0773366 -0.9969636 0.2838636 0.08141928 -0.9554017 0.2863693 0.1183883 -0.9507769 0.5713237 0.09859967 -0.8147805 0.5743469 0.1288031 -0.8084154 0.6841384 0.1092705 -0.7211204 0.8065069 0.08992999 -0.5843452 0.7858793 0.09640407 -0.6108192 0.8234967 0.09072804 -0.5600193 0.874894 0.07058316 -0.4791434 0.8773013 0.1036846 -0.4686067 0.9253384 0.06908667 -0.3727949 0.9268729 0.1069146 -0.3598276 0.9936036 0.08776181 -0.07106351 0.9903927 0.1072186 -0.08732968 0.9927178 0.0591197 -0.104959 0.9921026 0.06355315 -0.1081367 0.9923365 0.0492565 -0.1133232 0.9910299 0.05653601 -0.1210938 0.9910943 0.04901593 -0.1238128 0.9875305 0.06381189 -0.1439156 0.9875906 0.05115747 -0.1484845 0.9818996 0.07331019 -0.1746398 0.9818808 0.05321276 -0.1818752 0.9721851 0.08673739 -0.2175608 0.9718934 0.05509668 -0.2288838 0.9539089 0.1068594 -0.2804265 0.9531238 0.06309306 -0.2959297 0.9386337 0.119093 -0.3237031 0.9374938 0.0703423 -0.3408188 0.9168446 0.1363466 -0.3752409 0.9154741 0.08366632 -0.3935827 0.8862692 0.1557873 -0.436185 0.8851726 0.1099726 -0.4520792 0.8579365 0.19891 -0.4736877 0.8296862 0.2075647 -0.5182064 0.8150247 0.3626574 -0.4519009 0.715936 0.388345 -0.5801929 0.7019245 0.4678795 -0.5370203 0.7278217 0.4717728 -0.4977007 0.8865704 0.1859549 -0.4235727 0.9715062 0.09664839 -0.216414 0.9979066 0.05384159 -0.03582483 0.9983339 -0.006277859 -0.05735993 0.9703416 -0.08510839 0.2262604 0.9159592 -0.1595481 0.3681891 0.8423848 -0.1918489 0.5035693 0.8420467 -0.2105315 0.4966227 0.725605 -0.2875564 0.625147 0.6023754 -0.3793703 0.7022977 0.7798133 -0.2725852 0.5635501 0.7702632 -0.367724 0.5210314 0.9337239 -0.2274106 0.2764855 0.9397773 -0.1524928 0.3058832 0.9974574 -0.07023179 0.01209908 0.9969782 -0.07708328 0.009629487 0.9157919 0.1139675 -0.3851452 0.9013169 0.1098769 -0.4189927 0.9019767 0.150536 -0.4046938 0.8493847 0.2070046 -0.4854841 0.965825 0.1306096 -0.2238821 0.9508159 0.1681008 -0.2601757 0.9519503 0.1496248 -0.2672135 0.9305217 0.1978495 -0.3081966 0.9325531 0.1666854 -0.3202513 0.9025619 0.2264347 -0.3662096 0.9050098 0.1903768 -0.3804129 0.8571601 0.2472565 -0.4518193 0.865892 0.2124615 -0.45287 0.9670448 0.1326305 -0.2173328 0.9811415 0.113765 -0.1562656 0.9820083 0.09500932 -0.1631962 0.989894 0.07343679 -0.1213137 0.9899863 0.0700969 -0.1225307 0.9941368 0.05659127 -0.09213912 0.9942516 0.05087244 -0.09421199 0.995758 0.08140462 -0.04288721 0.9958926 0.07232493 -0.05447101 0.9967685 0.07568979 -0.02689808 0.9980858 0.05017524 -0.03615456 0.9979732 0.04311269 -0.04680722 0.9982468 0.03828561 -0.04514086 0.9983759 0.03110891 -0.04772871 0.9977163 0.03769522 -0.05604767 0.9977767 0.03372967 -0.05748063 0.9957671 0.04699546 -0.07899051 0.9958624 0.04057919 -0.08131086 0.9921106 0.06127887 -0.1093684 0.9922857 0.04986125 -0.1135041 0.9849599 0.08244562 -0.1518455 0.9852802 0.06316357 -0.1588501 0.9698973 0.1156567 -0.2142961 0.9705315 0.08329051 -0.2261227 0.9562909 0.142412 -0.2553951 0.9573682 0.0971682 -0.2720378 0.9373439 0.1673094 -0.3056042 0.9386946 0.1123532 -0.3259282 0.9108887 0.1919854 -0.3652715 0.9123446 0.1447916 -0.3829656 0.9016935 0.170014 -0.3975476 0.8975855 0.2383091 -0.3708761 0.9554818 0.1172505 -0.2707526 0.9543782 0.1478761 -0.259413 0.9761754 0.1068837 -0.1888318 0.2388256 0.5762346 0.7816112 -0.4467206 0.4764656 0.7572458 -0.6395267 0.3904942 0.6622083 -0.868166 0.2124175 0.4485161 0.04006278 0.5742337 0.8177107 -0.1669189 0.5527899 0.8164321 -0.3059377 0.5224549 0.7958914 0.6632223 0.4815401 0.5729359 0.4376003 0.5502281 0.7111646 0.965093 0.217623 0.1457256 0.2952935 -0.350353 0.8888501 0.9550341 -0.2787399 0.1010644 0.8324944 -0.3552154 0.4251765 0.6940345 -0.3786169 0.6123443 0.8345556 -0.3566861 0.4198715 0.3484847 -0.3649427 0.8633512 0.2882212 -0.3563963 0.888769 0.6141117 -0.3824998 0.6903339 0.199867 -0.342972 0.9178364 0.1290004 -0.3290066 0.9354752 0.3184992 -0.3617633 0.8761768 0.05972218 -0.3149625 0.9472234 -0.0158863 -0.2970787 0.9547209 -0.01798486 -0.2965971 0.9548333 -0.06675648 -0.2838436 0.9565441 -0.06401872 -0.2879142 0.9555141 -0.3483002 -0.196306 0.9165975 -0.2594811 -0.227087 0.9386698 -0.1199045 -0.2698322 0.9554128 -0.1192696 -0.2586085 0.9585909 -0.8240556 0.2597831 0.5034333 -0.8187648 0.2185743 0.5308952 -0.833577 0.2063486 0.5124155 -0.8278304 0.1492846 0.5407505 -0.8391444 0.1418441 0.5250876 -0.8300787 0.05867975 0.5545504 -0.8473952 0.05201095 0.5284093 -0.8425661 -0.04184478 0.5369651 -0.846938 -0.04195308 0.5300342 -0.8446525 -0.09541505 0.5267429 -0.844924 -0.09537196 0.5263153 -0.84438 -0.1146742 0.5233281 -0.8391166 -0.1158444 0.5314731 -0.8385866 -0.1276391 0.5296044 -0.8262267 -0.1303938 0.5480393 -0.8252142 -0.1524323 0.5438621 -0.8099849 -0.1560555 0.5653064 -0.8089784 -0.1722465 0.5620368 -0.8061169 -0.1729896 0.5659066 -0.8051165 -0.1895493 0.5620129 -0.7864309 -0.1944604 0.5862693 -0.7851393 -0.2151142 0.5807602 -0.7782993 -0.2170411 0.5891889 -0.7777757 -0.2237265 0.5873768 -0.7760297 -0.2242632 0.5894778 -0.7745319 -0.242266 0.5843009 -0.7491555 -0.2495085 0.6136054 -0.7475101 -0.2723145 0.6058659 -0.7397235 -0.2746775 0.6142975 -0.7375646 -0.2979483 0.6059912 -0.7154525 -0.3049877 0.628578 -0.7132284 -0.3374553 0.6143527 0.9983062 0.0469501 0.03436177 0.9849404 0.1234104 -0.1210879 0.9845128 0.1291163 -0.1185907 0.9892097 0.1175624 -0.08742743 0.9894402 0.1148796 -0.08837926 0.9908343 0.111141 -0.07678014 0.9915698 0.1021149 -0.07976126 0.9951568 0.09000152 -0.03953045 0.9956575 0.08336985 -0.04141956 0.9958499 0.08256077 -0.0382986 0.9960269 0.08006089 -0.03899526 0.9966721 0.07688379 -0.02708673 0.997168 0.06934571 -0.02910852 0.9981302 0.06087076 0.005573749 0.9984663 0.05519562 0.004305839 0.9984914 0.05392938 0.01032495 0.9987841 0.04844868 0.009108006 0.9981411 0.04118055 0.04492998 0.9984828 0.03373861 0.04351782 0.9961082 0.02660709 0.084028 0.9963032 0.02159261 0.08315038 0.9941134 0.01775932 0.10688 0.9938597 0.02441805 0.1079206 0.9927892 0.02327835 0.117592 0.9914696 0.05230385 0.1193841 0.990512 0.05242085 0.1270361 0.9870315 0.103506 0.1227003 0.9841388 0.1076269 0.1410226 0.9804763 0.1518388 0.1249451 0.9774042 0.1584212 0.1399422 0.9743574 0.1862113 0.1263056 0.9615131 0.2132529 0.1732515 0.9597873 0.2284567 0.1631435 0.837426 0.377602 0.3951386 -0.6822448 -0.3691704 0.6310746 -0.6807926 -0.3970917 0.6154996 -0.6410578 -0.4146329 0.6458518 -0.6408769 -0.4434448 0.6266049 -0.5972947 -0.4642752 0.6539783 -0.5974506 -0.4691324 0.6503595 -0.5584912 -0.4891557 0.6699361 -0.5503553 -0.440842 0.709061 -0.5368344 -0.447355 0.7153198 -0.5303399 -0.3790724 0.7583164 -0.5260042 -0.3810418 0.7603465 -0.5178478 -0.3181988 0.7940927 -0.4670042 -0.3376799 0.8172389 -0.4575957 -0.2846642 0.8423613 -0.4490129 -0.2882624 0.8457496 -0.4935727 0.4593424 0.7385056 -0.4858616 0.4016421 0.7762875 -0.4953631 0.398266 0.7720102 -0.4857378 0.3036615 0.8196637 -0.4969885 0.3004108 0.8140982 -0.481344 0.1543317 0.8628382 -0.4995365 0.150971 0.8530364 -0.4910446 -0.02196788 0.8708574 -0.4953105 -0.02212375 0.8684344 -0.4912241 -0.1225688 0.8623664 -0.4901704 -0.1226149 0.8629593 -0.4891638 -0.1564642 0.858043 -0.4782621 -0.1570904 0.8640534 -0.477481 -0.1709287 0.8618556 -0.4546404 -0.1721155 0.873887 -0.4531235 -0.199898 0.8687462 -0.4274219 -0.2012308 0.8813721 -0.4265854 -0.2216658 0.8768633 -0.4215018 -0.2219932 0.8792356 -0.4204314 -0.2430056 0.8741771 -0.3912717 -0.244476 0.887208 -0.3895962 -0.270389 0.8804003 -0.3791615 -0.270946 0.8847739 -0.3784798 -0.2793415 0.882452 -0.3758326 -0.2795374 0.8835207 -0.3742522 -0.3020691 0.8767495 -0.3369168 -0.3037664 0.8911864 -0.3346849 -0.3320542 0.8818878 -0.3236449 -0.3325669 0.8858066 -0.3206562 -0.3667482 0.873313 -0.2892855 -0.3682524 0.8835746 -0.2838289 -0.4424803 0.8506776 -0.2443174 -0.4454694 0.8613165 -0.241113 -0.5112255 0.8249322 -0.1904323 -0.5160923 0.8350955 -0.1899516 -0.5738146 0.7966525 -0.1367539 -0.5797387 0.8032444 -0.1382727 -0.6159103 0.775587 -0.09375584 -0.6220249 0.7773641 -0.0869888 -0.5776407 0.811643 -0.07495874 -0.5793425 0.8116301 -0.06548112 -0.4949266 0.8664641 -0.06201976 -0.4954848 0.8663998 -0.05544596 -0.4384639 0.8970369 -0.02732145 -0.4425001 0.8963522 -0.01963376 -0.4016441 0.9155853 -0.01706141 -0.4021912 0.9153967 -0.06321388 0.5677543 0.8207675 -0.05542498 0.5024092 0.8628519 -0.04899215 0.5030692 0.8628565 -0.03733164 0.3916249 0.9193674 -0.04307156 0.391108 0.9193364 -0.02697438 0.2147466 0.9762972 -0.03798091 0.2139975 0.9760956 -0.02541071 0.003005802 0.9996726 -0.02679121 0.002940297 0.9996368 -0.02128118 -0.1205437 0.99248 -0.01818889 -0.120449 0.9925529 -0.01621043 -0.1606892 0.9868719 -0.001293241 -0.160244 0.9870766 -6.36181e-4 -0.1727381 0.9849676 0.02919971 -0.1714988 0.9847516 0.03065419 -0.1981248 0.9796974 0.06094557 -0.1964242 0.9786231 0.06179636 -0.2161566 0.9744011 0.0677399 -0.21583 0.9740784 0.06881165 -0.2361077 0.9692875 0.1016927 -0.2335815 0.9670048 0.102839 -0.2582655 0.9605848 0.1148502 -0.2572442 0.9594973 0.1153177 -0.265247 0.9572597 0.1180858 -0.2650241 0.9569839 0.1195648 -0.2865353 0.9505798 0.1598259 -0.2820672 0.9459883 0.1621236 -0.3086749 0.9372491 0.1734864 -0.3072592 0.9356786 0.1764884 -0.3438668 0.9222839 0.2087763 -0.3393057 0.9172155 0.2153446 -0.4248854 0.8792606 0.2546442 -0.4187675 0.8716594 0.2586715 -0.4974699 0.8280174 0.3072144 -0.4890587 0.8163583 0.3080301 -0.5611921 0.7682323 0.3573186 -0.5516948 0.7536289 0.3547811 -0.6099368 0.7085955 0.3939076 -0.6024072 0.6942207 0.3975229 -0.5735332 0.7162648 0.4041745 -0.5724314 0.713418 0.4152396 -0.4913725 0.7655908 0.4167128 -0.4912376 0.7648767 0.4207999 -0.45393 0.7854139 0.4185489 -0.4541169 0.786508 0.4223993 -0.4339378 0.7957869 0.4183529 -0.4338843 0.7979507 0.3799999 0.5596635 0.7364624 0.3864752 0.5012 0.7742322 0.4070012 0.4981305 0.7656476 0.4189882 0.3938832 0.8181107 0.4197397 0.3938421 0.8177452 0.4327432 0.2272946 0.8723936 0.431315 0.2273681 0.8730813 0.4460178 0.02723449 0.8946097 0.4474804 0.0272842 0.8938774 0.4532497 -0.08989167 0.8868395 0.4584028 -0.08943015 0.8842337 0.4599384 -0.1263678 0.878913 0.4761666 -0.124482 0.8704996 0.477004 -0.1325872 0.8688429 0.5056039 -0.1286571 0.8531191 0.5065189 -0.1476032 0.8495011 0.5345836 -0.1428731 0.8329511 0.5352191 -0.1569621 0.8300021 0.5402869 -0.1560515 0.8268846 0.5405927 -0.1705943 0.8238065 0.5687934 -0.1644718 0.805868 0.5698368 -0.1817694 0.8014025 0.5797398 -0.1793657 0.7948143 0.5802019 -0.1849413 0.7931976 0.5826632 -0.1843683 0.791525 0.5836247 -0.1994584 0.7871459 0.6163757 -0.1898787 0.7642167 0.6179676 -0.2080903 0.7581651 0.6271622 -0.2050784 0.7514057 0.6296598 -0.2349235 0.7404995 0.6546774 -0.2255256 0.7214816 0.6604723 -0.3009788 0.6878867 0.6899101 -0.2875039 0.6643537 0.6936382 -0.3594113 0.6242513 0.7284744 -0.3403952 0.5945219 0.7291869 -0.4089236 0.5486966 0.7629235 -0.3872665 0.5176606 0.759376 -0.4533526 0.4667114 0.7846466 -0.4354348 0.441278 0.7852967 -0.4294008 0.4460092 0.7873799 -0.4280176 0.4436595 0.7957462 -0.369264 0.4800333 0.7957451 -0.3692604 0.4800381 0.7967645 -0.360431 0.4850319 0.7763591 -0.3697727 0.5104261 0.7754858 -0.3747017 0.508154 0.7683172 -0.376843 0.5173762 0.746126 0.4385882 0.5009356 0.750317 0.3979039 0.5279177 0.7752189 0.3844807 0.501209 0.7837219 0.3101541 0.5381306 0.7893049 0.3075951 0.5313973 0.7975742 0.1890454 0.5728327 0.8028581 0.1877548 0.5658331 0.8138456 0.04511415 0.5793272 0.8164883 0.04516887 0.5755924 0.8204239 -0.0378642 0.5705007 0.8250458 -0.03695845 0.5638559 0.826136 -0.06171083 0.5600814 0.8379427 -0.05853027 0.5426106 0.8379465 -0.06033974 0.5424066 0.8576892 -0.05411863 0.5113124 0.8579978 -0.06069231 0.5100551 0.8751645 -0.05392277 0.4808112 0.8754244 -0.05884641 0.4797596 0.8782737 -0.05760383 0.4746758 0.8785683 -0.0626558 0.4734892 0.8945636 -0.05432873 0.4436264 0.8949466 -0.05987381 0.4421378 0.9001752 -0.05672448 0.4318183 0.900326 -0.05849349 0.4312674 0.901634 -0.05772036 0.4286308 0.9019475 -0.06258463 0.4272868 0.9189758 -0.05012673 0.3911148 0.9194157 -0.05540764 0.3893646 0.9239989 -0.05152344 0.3789082 0.9252856 -0.06711483 0.3732857 0.9370157 -0.05517882 0.3449015 0.9404902 -0.1016514 0.3242611 0.9531688 -0.08417648 0.290489 0.9554306 -0.1314142 0.2643536 0.9685669 -0.1069444 0.2245911 0.9690138 -0.1547752 0.1925018 0.9799292 -0.1270554 0.1536093 0.9766632 -0.1847369 0.109551 0.9834887 -0.1620773 0.08050417 0.9815275 -0.179668 0.06575036 0.9815297 -0.1796603 0.06573849 0.9842911 -0.1580642 0.07865595 0.9840406 -0.1588384 0.08021587 0.9812575 -0.1802996 0.06801313 0.9700644 -0.2072698 0.1265478 0.9649627 -0.2365857 0.1134653 0.9612037 -0.2427072 0.1310753 0.9550628 -0.07166409 -0.2876099 0.9576013 -0.05883538 -0.2820252 0.9510388 -0.04862058 -0.3052235 0.9589441 -0.001134037 -0.2835932 0.9300536 0.04286378 -0.3649152 0.9365552 0.08969998 -0.3388485 0.9353693 0.09128099 -0.3416903 0.9376327 0.1127715 -0.3288275 0.9366161 0.1145356 -0.3311074 0.9418703 0.15102 -0.3001223 0.9526548 0.1297671 -0.2749717 0.954504 0.1646755 -0.2486043 0.9674712 0.1381633 -0.2119212 0.9674305 0.1484334 -0.205051 -0.8126488 -0.3222715 0.4855338 0.9781282 0.1317971 -0.1609188 0.9777119 0.1402809 -0.1562073 -0.4383791 -0.2364978 0.8671174 -0.3650485 -0.2634961 0.8929219 -0.008770763 -0.3600524 0.9328909 -0.03054457 -0.3555061 0.9341748 0.4228654 -0.41021 0.8080301 0.3079428 -0.4039709 0.861382 0.7683788 -0.3765675 0.5174852 0.6090247 -0.4028931 0.6832029 0.9563784 -0.2659627 0.1208489 0.8355904 -0.3523479 0.4214734 0.9304711 -0.2954395 0.2166544 0.9591986 -0.2617347 0.106926 -1.28318e-4 0.9412423 0.3377321 1.24243e-4 0.9404513 0.3399285 -9.06318e-4 0.9411996 0.33785 0.001579165 0.9400226 0.3411086 -2.98624e-4 0.940988 0.3384401 5.45384e-4 0.9371056 0.3490456 0 0.9410125 0.3383719 1.28708e-4 0.9412429 0.3377302 4.04078e-5 0.9406329 0.3394255 1.09015e-4 0.9410874 0.3381636 5.91908e-5 0.9409408 0.3385712 0 0.9407887 0.3389937 3.13449e-5 0.9407771 0.3390261 2.70301e-5 0.9408113 0.338931 6.76811e-6 0.9408447 0.3388385 -3.2139e-5 0.9408204 0.3389055 0 0.9408362 0.3388618 1.00176e-4 0.9404993 0.3397958 2.37286e-4 0.9408993 0.3386865 2.22624e-4 0.9407662 0.339056 4.11921e-4 0.9394381 0.3427186 0 0.9402793 0.3404042 1.24925e-4 0.941934 0.3357982 -0.9691929 -0.004013061 0.2462702 -0.630394 0.0154857 0.7761209 -0.8225039 0.3050468 -0.4800353 -0.8166341 -0.5352083 0.2160115 -0.356423 -0.5361086 0.7652127 0.1243904 -0.4825326 0.8670002 -0.823419 -0.2916775 0.4867295 -0.5630381 -0.246266 0.7888862 -0.9785889 0.06636905 -0.1948307 -0.7185724 0.221032 -0.6593926 -0.8815166 0.2346109 -0.4097394 -0.9859312 -0.1172779 -0.1191039 -0.9623802 -0.08225148 -0.2589581 -0.9659079 -0.07054853 -0.2490882 -0.9462332 0.008562505 -0.323372 -0.9406669 -0.04207336 -0.336713 -0.9423597 -0.04345005 -0.3317686 -0.9329015 -0.08875501 -0.3490236 -0.9473693 0.04654663 -0.316741 -0.9510746 0.02793049 -0.3076962 -0.9620597 0.02498215 -0.2716932 -0.9554803 -0.0382896 -0.29256 -0.9614669 -0.08073449 -0.262799 -0.9373019 -0.1056915 -0.3321061 -0.9458642 0.0887385 -0.3121962 -0.9475694 0.08236896 -0.3087518 -0.9498572 0.07887858 -0.3025712 -0.9336632 0.1095858 -0.3409752 -0.93733 0.1110337 -0.3302789 -0.9420762 0.09278148 -0.3223105 -0.9115146 0.1676265 -0.3755566 -0.9120529 0.1624922 -0.3765047 -0.9204954 0.1354673 -0.36652 -0.9273118 0.1395484 -0.3473025 -0.9290397 0.1266134 -0.347641 -0.8836185 0.1816962 -0.4315147 -0.9187242 0.189679 -0.3463637 -0.9111632 0.1755968 -0.3727568 -0.684862 0.2878705 -0.6693987 -0.7052574 0.2932162 -0.6454738 -0.7530406 0.3167724 -0.576702 -0.6623641 -4.45152e-4 -0.7491821 -0.7171087 -0.05492746 -0.6947937 -0.6053299 0.03946274 -0.794996 -0.5483839 0.0646196 -0.8337263 -0.4982091 0.1072085 -0.8604034 -0.4005008 0.1767943 -0.8990789 -0.8914821 -0.202588 -0.4052382 -0.8947842 -0.2102991 -0.3938729 -0.847236 -0.1241468 -0.5165064 -0.9773739 0.06946593 -0.199787 -0.9706328 0.07998508 -0.2268798 -0.9439201 0.03111171 -0.328705 -0.9530531 -0.03163701 -0.3011462 -0.8361579 -0.1164597 0.5359824 -0.5221114 -0.3813547 0.7628687 -0.4470008 -0.3940563 0.803063 -0.4543605 -0.4187186 0.7862768 -0.3201563 -0.6517563 0.6875418 -0.368976 -0.6406432 0.6733743 -0.6900631 -0.5178596 0.505603 -0.6128506 -0.7027613 0.3613044 -0.8697559 -0.4625794 0.1718865 -0.3215054 -0.7663733 0.5561532 -0.994807 -0.02150928 -0.09948068 -0.5322561 -0.8127483 0.2369469 -0.3484865 -0.8922644 0.2870918 -0.5916852 -0.4508369 0.6683224 -0.7230024 -0.3937097 0.5676797 -0.6976542 -0.5130908 0.5000165 -0.8798745 -0.3603263 0.3098162 -0.8795152 -0.3607326 0.3103628 -0.9611435 -0.2737842 0.03529 -0.9612278 -0.2735285 0.03497439 -0.9861654 -0.1417492 0.08593642 -0.9867842 -0.1398515 0.08184546 -0.9904937 -0.09654891 0.09798276 -0.86007 -0.5023178 0.08920001 -0.6977433 -0.694431 0.1758407 -0.967944 0.05904144 -0.2441281 -0.97868 0.06074041 -0.196204 -0.9783478 0.04347008 -0.202351 -0.9847416 0.04242801 -0.1687714 -0.9844856 0.03175377 -0.1725682 -0.9885351 0.02901029 -0.1481791 -0.9883611 0.02269876 -0.150424 -0.9898863 0.02275913 -0.1400257 -0.9887877 -0.00338447 -0.1492902 -0.9629118 0.06882214 -0.2608917 -0.9602266 0.06786912 -0.2708483 -0.9604518 0.07758307 -0.2674196 -0.9536273 0.07816004 -0.2906651 -0.9538989 0.09477138 -0.2847725 -0.944007 0.09338724 -0.316433 -0.9441576 0.1187216 -0.3073624 -0.9289788 0.1144729 -0.3519865 -0.9286416 0.1529226 -0.3379933 -0.8782266 -0.02733159 -0.4774632 -0.7819254 0.1065211 -0.6142035 -0.9109855 0.07027548 -0.4064072 -0.8836085 0.1711137 -0.4358398 -0.8813393 0.22674 -0.4145241 -0.8513996 0.247866 -0.4622568 -0.8215581 0.3131044 -0.4764536 -0.8200902 0.3150022 -0.47773 -0.8198911 0.3071089 -0.4831798 -0.7606186 0.3717399 -0.5322301 -0.9463924 -0.001958847 -0.3230135 -0.9456952 -0.0019477 -0.3250491 -0.8981539 -0.03474003 -0.4383068 -0.934435 -0.07935965 -0.3471791 -0.8645615 -0.09264332 -0.4939137 -0.8254469 -0.05263644 -0.5620204 -0.837228 0.01087832 -0.5467458 -0.7765017 0.2287662 -0.5871212 -0.7865314 0.2047535 -0.5826186 -0.7408061 0.2358568 -0.6289499 -0.7302421 0.06615376 -0.679978 -0.5530256 0.1689147 -0.8158618 -0.6715769 0.05860972 -0.7386132 -0.6656344 0.06216168 -0.7436846 -0.5385536 0.1946919 -0.8197897 -0.5630016 -0.2458955 0.7890276 -0.6466623 -0.2692535 0.7136739 -0.6453102 -0.1962054 0.7382941 -0.7605476 -0.1956778 0.6190943 -0.7574096 -0.1302619 0.6398146 -0.7934924 -0.07390034 0.6040768 -0.7970802 -0.07813966 0.5987967 -0.797696 -0.08395892 0.5971868 -0.9523761 -0.08383047 0.2931763 -0.9667508 -0.09437304 0.2376698 -0.998337 -0.02642267 0.0512371 -0.998331 -0.01173043 0.05654788 -0.9545936 0.1419335 -0.2619275 -0.9553689 0.118274 -0.2707057 -0.9996345 0.02451276 0.01141166 -0.995052 0.09262949 0.03593736 -0.9952934 0.09451514 0.02140057 -0.990023 0.1361093 0.03645145 -0.9876994 0.1224542 0.09723621 -0.9836747 0.1458294 0.1054423 -0.9585163 0.07935237 0.2737695 -0.9596236 0.07281458 0.2716995 -0.9960672 -0.003581047 -0.08852887 -0.9966036 0.03358471 -0.07518798 -0.9899834 0.04574406 -0.1335675 -0.9884008 0.1009843 -0.113429 -0.9862499 0.1042078 -0.1282654 -0.9821098 0.1527917 -0.1100687 -0.9894721 0.135291 -0.05139422 -0.9835212 0.1772375 -0.03567719 -0.9853916 0.09740793 0.1396968 -0.9808451 0.1251929 0.1492305 -0.957049 0.02389109 0.2889404 -0.9460911 0.006823003 0.3238289 -0.9969021 0.07802349 0.009934365 -0.9905714 0.133644 0.03012806 -0.9748198 0.1484751 -0.1663778 -0.9744328 0.1527813 -0.1647382 -0.9623752 0.146029 -0.2291494 -0.9638689 0.110419 -0.2424142 -0.9138519 -0.1096117 0.3909733 -0.7796426 -0.1327359 0.6119957 -0.704765 -0.06912195 0.7060655 -0.9896767 0.003399729 -0.1432778 -0.9898809 0.007918715 -0.14168 -0.9807436 0.03209877 -0.1926442 -0.9812496 0.05183362 -0.1856405 -0.9682739 0.07028591 -0.2398035 -0.9678902 0.1145696 -0.2237465 -0.5113422 -0.3691194 0.7760672 -0.5116346 -0.3627827 0.7788574 -0.7321135 -0.2965162 0.6132602 -0.5098885 -0.3415651 0.7895234 -0.7508167 -0.2439046 0.6138281 -0.7131628 -0.2517151 0.6542464 -0.661297 -0.2011916 0.7226398 -0.9487465 -0.01101189 0.3158464 -0.9531122 -0.08883392 0.289285 -0.9309371 -0.1021575 0.3505998 -0.9302973 -0.1642978 0.3279533 -0.8973263 -0.186964 0.3998126 -0.8956814 -0.2171056 0.3880979 -0.8379313 -0.2526564 0.4837726 -0.8367785 -0.2680715 0.47743 -0.7952288 -0.2912839 0.5317565 -0.7940571 -0.3046056 0.5260124 -0.6017279 -0.3847911 0.6998996 -0.600598 -0.3975328 0.6937217 -0.7399871 -0.339696 0.5805392 -0.9919235 -0.05497276 0.1143068 -0.990579 -0.09316539 0.1003672 -0.9797441 -0.1161 0.1631632 -0.9789035 -0.1292446 0.1582521 -0.9550939 -0.1651011 0.246043 -0.9548751 -0.1679955 0.2449309 -0.9349019 -0.1925476 0.2981341 -0.9345701 -0.1965258 0.2965744 -0.9188849 -0.2139965 0.3314455 -0.9185473 -0.2177098 0.3299596 -0.9066515 -0.2301878 0.3535486 -0.9976442 -0.06694108 0.01500028 -0.9975191 -0.06893378 0.01427733 -0.9900733 -0.1046777 0.09379559 -0.9903925 -0.09998577 0.09552854 -0.9814453 -0.1248427 0.1455314 -0.9815675 -0.1231132 0.14618 -0.9735318 -0.14097 0.1798982 -0.9735665 -0.140507 0.1800727 -0.9667991 -0.1537193 0.204132 -0.9982503 -0.05523192 -0.02111524 -0.9988267 -0.04516202 -0.01748859 -0.9970632 -0.07092273 0.02889394 -0.9973886 -0.06525355 0.0309537 -0.9945071 -0.08361941 0.06295746 -0.9946988 -0.08037364 0.06414449 -0.9917436 -0.0938158 0.08742606 -0.9918187 -0.09259301 0.08787667 -0.9668365 -0.1532394 0.204316 -0.9638223 -0.1589328 0.2139793 -0.9064711 -0.2320856 0.3527696 -0.9008838 -0.2378635 0.3630834 -0.7390503 -0.3488553 0.5762852 -0.935679 0.1334816 -0.3266304 -0.9408339 0.1353542 -0.3106621 -0.8531659 0.1964315 -0.483242 -0.8501166 0.257894 -0.4591216 -0.7719029 0.3104479 -0.5547864 -0.7700862 0.3290908 -0.5465041 -0.791126 0.3122155 -0.525967 -0.7180085 0.3946211 -0.5733568 -0.6711239 -0.2545247 0.6962829 -0.7796953 -0.2237499 0.5848174 -0.7793272 -0.1823238 0.5995058 -0.7644092 -0.1826618 0.6183149 -0.905603 -0.06043422 0.4197989 -0.9007605 -0.01428705 0.4340813 -0.8726696 -0.04297965 0.4864162 -0.8671335 -0.001736521 0.4980728 -0.8638508 -0.005518198 0.5037177 -0.8622255 0.00713092 0.5064744 -0.9332513 0.07723069 0.3508242 -0.9017627 0.06916743 0.4266616 -0.9073078 0.0738396 0.413933 -0.9558351 0.07831645 0.2832772 -0.966497 -0.003488779 0.2566544 -0.9971231 0.01507002 0.07428669 -0.9977197 -0.03965979 0.05461412 -0.9992256 -0.02182185 -0.03274399 -0.9982855 -0.04255598 -0.04018974 -0.9951313 -0.02509683 -0.09530985 -0.9955216 -0.0180329 -0.0927987 -0.9923077 -0.006119012 -0.1236444 -0.9925751 -4.43274e-4 -0.1216326 -0.9972846 -0.009981334 -0.07296496 -0.9970341 -0.01628684 -0.07521891 -0.9988298 -0.02475684 -0.04154896 -0.9986761 -0.02843469 -0.04286837 -0.9991797 -0.03601872 -0.01851284 -0.999087 -0.03812903 -0.0192725 -0.9991308 -0.04067915 -0.00910741 -0.9970737 -0.07351303 -0.02097773 -0.9970818 -0.07454258 -0.01647961 -0.9832862 -0.1743093 -0.0525797 -0.9605985 0.06920677 -0.269186 -0.9445286 0.1089268 -0.30984 -0.8943657 0.1458325 -0.4228984 -0.8939966 0.1791617 -0.4106963 -0.808489 0.2270669 -0.5429422 -0.8060424 0.2768327 -0.5231246 -0.7397581 0.3214079 -0.5911472 -0.7436092 0.2351677 -0.6258926 -0.7106609 0.2709534 -0.6492653 -0.7070916 0.1365463 -0.6938132 -0.6346356 0.1808176 -0.7513606 -0.6174939 0.2153779 -0.7565141 -0.9991396 0.02084618 -0.03585338 -0.9842539 0.04910492 -0.1698031 -0.9843172 0.06035423 -0.1657623 -0.9470084 0.123472 -0.2965298 -0.9484103 0.1261095 -0.2908856 -0.874643 0.103242 -0.4736465 -0.8763552 0.1733875 -0.4493754 -0.8764308 0.1735255 -0.4491749 -0.8821249 0.1555998 -0.4445724 -0.881988 0.1766345 -0.4369181 -0.9267637 0.1146903 -0.3577086 -0.9264991 0.101465 -0.3623594 -0.9491222 0.07295382 -0.306341 -0.9506325 0.06511348 -0.3034108 -0.9625667 0.05737507 -0.2649029 -0.9656665 0.03499329 -0.2574173 -0.9895192 -0.002557098 -0.1443783 -0.9775708 -0.1081767 -0.1807019 -0.9793712 -0.1433439 -0.1424245 -0.9273312 -0.3741945 -0.005962371 -0.9290767 -0.3697764 -0.009049475 -0.7356541 -0.6586911 0.1579212 -0.8062539 -0.5368421 0.2485064 -0.9033768 -0.41457 0.1097376 -0.956131 -0.2179493 0.1957335 -0.9952291 -0.09746217 -0.004508137 -0.9618606 -0.1802905 0.2057172 -0.8972496 -0.2669388 0.3516914 -0.8975859 -0.2666323 0.3510653 -0.7259195 -0.3920429 0.5651047 -0.7308029 -0.3530603 0.584188 -0.3461182 -0.4656681 0.8144664 -0.4451933 -0.4379982 0.7809997 -0.8565528 0.2713699 -0.4389485 -0.8721269 0.2153939 -0.439318 -0.9022924 0.1958181 -0.384088 -0.9036133 0.1445513 -0.4032222 -0.9357827 0.119935 -0.3315516 -0.9680528 0.0632866 -0.2426287 -0.9605309 0.06678611 -0.2700371 -0.9817598 0.0354833 -0.1867849 -0.9819176 0.0411002 -0.1847937 -0.9701974 0.03488129 -0.2397924 -0.9712047 0.06495273 -0.2292219 -0.9553385 0.05521196 -0.2903103 -0.9563687 0.09718197 -0.2755261 -0.936232 0.08493959 -0.3409619 -0.9366795 0.1352284 -0.3230246 -0.9298608 0.1250964 -0.3459911 -0.9296338 0.145462 -0.3385586 -0.9413933 0.1584218 -0.2977939 -0.9420175 0.142842 -0.3036432 -0.9867494 0.1263179 -0.1018309 -0.988917 0.09631723 -0.1129879 -0.9822258 -0.007119119 0.1875685 -0.983824 -0.05672514 0.1699191 -0.8882209 -0.1626384 0.4296656 -0.8542098 -0.2938498 0.4289267 -0.8594337 -0.2382276 0.4523511 0.9662765 -0.1200354 0.2278186 0.9725337 0.05123645 -0.2270528 0.731446 -0.1210796 0.6710637 0.8103033 -0.4374015 0.3899856 0.9515876 -0.2192844 0.2153963 0.9950929 -0.09211456 0.03612679 0.8614266 -0.1772524 0.4759473 0.8637427 -0.4147589 0.2862234 0.4978988 -0.3948892 0.7721137 0.7734832 -0.5338458 0.3416613 0.1226229 -0.8534271 0.5065828 0.3234398 -0.451133 0.8317847 -0.2776882 -0.4784498 0.8330518 0.7860679 -0.3188691 0.5295467 0.3886668 -0.3991065 0.8304531 0.3766545 -0.4156474 0.82787 0.3761696 -0.4260344 0.8227948 0.3106068 -0.3600895 0.8796925 0.3102433 -0.3812955 0.8708404 0.3597279 -0.3719798 0.8557026 0.3405669 -0.4098348 0.8461972 0.3211842 -0.3490662 0.8803372 0.7550454 -0.197131 0.6253367 0.0219649 -0.3570918 0.9338111 0.4831736 -0.2350689 0.8433777 0.1935532 -0.2769189 0.9411978 0.1923921 -0.2132671 0.9578635 0.5383982 -0.1490164 0.8294103 0.07368981 -0.1723567 0.9822745 0.07296413 -0.1230487 0.9897148 -0.5707089 -0.08140271 0.8171077 -0.001667201 -0.4371569 0.8993839 0.01607322 -0.4426897 0.8965309 0.01070535 -0.4373567 0.8992245 0.01963204 -0.4418213 0.8968883 -0.3668983 -0.3122056 0.8763067 -0.6081418 -0.2172376 0.7635257 0.477794 -0.4691172 0.742726 0.308223 -0.4609897 0.8321581 0.3317095 -0.4616549 0.822705 0.1786025 -0.4494715 0.875258 0.6021633 -0.4853076 0.6339369 0.4661245 -0.4931985 0.7344952 0.929658 -0.3404682 0.1407748 0.9290459 -0.3350543 0.1568833 0.9324325 -0.3344431 0.1368125 0.9653668 -0.2230747 0.1352946 0.9777716 -0.1055141 0.181189 0.9711388 -0.1106404 0.2113013 0.9929261 -0.05550765 0.1049609 0.9985737 0.001688838 -0.05336618 0.9056487 0.2590087 0.3357305 0.9728703 0.06828212 -0.2210453 0.9245495 0.1141369 -0.3635671 0.9161236 0.1174932 -0.3832924 0.8578622 0.2109835 -0.4685707 0.9318018 0.03620064 0.361158 0.9248993 0.07524573 0.3726924 0.9956393 0.0860666 -0.03598552 0.9694595 0.2447379 0.01586633 0.8739569 -0.1342136 0.4671042 0.917889 -0.05862647 0.392483 0.9311203 0.01822835 0.3642565 0.8798894 -0.2439225 0.407795 0.8655499 -0.2843867 0.412247 0.9030188 -0.2259092 0.3654065 0.9042533 -0.2430756 0.3510561 0.9043315 -0.2423567 0.3513513 0.9222794 -0.2069784 0.3264363 0.9271415 -0.2123289 0.3087478 0.9375345 -0.1817583 0.2966361 0.9452533 -0.1849385 0.2688754 0.9667892 -0.1286205 0.2208519 0.9665036 -0.1346423 0.2185005 0.9838289 -0.07897925 0.1607581 0.9825681 -0.08097916 0.1673389 0.9789032 -0.09309947 0.1818822 0.9775944 -0.1007235 0.1848354 0.9734531 -0.1073928 0.2021283 0.9673469 -0.1244763 0.2207846 0.995139 -0.04868161 0.08560758 0.9955461 -0.04435825 0.08319014 0.9962924 -0.0459569 0.07272845 0.9962832 -0.04418599 0.07394146 0.9965023 -0.045919 0.06981968 0.9965243 -0.05223405 0.06489217 0.9964848 -0.05269896 0.06512218 0.9964461 -0.06279075 0.05614823 0.9949136 -0.09349697 0.03748774 0.9949045 -0.09299749 0.03894442 0.9951856 -0.09150397 0.03511232 0.9487867 -0.07037872 0.3079783 0.9493904 -0.09354186 0.2998468 0.9623526 -0.08502399 0.2581638 0.9623795 -0.0924679 0.2554906 0.9704475 -0.08479988 0.2259218 0.9704065 -0.09093052 0.2237029 0.975794 -0.08398246 0.2019237 0.9757284 -0.08877259 0.2001837 0.9778089 -0.08292949 0.1923861 0.9773238 -0.1029294 0.1850509 0.9589628 -0.1413401 0.2457914 0.8356597 -0.3114342 0.4524176 -0.005275249 -0.6733004 0.7393503 0.9072983 -0.2991276 0.2955211 0.9412271 -0.2447342 0.2328019 0.9525223 -0.2165477 0.2140287 0.7915645 -0.5358282 0.2937922 0.9881047 0.1347247 0.07415145 0.620303 -0.7233386 0.3033243 0.3481446 -0.8797298 0.3238378 -0.9556835 -0.2943627 -0.004436075 0.5053864 -0.6584076 0.5577492 0.6188756 -0.6078156 0.4975472 0.8101643 -0.4375892 0.3900634 0.7815169 -0.5251893 0.3367604 0.7838625 -0.5226884 0.3351958 0.7644956 -0.5695719 0.301885 0.9427069 -0.2771515 0.1857175 0.8965333 -0.3726725 0.2394648 0.9469676 -0.2653301 0.1812525 0.961529 -0.2158517 0.1699122 0.9338328 -0.2370417 0.2678951 0.9373021 -0.2081441 0.2795369 0.8731909 -0.173285 0.4555329 0.8586496 -0.33342 0.389297 0.8687891 -0.3284991 0.3705317 0.8499349 -0.4102541 0.3306089 0.9022681 -0.3953983 0.1719661 0.009763538 -0.4392789 0.8982977 -0.3681333 -0.3185524 0.8735001 -0.09821295 -0.4011712 0.9107228 -0.09861057 -0.3377405 0.9360594 -0.1397852 -0.3278385 0.9343351 0.7395085 -0.2061841 0.6407928 0.7332663 -0.3507247 0.5825057 0.2215251 -0.3565711 0.9076253 0.4829044 -0.4048935 0.7764436 0.3886942 -0.4041526 0.8279961 0.3342456 -0.3998708 0.8534538 0.823089 -0.1288976 0.5530913 0.824714 -0.2113264 0.5245837 0.7906622 -0.200545 0.5784767 0.7795473 -0.3622579 0.5109552 0.5953766 -0.391207 0.701772 0.5875161 -0.4618452 0.6644727 0.3661347 -0.4745265 0.8004811 0.07142734 -0.2718393 0.9596883 0.8183279 -0.2774557 0.5033466 -0.6443265 -0.009271562 0.7646945 0.5324205 -0.07880496 0.8428038 0.5985164 -0.08453041 0.7966384 0.7245845 -0.08763223 0.6835919 0.02923983 -0.1241644 0.9918308 0.02860397 -0.04245138 0.9986891 0.1887518 -0.05711215 0.9803627 0.1901171 -0.08313316 0.9782354 0.5243304 -0.08043634 0.8477073 0.5269132 -0.1040357 0.8435278 0.6817545 -0.08743345 0.7263376 0.4593048 -0.1689102 0.8720714 0.54128 -0.17662 0.8220836 0.6943385 -0.1799725 0.6967812 0.6876454 -0.09604513 0.719666 0.7974749 -0.09398698 0.5959868 0.7975265 -0.09453314 0.5958315 0.879311 -0.07394433 0.4704725 0.8815071 -0.1063644 0.4600347 0.3903796 -0.3055339 0.8684774 0.4637169 -0.3110383 0.8295914 0.6418281 -0.3080627 0.7022494 0.6409095 -0.1905487 0.7435902 0.7775866 -0.1861717 0.6005825 0.7732366 -0.1087924 0.6247156 0.8416875 -0.1013549 0.5303673 0.8426421 -0.1153058 0.5259838 0.9084796 -0.1024935 0.4051667 0.9064627 -0.06717222 0.4169095 0.8452136 -0.09612798 0.5257123 0.8428284 -0.06970369 0.5336495 0.7841934 -0.08002269 0.6153351 0.7236377 -0.07950651 0.6855853 0.7162191 -0.08031207 0.693239 0.5979161 -0.07954758 0.7976018 0.4604979 -0.08361059 0.8837143 0.4596076 -0.07540154 0.8849155 0.3600816 -0.06782919 0.9304518 0.3673924 -0.162443 0.9157702 0.258166 -0.1508269 0.9542545 0.2624785 -0.2961475 0.9183691 0.1978874 -0.288363 0.9368497 0.1979689 -0.3881691 0.900074 0.1816495 -0.3859904 0.9044418 0.1807321 -0.4496999 0.8747034 0.08794629 -0.4368494 0.8952252 0.6364287 -0.145501 0.757488 0.6144634 -0.1513757 0.7742869 0.6118736 -0.1214319 0.7815786 0.834882 -0.3122636 0.4532811 0.8399336 -0.2659863 0.4730358 0.8386089 -0.2670306 0.4747946 0.8403247 -0.2419191 0.4851078 0.8375082 -0.2440264 0.4889081 0.8380486 -0.2330502 0.4933175 0.8253291 -0.2422315 0.5100548 0.8261058 -0.2225314 0.5177151 0.8110266 -0.232476 0.5368339 0.8115601 -0.2053863 0.5469796 0.7902891 -0.2178519 0.5726986 0.7900071 -0.180443 0.5859431 0.7592144 -0.1957898 0.6206932 0.5418777 -0.5029113 0.6733861 0.5517382 -0.429305 0.7150402 0.655732 -0.3916941 0.6454388 0.6597567 -0.3477398 0.6661819 0.6539779 -0.35025 0.6705505 0.6548545 -0.3374616 0.6762288 0.6363327 -0.3452402 0.6898478 0.6375742 -0.3222073 0.6997726 0.6202246 -0.3289626 0.7121131 0.6213107 -0.2972007 0.7250137 0.5973153 -0.3057104 0.741455 0.5976849 -0.2620427 0.7576982 0.5643754 -0.2724423 0.7792662 0.5262511 -0.5850868 0.6170359 0.8267172 -0.3669412 0.4264891 0.8265877 -0.3671035 0.4266003 0.9150034 -0.2499762 0.3166714 0.9548634 -0.15105 0.2557731 0.9573825 -0.1444937 0.2500808 0.9195171 -0.1843841 0.3471177 0.9202862 -0.1676854 0.3534898 0.9166021 -0.1714479 0.3611735 0.9168992 -0.1625927 0.3644989 0.9083045 -0.1711576 0.381691 0.908662 -0.1553195 0.3875683 0.8962696 -0.1661859 0.4111973 0.8963837 -0.144558 0.4190458 0.878217 -0.1580354 0.4513975 0.8776585 -0.1281642 0.4618328 0.8491205 -0.1450961 0.5078794 0.9752307 -0.1749857 0.1352964 0.9836155 -0.1362593 0.1180424 0.9749724 -0.1521802 0.162081 0.9782881 -0.09945058 0.18183 0.9576913 -0.1443458 0.2489812 0.9587107 -0.1172129 0.2591046 0.9560481 -0.1205365 0.2672885 0.9561764 -0.1140205 0.2696779 0.9492372 -0.1226834 0.2896507 0.9493675 -0.1109549 0.2939223 0.9393805 -0.1213232 0.3206945 0.9393348 -0.105558 0.3263555 0.9239907 -0.1182169 0.3636838 0.9234964 -0.09668016 0.3712241 0.8979943 -0.1123433 0.4254236 0.8963876 -0.0814197 0.4357295 0.847531 -0.1117092 0.5188568 0.8256973 -0.1190044 0.5514183 0.7574233 -0.1507745 0.6352772 0.7341976 -0.1593101 0.6599805 0.5631086 -0.2156459 0.7977504 0.6395636 -0.1956313 0.7434291 0.4286652 -0.2471562 0.8689996 0.4261296 -0.1861698 0.8852992 -0.6891059 -0.1732245 0.7036522 0.3574336 -0.1549355 0.9209974 0.3545471 -0.1131934 0.9281615 -0.3246167 -0.3145959 0.8919941 -0.3245851 -0.3007505 0.8967685 -0.5582931 -0.1941707 0.806602 -0.4204672 -0.2379477 0.8755503 -0.2700458 -0.206305 0.9404858 0.6537936 -0.2771282 0.7040979 -0.6165522 -0.003044605 0.7873082 0.09379279 -0.05798888 0.9939015 -0.4608014 -1.71056e-4 0.8875033 -0.00909245 -0.0773366 0.9969636 0.2838636 -0.08141928 0.9554017 0.2863693 -0.1183883 0.9507769 0.5713237 -0.09859967 0.8147805 0.5743469 -0.1288031 0.8084154 0.6841384 -0.1092705 0.7211204 0.8065069 -0.08992999 0.5843452 0.7858793 -0.09640407 0.6108192 0.8234967 -0.09072804 0.5600193 0.874894 -0.07058316 0.4791434 0.8773013 -0.1036846 0.4686067 0.9253384 -0.06908667 0.3727949 0.9268729 -0.1069146 0.3598276 0.9936036 -0.08776181 0.07106351 0.9903927 -0.1072186 0.08732968 0.9927178 -0.0591197 0.104959 0.9921026 -0.06355315 0.1081367 0.9923365 -0.0492565 0.1133232 0.9910299 -0.05653601 0.1210938 0.9910943 -0.04901593 0.1238128 0.9875305 -0.06381189 0.1439156 0.9875906 -0.05115747 0.1484845 0.9818996 -0.07331019 0.1746398 0.9818808 -0.05321276 0.1818752 0.9721851 -0.08673739 0.2175608 0.9718934 -0.05509668 0.2288838 0.9539089 -0.1068594 0.2804265 0.9531238 -0.06309306 0.2959297 0.9386337 -0.119093 0.3237031 0.9374938 -0.0703423 0.3408188 0.9168446 -0.1363466 0.3752409 0.9154741 -0.08366632 0.3935827 0.8862692 -0.1557873 0.436185 0.8851726 -0.1099726 0.4520792 0.8579365 -0.19891 0.4736877 0.8296862 -0.2075647 0.5182064 0.8150247 -0.3626574 0.4519009 0.715936 -0.388345 0.5801929 0.7019245 -0.4678795 0.5370203 0.7278217 -0.4717728 0.4977007 0.8865704 -0.1859549 0.4235727 0.9715062 -0.09664839 0.216414 0.9979066 -0.05384159 0.03582483 0.9983339 0.006277859 0.05735993 0.9703416 0.08510839 -0.2262604 0.9159592 0.1595481 -0.3681891 0.8423848 0.1918489 -0.5035693 0.8420467 0.2105315 -0.4966227 0.725605 0.2875564 -0.625147 0.6023765 0.37937 -0.702297 0.7798114 0.2725856 -0.5635524 0.7702609 0.3677257 -0.5210337 0.9337237 0.2274099 -0.2764868 0.9397765 0.1524935 -0.3058854 0.9974574 0.07023179 -0.01209908 0.9969782 0.07708328 -0.009629487 0.9157919 -0.1139675 0.3851452 0.9013169 -0.1098769 0.4189927 0.9019767 -0.150536 0.4046938 0.8494647 -0.2069283 0.4853766 0.965825 -0.1306096 0.2238821 0.9508159 -0.1681008 0.2601757 0.9519503 -0.1496248 0.2672135 0.9305217 -0.1978495 0.3081966 0.9325531 -0.1666854 0.3202513 0.9025619 -0.2264347 0.3662096 0.9050098 -0.1903768 0.3804129 0.8571414 -0.2472766 0.4518439 0.8658068 -0.2121477 0.4531799 0.9921837 -0.05847036 0.1102396 0.9943777 -0.03536909 0.09981048 0.9941368 -0.05659121 0.092139 0.9899863 -0.0700969 0.1225308 0.989894 -0.07343673 0.1213138 0.9820083 -0.0950092 0.163196 0.9811415 -0.113765 0.1562654 0.9656066 -0.1342628 0.2226601 0.9457113 -0.1691651 0.2775129 0.9959563 -0.07934421 0.04214024 0.9959576 -0.07250261 0.05302679 0.9967685 -0.07568979 0.02689808 0.9980858 -0.05017524 0.03615456 0.9979732 -0.04311269 0.04680722 0.9982468 -0.03828561 0.04514086 0.9983759 -0.03110891 0.04772871 0.9977163 -0.03769522 0.05604767 0.9977767 -0.03372967 0.05748063 0.9957671 -0.04699546 0.07899051 0.9958624 -0.04057919 0.08131086 0.9921106 -0.06127887 0.1093684 0.9922857 -0.04986125 0.1135041 0.9849599 -0.08244562 0.1518455 0.9852802 -0.06316357 0.1588501 0.9698973 -0.1156567 0.2142961 0.9705315 -0.08329051 0.2261227 0.9562909 -0.142412 0.2553951 0.9573682 -0.0971682 0.2720378 0.9373439 -0.1673094 0.3056042 0.9386946 -0.1123532 0.3259282 0.9108887 -0.1919854 0.3652715 0.9123446 -0.1447916 0.3829656 0.9016935 -0.170014 0.3975476 0.8975855 -0.2383091 0.3708761 0.9554818 -0.1172505 0.2707526 0.9543782 -0.1478761 0.259413 0.9761754 -0.1068837 0.1888318 -1.59715e-5 -0.941024 -0.3383399 0 -0.9407444 -0.3391168 -3.21393e-5 -0.9408307 -0.3388771 0 -0.9408407 -0.3388494 2.703e-5 -0.9408023 -0.338956 3.13455e-5 -0.940797 -0.3389706 -2.28461e-5 -0.9407735 -0.339036 5.91884e-5 -0.9409031 -0.338676 6.47857e-5 -0.9411741 -0.3379222 8.32018e-5 -0.9406794 -0.3392969 6.67525e-5 -0.9425626 -0.3340297 3.11193e-5 -0.9409384 -0.3385779 0.001579165 -0.9400226 -0.3411086 -2.98624e-4 -0.940988 -0.3384401 4.77904e-4 -0.9385353 -0.3451833 1.50678e-5 -0.9406254 -0.3394466 0 -0.9414351 -0.3371945 7.53597e-5 -0.9403783 -0.3401306 1.26421e-4 -0.9412192 -0.3377966 4.7034e-4 -0.9409143 -0.3386445 3.35675e-4 -0.9407405 -0.3391274 -1.87427e-4 -0.9411937 -0.3378676 -0.08528453 0.2610904 -0.9615396 0.9540223 0.2802526 -0.106301 0.2324938 -0.5910386 -0.7724118 -0.1635743 -0.5680376 -0.8065835 -0.4045947 -0.4998778 -0.7657842 -0.6277996 -0.4118841 -0.660469 -0.8618944 -0.2297993 -0.4520291 0.04001933 -0.5820165 -0.8121917 0.652461 -0.497032 -0.5720611 0.4289107 -0.5640254 -0.7056281 0.9629855 -0.225144 -0.1482197 0.3047278 0.3518638 -0.885061 0.03686147 0.3096421 -0.9501385 0.09177434 0.3220752 -0.9422553 0.3169131 0.3614464 -0.8768823 0.1659979 0.3364369 -0.9269601 0.6116874 0.3825538 -0.692453 0.3003456 0.3581904 -0.8840205 0.8324515 0.3572148 -0.4235827 0.6969017 0.378338 -0.6092524 0.8328136 0.3551257 -0.4246259 -0.1127524 0.2695488 -0.9563632 -0.08879172 0.2644616 -0.9603001 -0.01636695 0.2967739 -0.9548076 -0.1092193 0.2725933 -0.9559101 -0.1124545 0.20928 -0.9713681 -0.1580729 0.2504208 -0.9551452 -0.3477898 0.1963374 -0.9167846 -0.3205554 0.2060914 -0.924538 -0.2474565 0.2308098 -0.941006 0.9852772 -0.1232312 0.1185025 0.9848727 -0.1285798 0.11616 0.9886686 -0.1192619 0.09116494 0.989268 -0.1120729 0.09374874 0.9937252 -0.09889966 0.05224108 0.9944955 -0.08903342 0.05524444 0.9959703 -0.0830295 0.03390401 0.9962465 -0.0791679 0.03500723 0.9964115 -0.07839548 0.0319103 0.9965802 -0.07594114 0.03257328 0.9971131 -0.0729807 0.02096688 0.9975789 -0.06567239 0.02288085 0.9982773 -0.05756467 -0.01134604 0.9985861 -0.05218112 -0.01015043 0.9985724 -0.05092155 -0.01613122 0.9988451 -0.04565411 -0.01497715 0.9979315 -0.03845548 -0.05151605 0.9982532 -0.03122478 -0.05015575 0.9954156 -0.02391964 -0.09260493 0.9955792 -0.01935535 -0.09191071 0.9940358 -0.01681894 -0.1077498 0.9937717 -0.02402037 -0.1088156 0.9929355 -0.02317744 -0.1163692 0.9914379 -0.05416309 -0.1188164 0.990018 -0.05433672 -0.1300466 0.9874966 -0.09627765 -0.1248245 0.9864415 -0.097714 -0.1318532 0.9825048 -0.1419933 -0.1205084 0.9769161 -0.1530358 -0.149047 0.9739806 -0.1834694 -0.1330455 0.9704731 -0.1913595 -0.1468459 0.9688577 -0.2050557 -0.1388054 0.9546591 -0.2338633 -0.1842114 0.9536967 -0.2423769 -0.1780905 0.8299084 -0.391344 -0.3976203 -0.8303316 -0.2674059 -0.4889211 -0.8266196 -0.2356333 -0.5110548 -0.8264764 -0.2356394 -0.5112836 -0.8228338 -0.202032 -0.5311568 -0.8296741 -0.1968945 -0.5223729 -0.8222728 -0.1380434 -0.5520974 -0.8446189 -0.1241132 -0.5207829 -0.8390212 -0.04060864 -0.5425813 -0.8460507 -0.03844082 -0.5317147 -0.8400219 0.03818106 -0.5412074 -0.846889 0.03851133 -0.5303734 -0.8449745 0.09581756 -0.5261531 -0.8450036 0.09581577 -0.5261068 -0.8443803 0.1134727 -0.5235896 -0.8412506 0.1141698 -0.5284531 -0.8408573 0.123752 -0.5269199 -0.8288595 0.1263979 -0.5449914 -0.8278253 0.1474553 -0.5412598 -0.8130034 0.1509296 -0.5623573 -0.8122135 0.1664371 -0.5591135 -0.8094335 0.1671736 -0.5629125 -0.8084712 0.1833419 -0.5592498 -0.7906214 0.1879829 -0.5827353 -0.7894308 0.2080448 -0.5775088 -0.7826422 0.2099636 -0.5859919 -0.7823233 0.2163398 -0.5840953 -0.7806461 0.2168597 -0.5861431 -0.7797223 0.2273663 -0.5833847 -0.7671068 0.2309043 -0.5985234 -0.7649708 0.2574444 -0.5903747 -0.7377666 0.2653584 -0.6207137 -0.7349216 0.2997209 -0.6083236 -0.7172319 0.3054066 -0.6263428 -0.7140465 0.3451043 -0.6091311 -0.6862695 0.3558018 -0.634381 -0.6844659 0.391918 -0.6147412 -0.646788 0.408366 -0.6441292 -0.6463361 0.4389999 -0.6241224 -0.5964633 0.4626965 -0.6558533 -0.5967835 0.4694787 -0.6507221 -0.5583617 0.489242 -0.669981 -0.5501362 0.4402005 -0.7096293 -0.5366882 0.4466658 -0.71586 -0.530125 0.378621 -0.7586922 -0.5258096 0.3805934 -0.7607057 -0.5176752 0.3178927 -0.7943279 -0.466643 0.3374369 -0.8175457 -0.4571511 0.2842227 -0.8427516 -0.4484199 0.2878898 -0.846191 -0.5054274 -0.4720839 -0.7222743 -0.5006549 -0.4308999 -0.7507796 -0.4908204 -0.4346089 -0.755123 -0.4853378 -0.3821658 -0.7863819 -0.4910485 -0.3802898 -0.7837417 -0.4783201 -0.2815729 -0.8318214 -0.5010519 -0.2752532 -0.8204771 -0.4909597 -0.1267377 -0.8619142 -0.4986608 -0.1256129 -0.8576473 -0.4879592 0.0152955 -0.8727325 -0.495368 0.01562708 -0.8685427 -0.4918752 0.1234082 -0.8618754 -0.4902441 0.1234915 -0.8627923 -0.4893811 0.1552358 -0.8581422 -0.4824659 0.1556477 -0.8619748 -0.4821227 0.1664563 -0.8601453 -0.4591275 0.1676841 -0.8724013 -0.4577234 0.1940383 -0.8676627 -0.432721 0.195293 -0.8801211 -0.4313552 0.2149952 -0.8761904 -0.4269267 0.2152271 -0.8783001 -0.4255107 0.2358947 -0.8736672 -0.3976558 0.2372999 -0.8863176 -0.396004 0.2625649 -0.8799095 -0.3858301 0.263121 -0.8842526 -0.3849676 0.2712206 -0.8821787 -0.3827306 0.2713592 -0.883109 -0.3816773 0.2844995 -0.8794218 -0.362414 0.2854511 -0.8872281 -0.3598218 0.3186994 -0.8769031 -0.3209086 0.3203393 -0.8912915 -0.3165859 0.3682361 -0.8741713 -0.291868 0.3694331 -0.8822315 -0.2864439 0.4361471 -0.8530685 -0.2492769 0.4388594 -0.8632865 -0.2458364 0.5037333 -0.8281407 -0.1975669 0.5082601 -0.8382357 -0.1966689 0.5695553 -0.7980778 -0.1356531 0.5762644 -0.8059265 -0.1375006 0.6164521 -0.7752937 -0.09351027 0.6225031 -0.7770107 -0.08638197 0.5767939 -0.8123097 -0.074817 0.5784488 -0.8122804 -0.06531316 0.4943844 -0.8667862 -0.06189703 0.4949342 -0.8667231 -0.05534839 0.4381867 -0.8971784 -0.0272907 0.4422278 -0.8964876 -0.01953369 0.4012289 -0.9157696 -0.0168088 0.4017679 -0.9155873 -0.07921707 -0.5811331 -0.8099438 -0.07395893 -0.5391153 -0.8389785 -0.05232888 -0.5413512 -0.8391667 -0.04498142 -0.4813042 -0.8753989 -0.04582083 -0.4813021 -0.8753563 -0.03299146 -0.3636535 -0.93095 -0.04514074 -0.3626324 -0.9308385 -0.03069543 -0.1835485 -0.9825313 -0.03558468 -0.1833225 -0.9824086 -0.02373075 -0.01101034 -0.9996578 -0.02710294 -0.01088297 -0.9995734 -0.02186018 0.1216217 -0.9923359 -0.01803147 0.1215572 -0.9924206 -0.01694792 0.15978 -0.9870072 -0.007133185 0.1595076 -0.987171 -0.00664395 0.1689613 -0.9856004 0.02337855 0.1677804 -0.9855471 0.02478182 0.1929217 -0.9809013 0.05518418 0.1913075 -0.9799776 0.05659306 0.2102078 -0.9760174 0.06127309 0.2099314 -0.9757943 0.06242954 0.2298925 -0.9712116 0.09472745 0.2275112 -0.969157 0.09627383 0.2516016 -0.9630306 0.1071206 0.2506912 -0.9621222 0.1080576 0.2583689 -0.959984 0.1104815 0.2581895 -0.9597563 0.1115823 0.2707033 -0.9561743 0.1325737 0.2686389 -0.9540742 0.1350767 0.300289 -0.9442356 0.1762822 0.2952638 -0.9390122 0.1807333 0.344569 -0.921199 0.206456 0.3409358 -0.9171361 0.2122212 0.4179618 -0.883329 0.2497931 0.4121758 -0.8761933 0.253732 0.4894631 -0.8342937 0.3006128 0.4814562 -0.8233056 0.3015354 0.5580775 -0.7730627 0.3583467 0.5471701 -0.7564341 0.3553112 0.6105968 -0.7077609 0.3939241 0.6031581 -0.6935591 0.3975932 0.572667 -0.7169186 0.4044993 0.5715082 -0.7139739 0.4153221 0.4908933 -0.7658534 0.4168401 0.4907439 -0.7651242 0.4209218 0.4537531 -0.7854509 0.4183467 0.4539926 -0.7866872 0.4222458 0.4337286 -0.7959824 0.4181895 0.433657 -0.7981599 0.36395 -0.5724188 -0.7347635 0.3674435 -0.5387769 -0.7580928 0.3984408 -0.5338237 -0.74584 0.4050292 -0.4786683 -0.7789916 0.4093267 -0.4779347 -0.7771937 0.4195723 -0.3675326 -0.8299873 0.4204249 -0.3674938 -0.8295729 0.4369221 -0.1981536 -0.877402 0.4356176 -0.1982479 -0.8780292 0.4447565 -0.03470939 -0.8949788 0.4471558 -0.03478544 -0.8937795 0.4534966 0.09086716 -0.8866139 0.458101 0.0905025 -0.884281 0.4595196 0.1260168 -0.8791823 0.4700808 0.1248238 -0.8737523 0.4704288 0.1305928 -0.8727213 0.5005506 0.1266512 -0.8563928 0.5013149 0.1444309 -0.8531256 0.5292319 0.1398945 -0.8368651 0.5299322 0.1533626 -0.8340575 0.5349466 0.1524974 -0.8310095 0.5357954 0.1668148 -0.8277055 0.5630951 0.1610797 -0.8105415 0.5642545 0.1779774 -0.8061891 0.573879 0.1757258 -0.7998647 0.5739995 0.1811218 -0.7985734 0.5765747 0.1805573 -0.7968442 0.5772032 0.1893441 -0.7943459 0.5944352 0.1847374 -0.7826359 0.5961959 0.2068479 -0.7757349 0.6295219 0.1962934 -0.7517787 0.6328979 0.2346778 -0.7378121 0.653127 0.2271044 -0.722391 0.6580796 0.295215 -0.6926611 0.6863126 0.2825266 -0.6701894 0.6899372 0.3528926 -0.6320234 0.7236409 0.3348671 -0.6034964 0.7245563 0.4076973 -0.5556987 0.7634575 0.3829441 -0.5200833 0.7598458 0.4538565 -0.4654552 0.7846079 0.4363023 -0.4404894 0.7853332 0.4288096 -0.4465136 0.7875003 0.4273447 -0.4440943 0.7957477 0.3690093 -0.4802268 0.7957869 0.3689666 -0.4801946 0.7967681 0.3604287 -0.4850276 0.7761454 0.3698794 -0.5106738 0.7752388 0.3748418 -0.5084273 0.7678113 0.3770598 -0.517969 0.7325882 -0.452707 -0.5083019 0.7351574 -0.4297294 -0.5242865 0.764431 -0.4132702 -0.4948261 0.7691346 -0.3746631 -0.5177447 0.7756098 -0.3710337 -0.51065 0.7822765 -0.2922904 -0.5500999 0.79196 -0.2883841 -0.5381768 0.8039082 -0.1672706 -0.570747 0.80579 -0.166849 -0.5682111 0.8118646 -0.05039775 -0.5816665 0.8160234 -0.05048525 -0.5758099 0.8211649 0.03845304 -0.5693941 0.8246756 0.03778493 -0.5643425 0.8256623 0.0620495 -0.5607421 0.8334872 0.05999577 -0.5492719 0.8336223 0.06067287 -0.5489925 0.8543353 0.05440199 -0.5168672 0.8546379 0.06042504 -0.5156967 0.8722482 0.05376309 -0.4860996 0.8724924 0.05843341 -0.4851211 0.8752572 0.05726867 -0.4802554 0.8755407 0.06239342 -0.4790988 0.8913513 0.05449783 -0.4500256 0.8917144 0.06000065 -0.4486039 0.8969423 0.05701225 -0.4384566 0.897074 0.05868792 -0.437966 0.8984723 0.05792242 -0.4351925 0.8986568 0.06075012 -0.4344255 0.9079294 0.05466341 -0.4155433 0.9084416 0.06171548 -0.4134308 0.9253566 0.04810899 -0.376033 0.9268088 0.06600415 -0.3696874 0.9362991 0.05636471 -0.3466514 0.9393916 0.09843724 -0.3284111 0.9515357 0.08212989 -0.2963689 0.9538888 0.1279357 -0.2715303 0.9667846 0.1047526 -0.2331405 0.9673929 0.1556586 -0.1998037 0.9801005 0.123982 -0.155021 0.9767231 0.1851379 -0.1083331 0.9834342 0.1627883 -0.07973241 0.9815741 0.1793749 -0.06585645 0.9815505 0.1794602 -0.06597578 0.9842833 0.1580829 -0.07871669 0.9840452 0.1588003 -0.08023488 0.9812308 0.1804744 -0.06793469 0.9699279 0.2076512 -0.1269682 0.9647915 0.2370994 -0.1138484 0.9608704 0.2434496 -0.132138 0.9554209 0.07274168 0.2861461 0.9579245 0.06010347 0.2806569 0.9511409 0.04944992 0.3047716 0.9590951 0.001771032 0.2830785 0.9300473 -0.04250866 0.3649728 0.9365641 -0.08940547 0.3389018 0.9353541 -0.09099763 0.3418074 0.9376294 -0.1125133 0.3289256 0.9365693 -0.1143608 0.3312999 0.9417884 -0.1505576 0.300611 0.9523807 -0.1296694 0.2759655 0.9543116 -0.1657778 0.2486103 0.9690878 -0.1354439 0.2062131 0.9689856 -0.1461039 0.1993003 -0.3373724 0.4922121 -0.8024383 0.9790225 -0.1302206 0.1567093 0.9785725 -0.1389597 0.1519412 -0.43764 0.2360619 -0.8676094 -0.3645759 0.2630016 -0.8932607 -0.008495569 0.3595376 -0.9330919 -0.03105413 0.3548107 -0.9344224 0.4226716 0.4098807 -0.8082985 0.3063642 0.4034333 -0.8621963 0.7678714 0.3766788 -0.5181572 0.6067259 0.4028956 -0.6852437 0.956039 0.2666658 -0.1219797 0.8334583 0.3531801 -0.4249836 0.9324724 0.2937116 -0.2103062 0.9581117 0.2635477 -0.1120916 -0.02798885 0.09840404 0.9947529 0.1553305 -0.07025462 0.9853612 0.3584015 -0.3622956 0.8604012 0.3585135 -0.3666085 0.8585257 0.3169122 -0.1713257 0.9328528 0.05082839 0.08945882 0.9946928 0.3105036 -0.1896995 0.9314514 0.109715 -0.3126234 0.9435196 0.2099773 -0.2134795 0.9541153 -0.08729374 -0.2534999 0.9633887 -0.08849489 -0.253819 0.963195 0.07625347 -0.2058917 0.9755993 -0.1815759 -0.2371644 0.9543496 -0.2607278 -0.1757118 0.9492874 -0.2245838 -0.1782599 0.9580113 -0.006000161 -0.1834541 0.98301 -0.2032996 -0.1556145 0.9666714 -0.04708474 -0.1761296 0.9832403 -0.0739966 -0.1697714 0.9827015 -0.08378535 -0.1671447 0.9823659 -0.08963292 -0.1652358 0.9821726 -0.09681326 -0.1630768 0.9818519 -0.05929648 -0.1756495 0.9826654 -0.109107 -0.1595689 0.981139 -0.2749751 -0.0936374 0.9568808 -0.1656906 -0.09859842 0.9812365 0.1432217 0.06165242 0.9877685 0.03122252 -0.008624792 0.9994753 0.04860973 0.02896469 0.9983978 -0.0119332 0.01314824 0.9998424 0.01239323 0.03054654 0.9994566 -0.0266242 0.03146725 0.9991502 -0.007327437 0.03330439 0.9994184 -0.03037887 0.03625881 0.9988807 -0.01749932 0.03609728 0.999195 -0.03171187 0.03955191 0.9987142 -0.02421897 0.03795051 0.9989862 -0.03246665 0.04027956 0.9986609 -0.02625411 0.03868383 0.9989066 -0.03300607 0.04061645 0.9986295 -0.02799695 0.03929179 0.9988355 -0.03378933 0.04093724 0.9985902 -0.02977007 0.03990572 0.9987599 -0.03440481 0.04140836 0.9985499 -0.03280287 0.04096013 0.9986222 -0.04212963 0.04449379 0.998121 -0.1493341 0.04552125 0.9877384 -0.2542082 -0.02007657 0.9669411 -0.009891152 0.6971773 -0.7168306 -0.03453832 0.7592377 -0.6498965 -0.004756391 0.7881436 -0.6154729 0.01910489 0.5319733 -0.8465457 -0.1079967 0.6143554 -0.7816036 -0.1300138 0.6824957 -0.7192331 -0.4115796 0.4550213 -0.7896569 -0.3401551 0.554035 -0.7598289 -0.3044717 0.5938709 -0.7447243 -0.2380939 0.9692373 0.06237238 -0.248168 0.9658238 0.07481354 -0.09977406 0.9808712 0.1671435 -0.05837249 0.7515082 -0.6571363 -0.096632 0.7702063 -0.630432 -0.05372011 0.8078624 -0.5869178 -0.1012626 0.8384725 -0.5354529 -0.09136265 0.8498517 -0.5190424 -0.1419826 0.8802591 -0.4527527 -0.1098562 0.8968362 -0.4285048 -0.1465706 0.9261337 -0.3475536 -0.1136977 0.9567263 -0.267858 -0.2366105 0.9385451 -0.251294 -0.2606576 0.9623761 -0.07674527 -0.1786157 0.9786911 -0.1012933 -0.257349 0.9662379 0.01248788 -0.8078266 0.3403897 -0.4811974 -0.7505077 0.30116 -0.5882525 -0.6965501 0.4158117 -0.5847382 -0.6062002 0.3583086 -0.7100256 -0.5975631 0.3898854 -0.7006481 -0.9280333 0.2339142 -0.2898937 -0.9318687 0.2253682 -0.2843063 -0.8290371 0.341865 -0.4425223 -0.9604495 0.2743077 -0.04787743 -0.9926388 0.09315282 0.07740175 -0.9718373 0.1347882 0.1932988 -0.9704306 0.1348529 0.2001979 -0.9686787 0.1404052 0.2048119 -0.9569981 0.138126 0.2550997 -0.950735 0.1636789 0.2632721 -0.9338231 0.1475874 0.3258718 -0.9277629 0.1605067 0.3368883 -0.9147159 0.1464682 0.376619 -0.8926161 0.1954324 0.4062545 -0.8856542 0.1829039 0.4268055 -0.870198 0.2022237 0.4492896 -0.8719264 0.2061761 0.4441124 -0.8450442 0.2373256 0.4791418 -0.8491518 0.258543 0.4605398 -0.8453779 0.2593426 0.4669878 -0.2041508 0.9528881 0.2243363 -0.1711657 0.9245779 0.3403793 -0.1896084 0.9225206 0.3361614 -0.1455228 0.8703272 0.4704824 -0.189705 0.8605853 0.4726576 -0.1462349 0.7875433 0.5986577 -0.1660655 0.7856549 0.5959603 -0.1303506 0.70323 0.6989109 -0.156278 0.6995437 0.6972918 -0.141735 0.6218445 0.7702082 -0.1459195 0.6231571 0.7683638 -0.1345795 0.5295115 0.8375595 -0.1371722 0.5292725 0.83729 -0.09948086 0.4381662 0.8933723 -0.1065646 0.4389997 0.8921453 -0.06679236 0.3573282 0.9315876 -0.1082314 0.3381693 0.934841 -0.05648338 0.2712882 0.9608394 -0.07146871 0.267472 0.9609116 -0.02148491 0.2065665 0.9781967 -0.08575636 0.1491845 0.9850837 -0.1347785 0.09824866 0.9859929 -0.1920062 0.1674288 0.9670064 -0.1894954 0.1727973 0.9665572 -0.2468219 0.2476578 0.9368802 -0.2496352 0.2451934 0.936783 -0.3014319 0.3495274 0.887113 -0.3073404 0.340472 0.888606 -0.3560333 0.4616783 0.8124615 -0.4051042 0.4329476 0.8052622 -0.4209707 0.5437217 0.7260513 -0.4205513 0.5441531 0.7259712 -0.4292597 0.5927566 0.6814512 -0.4294516 0.5926263 0.6814437 -0.4552422 0.6506778 0.6077606 -0.4535629 0.6523 0.6072772 -0.4869779 0.7105276 0.5079401 -0.4792827 0.7169432 0.5062417 -0.51772 0.7600851 0.39273 -0.5137106 0.7644968 0.3894179 -0.5489433 0.7950555 0.2579692 -0.5355802 0.8059185 0.252288 -0.5641105 0.8151179 0.1317655 -0.5618889 0.8172364 0.1280844 -0.5884355 0.8078719 -0.0329672 -0.5318683 0.8442316 -0.06625133 -0.4985172 0.8006367 -0.3323574 -0.450598 0.8245149 -0.3422524 -0.3658851 0.762685 -0.5333289 -0.3530427 0.7696235 -0.5320156 -0.283725 0.7276439 -0.6245275 -0.2866154 0.7265188 -0.6245176 -0.2147426 0.6803615 -0.7007096 -0.224065 0.673213 -0.7046837 -0.1715328 0.06521564 0.9830176 -0.2449666 -0.01174652 0.9694604 -0.3119483 0.06826961 0.9476432 -0.3135336 0.06469875 0.9473705 -0.3813031 0.1544446 0.9114575 -0.4187095 0.1190777 0.9002793 -0.4838127 0.247049 0.8395785 -0.4976018 0.2218781 0.8385479 -0.554408 0.3689745 0.7459824 -0.6407788 0.3026593 0.7055494 -0.6610502 0.4206913 0.6213144 -0.6630122 0.4178445 0.6211448 -0.6665591 0.4374941 0.6035711 -0.6845175 0.4186032 0.5968311 -0.6997913 0.4528757 0.5524454 -0.7080059 0.4399051 0.5524592 -0.7323206 0.4834487 0.4795663 -0.7462395 0.4623177 0.4789457 -0.7771781 0.4956767 0.3876839 -0.7792915 0.4908601 0.3895655 -0.8088133 0.518224 0.2779656 -0.81101 0.5142958 0.2788597 -0.834755 0.5201847 0.1805328 -0.8351063 0.5192807 0.1815077 -0.8587228 0.512161 0.01691716 -0.7985282 0.6003645 -0.04376363 -0.7625944 0.552932 -0.3357323 -0.6819963 0.6276714 -0.3753795 -0.5907098 0.5611792 -0.5797758 -0.5352016 0.6075797 -0.5868614 -0.4636864 0.563318 -0.6838625 -0.4499182 0.5710797 -0.6866161 -0.3709617 0.5211723 -0.7686136 -0.5052275 0.3329683 -0.7961641 -0.5150462 0.3202772 -0.7950786 -0.846364 0.2673477 0.4606443 -0.8423442 0.1656388 0.5128549 -0.7099228 0.2154772 0.6705067 -0.6712712 0.1139366 0.7324026 -0.6327125 0.1095666 0.7665966 -0.574652 -5.6455e-4 0.8183977 -0.495387 0.04363393 0.8675758 -0.4325625 -0.04051351 0.9006932 -0.4202603 -0.0374034 0.9066324 -0.3494778 -0.1207351 0.9291331 -0.3325964 -0.1054881 0.937151 0.2432228 0.00941497 0.9699248 0.003060817 0.6519515 -0.7582545 0.006061375 0.5357045 -0.8443839 0.006045103 0.5302934 -0.8477928 0.004126489 0.4833533 -0.8754158 -0.003583788 0.4724953 -0.881326 5.20702e-5 0.7870827 -0.6168475 0.1288158 0.7222751 0.6795036 0.1805998 0.7421576 0.6454347 0.2283902 0.699724 0.6769227 0.2416186 0.6524823 0.718253 0.2385664 0.6538624 0.7180182 0.242205 0.5234768 0.8168897 0.1891875 0.5461432 0.8160489 0.01652061 0.4896439 -0.871766 0.07735884 0.4937134 -0.8661772 0.07594823 0.4943026 -0.8659658 0.1384013 0.5061332 -0.8512781 0.1618275 0.5019078 -0.8496473 0.2526327 0.5306651 -0.8090558 0.27405 0.513273 -0.8132942 0.3156556 0.5350374 -0.7836431 0.3236057 0.5313584 -0.7829034 0.3963929 0.5697882 -0.7198709 0.4382808 0.5308381 -0.725342 0.5132777 0.5811949 -0.6314733 0.5410806 0.56432 -0.6235181 0.604056 0.6069536 -0.5164529 0.7068963 0.5146584 -0.4852056 0.7593495 0.5611425 -0.3294047 0.8235296 0.4971964 -0.2731207 0.8343086 0.5098424 -0.2097381 0.8719579 0.4694028 -0.1391057 0.1981986 0.7658263 0.6117414 0.1667938 0.8471035 0.5045745 0.2049511 0.8421676 0.4987472 0.1633665 0.9217305 0.3517448 0.1864624 0.9175246 0.3512555 0.1468205 0.9688553 0.1994075 0.1804444 0.9638563 0.1960125 0.1464209 0.9885943 0.03524523 0.1636899 0.9858484 0.03617477 0.1396383 0.9841583 -0.1092417 0.1539852 0.9821407 -0.1081123 0.133328 0.9587329 -0.2511074 0.1342398 0.9586512 -0.2509337 0.09748917 0.9231503 -0.3718731 0.1246249 0.9175634 -0.3775528 0.07253259 0.8837801 -0.4622467 0.08987218 0.8808346 -0.4648156 0.03904777 0.8459589 -0.5318165 0.09415638 0.8203942 -0.5639929 0.04151237 0.7930277 -0.6077695 0.05277103 0.7902648 -0.610489 0.03047448 0.7786492 -0.6267191 0.04754191 0.7682763 -0.6383507 0.02007383 0.7594744 -0.6502274 0.02364462 0.7582294 -0.651559 0.01003301 0.7556926 -0.6548498 0.01276993 0.7542076 -0.6565121 -2.93153e-4 0.7533053 -0.657671 7.31746e-4 0.7511004 -0.6601877 0.8781077 0.456959 -0.1418287 0.8779312 0.4569576 -0.1429216 0.892742 0.4285691 -0.1390691 0.8977035 0.4252689 -0.1152164 0.9166003 0.3810518 -0.1210107 0.9230842 0.3722665 -0.09660935 0.9322203 0.3475834 -0.1007531 0.9425573 0.3280558 -0.0629692 0.9516099 0.2974407 -0.07724994 0.962417 0.2683172 -0.04194474 0.9672886 0.2485439 -0.05078321 0.9762897 0.2160066 -0.01413315 0.9877978 0.1478613 0.04891324 0.967605 0.2389529 0.08149975 0.9634175 0.005129337 0.2679561 0.915214 0.1288654 0.3818079 0.8675905 -0.05053281 0.4947052 0.8728586 -9.56754e-4 0.4879723 0.8055843 -0.1566264 0.5714036 0.7460526 -0.06096082 0.6630907 0.6502839 -0.2158713 0.7283751 0.6342546 -0.1742023 0.7532427 0.5302496 -0.3036904 0.7915855 0.488229 -0.2435831 0.8380333 0.3928198 -0.1456272 0.9080117 0.4785271 -0.03779858 0.8772588 0.5017749 -0.0443356 0.8638614 0.5745974 0.07037186 0.8154052 0.6441808 0.0419293 0.7637232 0.6879083 0.1458104 0.7110004 0.7063388 0.1654714 0.6882621 0.7361494 0.2691192 0.6210145 0.8169034 0.2502458 0.5196596 0.8202939 0.4171324 0.3913035 0.8493849 0.4250457 0.3128605 0.8270648 0.5120073 0.2319753 0.82507 0.5133517 0.2360717 0.7984277 0.5830687 0.1501469 0.7933637 0.5880969 0.1572138 0.7681762 0.6370151 0.06416517 0.763291 0.6421512 0.07091313 0.7403896 0.6720348 -0.01387661 0.7281321 0.6854243 -0.004157066 0.710079 0.6980791 -0.09205114 0.7004822 0.7084968 -0.08577388 0.6898427 0.7083014 -0.1497542 0.659057 0.7385635 -0.142014 0.6335838 0.7066274 -0.3150388 0.5913579 0.7507066 -0.2945089 0.5283826 0.6925406 -0.4911205 0.4693965 0.7462328 -0.4720209 0.3952779 0.6975747 -0.597616 0.3873746 0.7084788 -0.5899143 0.3130242 0.6578895 -0.6849799 0.3032552 0.6681838 -0.679387 0.2328852 0.631462 -0.7396082 0.2325865 0.632739 -0.7386102 0.1932399 0.6120979 -0.766808 0.1893933 0.619754 -0.7616005 0.1074765 0.5936307 -0.7975284 0.1123222 0.6002012 -0.7919232 0.05655509 0.5899047 -0.80549 0.05504822 0.5884656 -0.8066461 0.004685461 0.5849591 -0.8110494 0.004997432 0.5855091 -0.8106504 0.3730461 -0.1188519 0.920169 0.2332289 0.02242636 0.9721633 0.3064414 0.1164068 0.944745 0.3081713 0.1159093 0.9442434 0.3781946 0.2243214 0.8981364 0.4053454 0.2146819 0.8885983 0.4453896 0.3165142 0.8375244 0.4546296 0.3252298 0.8291789 0.4864601 0.4273525 0.7620541 0.545624 0.4216657 0.7242186 0.546005 0.5795902 0.6049412 0.5774073 0.5910168 0.5632938 0.5525118 0.6835739 0.476925 0.5579007 0.6832515 0.4710777 0.5234646 0.773149 0.358086 0.5344274 0.7697671 0.3490647 0.5008107 0.8353867 0.2265346 0.5057471 0.8336243 0.2220147 0.4735163 0.8748748 0.1018646 0.4790157 0.8722515 0.09859764 0.4528422 0.8911565 -0.02782464 0.4536603 0.890726 -0.02827656 0.4358435 0.889891 -0.1346639 0.4234209 0.8963749 -0.1312511 0.3999617 0.867681 -0.2952295 0.3752127 0.8831228 -0.2816196 0.3243075 0.8347524 -0.4449868 0.302558 0.8481383 -0.4348794 0.2402459 0.8078191 -0.5382475 0.2409048 0.8071386 -0.5389733 0.1806893 0.7658011 -0.6171709 0.1984266 0.7506487 -0.6302011 0.1407065 0.7206596 -0.6788604 0.1417281 0.7169802 -0.682534 0.1143894 0.7026463 -0.7022842 0.1168512 0.6982464 -0.7062562 0.06587922 0.681941 -0.7284342 0.06678622 0.6834126 -0.726971 0.03475081 0.6774741 -0.7347254 0.03306227 0.6756547 -0.7364766 -0.002751946 0.6731013 -0.7395452 0.002304494 0.6939775 -0.719993 0.1663756 0.4787994 0.8620154 0.1540798 0.4533688 0.8779045 0.1543356 0.4482427 0.880488 0.1266659 0.3736055 0.9188987 0.1499369 0.3549116 0.9227984 0.09792596 0.275599 0.9562718 0.1105144 0.2560495 0.9603257 0.060418 0.1909555 0.9797376 0.1032429 0.1367061 0.9852169 -0.2542082 0.02007657 -0.9669411 -0.009891152 -0.6971773 0.7168306 -0.03453832 -0.7592377 0.6498965 -0.004756391 -0.7881436 0.6154729 0.01910489 -0.5319733 0.8465457 -0.1079967 -0.6143554 0.7816036 -0.1300138 -0.6824957 0.7192331 -0.4115796 -0.4550213 0.7896569 -0.3401551 -0.554035 0.7598289 -0.3044717 -0.5938709 0.7447243 -0.2380939 -0.9692373 -0.06237238 -0.248168 -0.9658238 -0.07481354 -0.09977406 -0.9808712 -0.1671435 -0.05837249 -0.7515082 0.6571363 -0.096632 -0.7702063 0.630432 -0.05372011 -0.8078624 0.5869178 -0.1012626 -0.8384725 0.5354529 -0.09136265 -0.8498517 0.5190424 -0.1419826 -0.8802591 0.4527527 -0.1098562 -0.8968362 0.4285048 -0.1465706 -0.9261337 0.3475536 -0.1136977 -0.9567263 0.267858 -0.2366105 -0.9385451 0.251294 -0.2606576 -0.9623761 0.07674527 -0.1786157 -0.9786911 0.1012933 -0.257349 -0.9662379 -0.01248788 -0.8078266 -0.3403897 0.4811974 -0.7505077 -0.30116 0.5882525 -0.6965501 -0.4158117 0.5847382 -0.6062002 -0.3583086 0.7100256 -0.5975631 -0.3898854 0.7006481 -0.9281612 -0.2335354 0.2897897 -0.9317405 -0.2255677 0.2845681 -0.8290371 -0.341865 0.4425223 -0.9602754 -0.2748486 0.04826462 -0.9926388 -0.09315282 -0.07740175 -0.9718373 -0.1347882 -0.1932988 -0.9704306 -0.1348529 -0.2001979 -0.9686787 -0.1404052 -0.2048119 -0.9569981 -0.138126 -0.2550997 -0.950735 -0.1636789 -0.2632721 -0.9338231 -0.1475874 -0.3258718 -0.9277629 -0.1605067 -0.3368883 -0.9147159 -0.1464682 -0.376619 -0.8926161 -0.1954324 -0.4062545 -0.8856542 -0.1829039 -0.4268055 -0.870198 -0.2022237 -0.4492896 -0.8719264 -0.2061761 -0.4441124 -0.8450442 -0.2373256 -0.4791418 -0.8491518 -0.258543 -0.4605398 -0.8453779 -0.2593426 -0.4669878 -0.2041508 -0.9528881 -0.2243363 -0.1711657 -0.9245779 -0.3403793 -0.1896084 -0.9225206 -0.3361614 -0.1455228 -0.8703272 -0.4704824 -0.189705 -0.8605853 -0.4726576 -0.1462349 -0.7875433 -0.5986577 -0.1660655 -0.7856549 -0.5959603 -0.1303506 -0.70323 -0.6989109 -0.156278 -0.6995437 -0.6972918 -0.141735 -0.6218445 -0.7702082 -0.1459195 -0.6231571 -0.7683638 -0.1345795 -0.5295115 -0.8375595 -0.1371722 -0.5292725 -0.83729 -0.09948086 -0.4381662 -0.8933723 -0.1065646 -0.4389997 -0.8921453 -0.06679236 -0.3573282 -0.9315876 -0.1082314 -0.3381693 -0.934841 -0.05648338 -0.2712882 -0.9608394 -0.07146871 -0.267472 -0.9609116 -0.02148491 -0.2065665 -0.9781967 -0.08575636 -0.1491845 -0.9850837 -0.1347785 -0.09824866 -0.9859929 -0.1920062 -0.1674288 -0.9670064 -0.1894954 -0.1727973 -0.9665572 -0.2468219 -0.2476578 -0.9368802 -0.2496352 -0.2451934 -0.936783 -0.3014319 -0.3495274 -0.887113 -0.3073404 -0.340472 -0.888606 -0.3560333 -0.4616783 -0.8124615 -0.4051042 -0.4329476 -0.8052622 -0.4209707 -0.5437217 -0.7260513 -0.4205513 -0.5441531 -0.7259712 -0.4292597 -0.5927566 -0.6814512 -0.4294516 -0.5926263 -0.6814437 -0.4552422 -0.6506778 -0.6077606 -0.4535629 -0.6523 -0.6072772 -0.4869779 -0.7105276 -0.5079401 -0.4792827 -0.7169432 -0.5062417 -0.51772 -0.7600851 -0.39273 -0.5137106 -0.7644968 -0.3894179 -0.5489433 -0.7950555 -0.2579692 -0.5355802 -0.8059185 -0.252288 -0.5641105 -0.8151179 -0.1317655 -0.5618889 -0.8172364 -0.1280844 -0.5884355 -0.8078719 0.0329672 -0.5318683 -0.8442316 0.06625133 -0.4985172 -0.8006367 0.3323574 -0.450598 -0.8245149 0.3422524 -0.3658851 -0.762685 0.5333289 -0.3530427 -0.7696235 0.5320156 -0.283725 -0.7276439 0.6245275 -0.2866154 -0.7265188 0.6245176 -0.2147426 -0.6803615 0.7007096 -0.224065 -0.673213 0.7046837 -0.1715328 -0.06521564 -0.9830176 -0.2449666 0.01174652 -0.9694604 -0.3119483 -0.06826961 -0.9476432 -0.3135336 -0.06469875 -0.9473705 -0.3813031 -0.1544446 -0.9114575 -0.4187095 -0.1190777 -0.9002793 -0.4838127 -0.247049 -0.8395785 -0.4976018 -0.2218781 -0.8385479 -0.554408 -0.3689745 -0.7459824 -0.6407788 -0.3026593 -0.7055494 -0.6610502 -0.4206913 -0.6213144 -0.6630122 -0.4178445 -0.6211448 -0.6665591 -0.4374941 -0.6035711 -0.6845175 -0.4186032 -0.5968311 -0.6997913 -0.4528757 -0.5524454 -0.7080059 -0.4399051 -0.5524592 -0.7323206 -0.4834487 -0.4795663 -0.7462395 -0.4623177 -0.4789457 -0.7771781 -0.4956767 -0.3876839 -0.7792915 -0.4908601 -0.3895655 -0.8088133 -0.518224 -0.2779656 -0.81101 -0.5142958 -0.2788597 -0.834755 -0.5201847 -0.1805328 -0.8351063 -0.5192807 -0.1815077 -0.8587228 -0.512161 -0.01691716 -0.7985282 -0.6003645 0.04376363 -0.7625944 -0.552932 0.3357323 -0.6819963 -0.6276714 0.3753795 -0.5907098 -0.5611792 0.5797758 -0.5352016 -0.6075797 0.5868614 -0.4636864 -0.563318 0.6838625 -0.4499182 -0.5710797 0.6866161 -0.3709617 -0.5211723 0.7686136 -0.5052275 -0.3329683 0.7961641 -0.5150462 -0.3202772 0.7950786 -0.846364 -0.2673477 -0.4606443 -0.8423442 -0.1656388 -0.5128549 -0.7099228 -0.2154772 -0.6705067 -0.6712712 -0.1139366 -0.7324026 -0.6327125 -0.1095666 -0.7665966 -0.574652 5.6455e-4 -0.8183977 -0.495387 -0.04363393 -0.8675758 -0.4325625 0.04051351 -0.9006932 -0.4202603 0.0374034 -0.9066324 -0.3494778 0.1207351 -0.9291331 -0.3325964 0.1054881 -0.937151 -0.03364408 -0.1034038 -0.9940704 -0.2532554 -0.1384498 -0.957441 -0.1879117 0.2319926 -0.9543944 0.03684157 0.1879757 -0.9814825 -0.2285021 0.1693373 -0.9587031 -0.01689779 0.1817432 -0.9832009 -0.2136699 0.1489432 -0.965485 -0.04574555 0.1763764 -0.9832592 -0.06517004 0.1723582 -0.9828761 -0.07958048 0.1686163 -0.9824641 -0.1037374 0.1614302 -0.9814168 -0.08830058 0.165925 -0.9821771 -0.09966033 0.1623951 -0.98168 0.07748878 0.2208421 -0.9722265 -0.1344926 0.1535766 -0.9789413 0.08359777 0.2568866 -0.9628192 -0.1856948 0.1348698 -0.9733076 -0.4098987 -0.02629494 -0.9117521 -0.1926981 0.0749737 -0.9783897 0.0449742 -0.0841701 -0.995436 -0.04878461 -0.04495435 -0.9977972 -0.05296486 -0.04778647 -0.9974524 -0.04120033 -0.04373228 -0.9981934 -0.03924781 -0.04276907 -0.9983138 -0.0363292 -0.04217845 -0.9984495 -0.0304504 -0.04015743 -0.9987293 -0.03346693 -0.0409764 -0.9985995 -0.02763789 -0.03910142 -0.998853 -0.03302186 -0.04051387 -0.9986333 -0.02537757 -0.03840655 -0.99894 -0.03268808 -0.03999149 -0.9986653 -0.02185624 -0.03730088 -0.9990651 -0.03161793 -0.03873115 -0.9987493 -0.01702898 -0.03578263 -0.9992146 -0.03017365 -0.03706842 -0.9988571 -0.01006835 -0.03398466 -0.9993717 -0.02782368 -0.03303718 -0.9990668 0.003606677 -0.03130549 -0.9995034 -0.02016514 -0.02275371 -0.9995378 0.02839869 -0.02879941 -0.9991818 0.0044353 -0.003264844 -0.9999849 0.1050139 -0.0449568 -0.993454 0.1442566 0.0800777 -0.986295 0.3588192 0.3619472 -0.8603737 0.3707189 0.1210874 -0.9208179 0.2489254 0.3469582 -0.9042435 0.2566174 0.1763172 -0.9502946 -0.005367279 0.2828373 -0.9591529 0.1272758 0.1938747 -0.9727351 -0.1677407 0.2214293 -0.9606416 -0.1626639 0.2210444 -0.9616028 0.2432228 -0.00941497 -0.9699248 0.003060817 -0.6519515 0.7582545 0.006061375 -0.5357045 0.8443839 0.006045103 -0.5302934 0.8477928 0.004126489 -0.4833533 0.8754158 -0.003583788 -0.4724953 0.881326 5.20702e-5 -0.7870827 0.6168475 0.1264083 -0.7206366 -0.6816919 0.1867563 -0.742244 -0.6435807 0.2289458 -0.6979702 -0.6785438 0.2414517 -0.6524891 -0.718303 0.2385548 -0.6538013 -0.7180777 0.2422342 -0.5234706 -0.8168851 0.1891775 -0.5461516 -0.8160455 0.01652061 -0.4896439 0.871766 0.07735884 -0.4937134 0.8661772 0.07594823 -0.4943026 0.8659658 0.1384013 -0.5061332 0.8512781 0.1618275 -0.5019078 0.8496473 0.2526327 -0.5306651 0.8090558 0.27405 -0.513273 0.8132942 0.3156556 -0.5350374 0.7836431 0.3236057 -0.5313584 0.7829034 0.3963929 -0.5697882 0.7198709 0.4382808 -0.5308381 0.725342 0.5132777 -0.5811949 0.6314733 0.5410806 -0.56432 0.6235181 0.604056 -0.6069536 0.5164529 0.7068963 -0.5146584 0.4852056 0.7593495 -0.5611425 0.3294047 0.8235296 -0.4971964 0.2731207 0.8343086 -0.5098424 0.2097381 0.8719579 -0.4694028 0.1391057 0.1981986 -0.7658263 -0.6117414 0.1667938 -0.8471035 -0.5045745 0.2049511 -0.8421676 -0.4987472 0.1633665 -0.9217305 -0.3517448 0.1864624 -0.9175246 -0.3512555 0.1468205 -0.9688553 -0.1994075 0.1804444 -0.9638563 -0.1960125 0.1464209 -0.9885943 -0.03524523 0.1636899 -0.9858484 -0.03617477 0.1396383 -0.9841583 0.1092417 0.1539852 -0.9821407 0.1081123 0.133328 -0.9587329 0.2511074 0.1342398 -0.9586512 0.2509337 0.09748917 -0.9231503 0.3718731 0.1246249 -0.9175634 0.3775528 0.07253259 -0.8837801 0.4622467 0.08987218 -0.8808346 0.4648156 0.03904777 -0.8459589 0.5318165 0.09415638 -0.8203942 0.5639929 0.04151237 -0.7930277 0.6077695 0.05277103 -0.7902648 0.610489 0.03047448 -0.7786492 0.6267191 0.04754191 -0.7682763 0.6383507 0.02007383 -0.7594744 0.6502274 0.02364462 -0.7582294 0.651559 0.01003301 -0.7556926 0.6548498 0.01276993 -0.7542076 0.6565121 -2.93153e-4 -0.7533053 0.657671 7.31746e-4 -0.7511004 0.6601877 0.8781077 -0.456959 0.1418287 0.8779312 -0.4569576 0.1429216 0.892742 -0.4285691 0.1390691 0.8977035 -0.4252689 0.1152164 0.9166003 -0.3810518 0.1210107 0.9230842 -0.3722665 0.09660935 0.9322203 -0.3475834 0.1007531 0.9425573 -0.3280558 0.0629692 0.9516099 -0.2974407 0.07724994 0.962417 -0.2683172 0.04194474 0.9672886 -0.2485439 0.05078321 0.9762897 -0.2160066 0.01413315 0.9877978 -0.1478613 -0.04891324 0.967605 -0.2389529 -0.08149975 0.9634175 -0.005129337 -0.2679561 0.915214 -0.1288654 -0.3818079 0.8675905 0.05053281 -0.4947052 0.8728586 9.56754e-4 -0.4879723 0.8055843 0.1566264 -0.5714036 0.7460526 0.06096082 -0.6630907 0.6502839 0.2158713 -0.7283751 0.6342546 0.1742023 -0.7532427 0.5302496 0.3036904 -0.7915855 0.488229 0.2435831 -0.8380333 0.3928198 0.1456272 -0.9080117 0.4785271 0.03779858 -0.8772588 0.5017749 0.0443356 -0.8638614 0.5745974 -0.07037186 -0.8154052 0.6441808 -0.0419293 -0.7637232 0.6879083 -0.1458104 -0.7110004 0.7063388 -0.1654714 -0.6882621 0.7361494 -0.2691192 -0.6210145 0.8169034 -0.2502458 -0.5196596 0.8202939 -0.4171324 -0.3913035 0.8493849 -0.4250457 -0.3128605 0.8270648 -0.5120073 -0.2319753 0.82507 -0.5133517 -0.2360717 0.7984277 -0.5830687 -0.1501469 0.7933637 -0.5880969 -0.1572138 0.7681762 -0.6370151 -0.06416517 0.763291 -0.6421512 -0.07091313 0.7403896 -0.6720348 0.01387661 0.7281321 -0.6854243 0.004157066 0.710079 -0.6980791 0.09205114 0.7004822 -0.7084968 0.08577388 0.6898427 -0.7083014 0.1497542 0.659057 -0.7385635 0.142014 0.6335838 -0.7066274 0.3150388 0.5913579 -0.7507066 0.2945089 0.5283826 -0.6925406 0.4911205 0.4693965 -0.7462328 0.4720209 0.3952779 -0.6975747 0.597616 0.3873746 -0.7084788 0.5899143 0.3130242 -0.6578895 0.6849799 0.3032552 -0.6681838 0.679387 0.2328852 -0.631462 0.7396082 0.2325865 -0.632739 0.7386102 0.1932399 -0.6120979 0.766808 0.1893933 -0.619754 0.7616005 0.1074765 -0.5936307 0.7975284 0.1123222 -0.6002012 0.7919232 0.05655509 -0.5899047 0.80549 0.05504822 -0.5884656 0.8066461 0.004685461 -0.5849591 0.8110494 0.004997432 -0.5855091 0.8106504 0.3730461 0.1188519 -0.920169 0.2332289 -0.02242636 -0.9721633 0.3064414 -0.1164068 -0.944745 0.3081713 -0.1159093 -0.9442434 0.3781946 -0.2243214 -0.8981364 0.4053454 -0.2146819 -0.8885983 0.4453896 -0.3165142 -0.8375244 0.4546296 -0.3252298 -0.8291789 0.4864601 -0.4273525 -0.7620541 0.545624 -0.4216657 -0.7242186 0.546005 -0.5795902 -0.6049412 0.5774073 -0.5910168 -0.5632938 0.5525118 -0.6835739 -0.476925 0.5579007 -0.6832515 -0.4710777 0.5234646 -0.773149 -0.358086 0.5344274 -0.7697671 -0.3490647 0.5008107 -0.8353867 -0.2265346 0.5057471 -0.8336243 -0.2220147 0.4735163 -0.8748748 -0.1018646 0.4790157 -0.8722515 -0.09859764 0.4528422 -0.8911565 0.02782464 0.4536603 -0.890726 0.02827656 0.4358435 -0.889891 0.1346639 0.4234209 -0.8963749 0.1312511 0.3999617 -0.867681 0.2952295 0.3752127 -0.8831228 0.2816196 0.3243075 -0.8347524 0.4449868 0.302558 -0.8481383 0.4348794 0.2402459 -0.8078191 0.5382475 0.2409048 -0.8071386 0.5389733 0.1806893 -0.7658011 0.6171709 0.1984266 -0.7506487 0.6302011 0.1407065 -0.7206596 0.6788604 0.1417281 -0.7169802 0.682534 0.1143894 -0.7026463 0.7022842 0.1168512 -0.6982464 0.7062562 0.06587922 -0.681941 0.7284342 0.06678622 -0.6834126 0.726971 0.03475081 -0.6774741 0.7347254 0.03306227 -0.6756547 0.7364766 -0.002751946 -0.6731013 0.7395452 0.002304494 -0.6939775 0.719993 0.1663892 -0.4788031 -0.8620107 0.1540798 -0.4533688 -0.8779045 0.1543356 -0.4482427 -0.880488 0.1266659 -0.3736055 -0.9188987 0.1499369 -0.3549116 -0.9227984 0.09792596 -0.275599 -0.9562718 0.1105144 -0.2560495 -0.9603257 0.060418 -0.1909555 -0.9797376 0.1032429 -0.1367061 -0.9852169 0.195012 -0.4722355 -0.8596301 0.9817243 -0.136601 -0.1325054 0.1950854 -0.7180891 -0.6680493 0.4422708 -0.6468679 -0.6212556 0.575478 -0.5564151 -0.5993559 0.9807813 -0.1440687 -0.1315768 0.8968373 -0.3160081 -0.3095512 0.8386996 -0.3522933 -0.415298 0.7933527 -0.4419629 -0.4186414 0.6086372 -0.5636536 -0.5584403 0.2285647 -0.6879365 -0.6888408 0.2285432 -0.6979995 -0.6786493 0.2546305 -0.6518309 -0.7143388 0.2024257 -0.5438162 -0.8144249 0.4390091 -0.5453812 -0.7140241 0.4397015 -0.5451664 -0.713762 0.5727807 -0.5035549 -0.6468036 0.9805107 -0.1192703 -0.1561202 0.9813857 -0.1158431 -0.1531751 0.8955602 -0.2705065 -0.3532679 0.837836 -0.3384648 -0.4283369 0.7912468 -0.3705514 -0.4864364 0.605853 -0.4844072 -0.6311037 0.6060797 0.3196231 0.7283602 0.4398118 0.3608864 0.8223908 0.1938582 -0.7866607 -0.5861604 0.2575839 -0.7826127 -0.5667169 0.2572305 -0.8858738 -0.386083 0.2572305 -0.8858743 -0.3860819 0.2570683 -0.9514786 -0.1691282 0.2570706 -0.9514778 -0.1691294 0.2570706 -0.9643594 0.06265503 0.2570697 -0.9643597 0.06265497 0.2570696 -0.9215952 0.2908223 0.2570699 -0.9215952 0.290822 0.2570704 -0.8256518 0.5022092 0.2570691 -0.8256523 0.5022092 0.2570704 -0.6820665 0.6846168 0.2570683 -0.6820673 0.6846169 0.2570687 -0.4991243 0.8275208 0.257071 -0.4991246 0.82752 0.257072 -0.2873814 0.9226733 0.2570704 -0.2873812 0.9226737 0.2570753 -0.05905532 0.9645853 0.2570683 -0.05905556 0.9645872 0.2571355 0.1704807 0.9512191 0.2571409 0.1704806 0.9512177 0.2574931 0.376541 0.8898957 0.1937817 0.3942204 0.8983535 0.8956398 0.1787293 0.4072902 0.7912922 0.2456986 0.5599009 0.7055649 0.2685731 0.6557794 0.7046334 0.1251773 0.6984429 0.7046293 0.1251781 0.698447 0.7045313 -0.0433675 0.7083467 0.7045328 -0.04336744 0.7083451 0.7045338 -0.2110385 0.6775653 0.7045315 -0.2110391 0.6775677 0.704532 -0.3665326 0.6076911 0.7045334 -0.3665322 0.6076898 0.704534 -0.5008757 0.5027479 0.7045339 -0.5008755 0.5027481 0.7045339 -0.6063175 0.368797 0.7045338 -0.6063174 0.3687973 0.7045336 -0.6767736 0.2135649 0.7045331 -0.6767738 0.2135658 0.7045329 -0.7081783 0.04601067 0.7045331 -0.7081781 0.04601079 0.704533 -0.6987186 -0.1241996 0.7045338 -0.6987178 -0.1241998 0.7047731 -0.6503525 -0.2834371 0.7047725 -0.650353 -0.2834376 0.9805229 0.0789228 0.1798502 0.439953 -0.7200981 -0.5365633 0.6062348 -0.6377174 -0.4751798 0.705699 -0.5787677 -0.4086771 0.7914102 -0.4901729 -0.3652403 0.8957107 -0.3565425 -0.2656689 0.9657885 0.09148347 0.2426594 0.9654709 0.04595744 0.2564253 0.9654707 0.04595756 0.2564258 0.9654527 -0.01592373 0.2600917 0.9654527 -0.01592379 0.2600915 0.9654527 -0.07748955 0.2487902 0.9654529 -0.07748949 0.2487896 0.9654528 -0.134584 0.2231325 0.9654527 -0.134584 0.223133 0.9654527 -0.1839128 0.1846002 0.9654526 -0.1839129 0.1846005 0.9654526 -0.2226293 0.1354159 0.9654527 -0.2226291 0.1354159 0.9654527 -0.2484992 0.07841747 0.9654528 -0.2484989 0.07841736 0.9654528 -0.26003 0.0168941 0.9654528 -0.26003 0.01689416 0.9654528 -0.2565567 -0.04560387 0.9654527 -0.2565569 -0.04560357 0.9654968 -0.2387278 -0.1040427 0.9654969 -0.2387275 -0.1040425 0.9658089 -0.2160307 -0.1433322 0.9805379 -0.1574316 -0.1173063 0.6060797 -0.3196231 -0.7283602 0.4398118 -0.3608864 -0.8223908 0.1938582 0.7866607 0.5861604 0.2575839 0.7826127 0.5667169 0.2572305 0.8858738 0.386083 0.2572305 0.8858743 0.3860819 0.2570683 0.9514786 0.1691282 0.2570706 0.9514778 0.1691294 0.2570706 0.9643594 -0.06265503 0.2570697 0.9643597 -0.06265497 0.2570696 0.9215952 -0.2908223 0.2570699 0.9215952 -0.290822 0.2570704 0.8256518 -0.5022092 0.2570691 0.8256523 -0.5022092 0.2570704 0.6820665 -0.6846168 0.2570683 0.6820673 -0.6846169 0.2570687 0.4991243 -0.8275208 0.257071 0.4991246 -0.82752 0.257072 0.2873814 -0.9226733 0.2570704 0.2873812 -0.9226737 0.2570753 0.05905532 -0.9645853 0.2570683 0.05905556 -0.9645872 0.2571355 -0.1704807 -0.9512191 0.2571409 -0.1704806 -0.9512177 0.2574931 -0.376541 -0.8898957 0.1937817 -0.3942204 -0.8983535 0.8956398 -0.1787293 -0.4072902 0.7912922 -0.2456986 -0.5599009 0.7055649 -0.2685731 -0.6557794 0.7046334 -0.1251773 -0.6984429 0.7046293 -0.1251781 -0.698447 0.7045313 0.0433675 -0.7083467 0.7045328 0.04336744 -0.7083451 0.7045338 0.2110385 -0.6775653 0.7045315 0.2110391 -0.6775677 0.704532 0.3665326 -0.6076911 0.7045334 0.3665322 -0.6076898 0.704534 0.5008757 -0.5027479 0.7045339 0.5008755 -0.5027481 0.7045339 0.6063175 -0.368797 0.7045338 0.6063174 -0.3687973 0.7045336 0.6767736 -0.2135649 0.7045331 0.6767738 -0.2135658 0.7045329 0.7081783 -0.04601067 0.7045331 0.7081781 -0.04601079 0.704533 0.6987186 0.1241996 0.7045338 0.6987178 0.1241998 0.7047731 0.6503525 0.2834371 0.7047725 0.650353 0.2834376 0.9805229 -0.0789228 -0.1798502 0.439953 0.7200981 0.5365633 0.6062348 0.6377174 0.4751798 0.705699 0.5787677 0.4086771 0.7914102 0.4901729 0.3652403 0.8957107 0.3565425 0.2656689 0.9657885 -0.09148347 -0.2426594 0.9654709 -0.04595744 -0.2564253 0.9654707 -0.04595756 -0.2564258 0.9654527 0.01592373 -0.2600917 0.9654527 0.01592379 -0.2600915 0.9654527 0.07748955 -0.2487902 0.9654529 0.07748949 -0.2487896 0.9654528 0.134584 -0.2231325 0.9654527 0.134584 -0.223133 0.9654527 0.1839128 -0.1846002 0.9654526 0.1839129 -0.1846005 0.9654526 0.2226293 -0.1354159 0.9654527 0.2226291 -0.1354159 0.9654527 0.2484992 -0.07841747 0.9654528 0.2484989 -0.07841736 0.9654528 0.26003 -0.0168941 0.9654528 0.26003 -0.01689416 0.9654528 0.2565567 0.04560387 0.9654527 0.2565569 0.04560357 0.9654968 0.2387278 0.1040427 0.9654969 0.2387275 0.1040425 0.9658089 0.2160307 0.1433322 0.9805379 0.1574316 0.1173063 0.1950067 0.472235 0.8596315 0.9815937 0.1373669 0.1326814 0.1950823 0.7197259 0.6662865 0.4422722 0.6483173 0.6197418 0.5724507 0.5529409 0.6054392 0.98078 0.1443666 0.1312591 0.8968453 0.3166699 0.3088509 0.8371644 0.3481608 0.4218294 0.7933526 0.4429097 0.4176397 0.6086565 0.5648906 0.5571678 0.2238622 0.6900199 0.688301 0.2238463 0.7000946 0.6780562 0.2583519 0.6514112 0.7133848 0.2024147 0.5438106 0.8144314 0.4484466 0.5446463 0.7087002 0.4395639 0.5474248 0.7121163 0.5699007 0.5067661 0.6468395 0.9804962 0.1198014 0.155804 0.9812501 0.1168619 0.1532699 0.8954963 0.2716218 0.3525737 0.8366545 0.3407317 0.4288488 0.7911266 0.3722623 0.4853242 0.6057213 0.4861986 0.6298514 -0.6035151 -0.7972743 -0.01111012 -0.4420943 -0.8955615 -0.0502215 -0.6034119 -0.7968368 -0.03074675 -0.6083155 -0.7930123 -0.03292298 -0.7932524 -0.607662 -0.03870248 -0.980785 -0.1944354 -0.01599878 -0.8575516 -0.5143592 0.006321609 -0.9829899 -0.1834008 -0.009751021 -0.9830127 -0.1834822 -0.00452131 -0.9838193 -0.1791632 4.77055e-4 -0.1950433 -0.9489238 0.2479958 -0.4628914 -0.8730866 0.153138 -0.3043857 -0.9475293 0.09766083 -0.3052011 -0.9521563 0.01583486 -0.2751458 -0.9612948 -0.0143941 -0.2750705 -0.9606736 -0.03798103 -0.1950579 -0.978344 -0.06924861 -0.4403002 -0.8845727 0.1538407 -0.6173715 -0.775629 0.1313477 -0.6212319 -0.7835437 0.01142108 -0.8505626 -0.5258141 -0.007941424 -0.850561 -0.5258357 -0.006557285 -0.8967158 -0.4421028 -0.02111572 -0.9805806 -0.193163 0.03390926 -0.9833821 -0.1782168 0.03462231 -0.8958314 -0.4380336 0.0749188 -0.8556326 -0.5113396 0.08015501 -0.7918539 -0.6011281 0.1077622 -0.6062885 -0.7844709 0.1304605 -0.7914132 0.5985679 0.1240233 -0.8957074 0.4353967 0.09021139 -0.9806089 -0.1823291 0.07184952 -0.9658905 -0.2343033 0.110262 -0.9656186 -0.2189047 0.1402191 -0.9656182 -0.2189068 0.1402191 -0.965453 -0.183911 0.1846006 -0.9654524 -0.1839145 0.1846 -0.965453 -0.1345822 0.2231327 -0.9654527 -0.1345848 0.2231324 -0.965453 -0.07748925 0.2487893 -0.9654527 -0.07748985 0.2487902 -0.9654528 -0.01592344 0.2600912 -0.9654526 -0.01592314 0.260092 -0.9654526 0.04656046 0.2563855 -0.9654527 0.0465607 0.2563852 -0.9654526 0.1063596 0.2378845 -0.9654529 0.1063578 0.2378839 -0.9654527 0.1600198 0.2056571 -0.9654527 0.1600194 0.205657 -0.9654532 0.2044451 0.1615626 -0.9654526 0.2044473 0.1615629 -0.9654963 0.2363093 0.1094295 -0.9654967 0.236308 0.1094295 -0.9658079 0.2506195 0.06637054 -0.980539 0.1922416 0.03983259 -0.4399459 0.8793475 0.1821966 -0.6062358 0.7787448 0.1613535 -0.7056986 0.6898771 0.1614285 -0.7047736 0.6437571 0.2981127 -0.7047722 0.6437584 0.2981129 -0.7045326 0.5567998 0.4400088 -0.7045336 0.5567998 0.4400073 -0.7045328 0.4358048 0.5600964 -0.7045332 0.4358057 0.560095 -0.7045325 0.2896623 0.6478657 -0.7045341 0.2896628 0.6478636 -0.7045354 0.1268051 0.6982482 -0.7045323 0.1268063 0.6982511 -0.7045334 -0.04336714 0.7083446 -0.7045307 -0.04336786 0.7083472 -0.7045336 -0.2110374 0.6775659 -0.7045319 -0.2110395 0.6775671 -0.7045324 -0.3665323 0.607691 -0.7045327 -0.3665338 0.6076897 -0.7045339 -0.5008764 0.5027474 -0.7045337 -0.5008755 0.5027484 -0.7054343 -0.5968321 0.3823009 -0.7054325 -0.5968347 0.3823003 -0.1938579 0.9606264 0.1990383 -0.8960458 -0.4130463 0.162772 -0.7919623 -0.5680555 0.2238496 -0.706312 -0.6504738 0.2792981 -0.6069489 -0.739403 0.2913697 -0.4406138 -0.8351898 0.3291161 -0.2575869 0.9433985 0.2089222 -0.257233 0.8768906 0.4060716 -0.2572319 0.8768913 0.4060709 -0.257071 0.7582211 0.5991789 -0.2570704 0.7582203 0.5991802 -0.2570707 0.5934556 0.762709 -0.2570694 0.5934569 0.7627084 -0.2570706 0.3944476 0.8822278 -0.2570695 0.3944471 0.8822283 -0.257069 0.1726775 0.9508407 -0.257072 0.1726777 0.9508399 -0.2570755 -0.05905532 0.9645852 -0.2570667 -0.05905574 0.9645876 -0.2570755 -0.2873818 0.9226722 -0.2570695 -0.2873807 0.9226742 -0.2570723 -0.4991241 0.8275198 -0.2570689 -0.4991247 0.8275205 -0.2570689 -0.6820677 0.6846162 -0.2570707 -0.6820658 0.6846174 -0.2576802 -0.8136254 0.5211668 -0.2576795 -0.813625 0.5211678 -0.2580245 -0.893044 0.3686406 -0.1942057 -0.9126566 0.3596416 -0.7914132 -0.5985679 -0.1240233 -0.8957074 -0.4353967 -0.09021139 -0.9806089 0.1823291 -0.07184952 -0.9658905 0.2343033 -0.110262 -0.9656186 0.2189047 -0.1402191 -0.9656182 0.2189068 -0.1402191 -0.965453 0.183911 -0.1846006 -0.9654524 0.1839145 -0.1846 -0.965453 0.1345822 -0.2231327 -0.9654527 0.1345848 -0.2231324 -0.965453 0.07748925 -0.2487893 -0.9654527 0.07748985 -0.2487902 -0.9654528 0.01592344 -0.2600912 -0.9654526 0.01592314 -0.260092 -0.9654526 -0.04656046 -0.2563855 -0.9654527 -0.0465607 -0.2563852 -0.9654526 -0.1063596 -0.2378845 -0.9654529 -0.1063578 -0.2378839 -0.9654527 -0.1600198 -0.2056571 -0.9654527 -0.1600194 -0.205657 -0.9654532 -0.2044451 -0.1615626 -0.9654526 -0.2044473 -0.1615629 -0.9654963 -0.2363093 -0.1094295 -0.9654967 -0.236308 -0.1094295 -0.9658079 -0.2506195 -0.06637054 -0.980539 -0.1922416 -0.03983259 -0.4399459 -0.8793475 -0.1821966 -0.6062358 -0.7787448 -0.1613535 -0.7056986 -0.6898771 -0.1614285 -0.7047736 -0.6437571 -0.2981127 -0.7047722 -0.6437584 -0.2981129 -0.7045326 -0.5567998 -0.4400088 -0.7045336 -0.5567998 -0.4400073 -0.7045328 -0.4358048 -0.5600964 -0.7045332 -0.4358057 -0.560095 -0.7045325 -0.2896623 -0.6478657 -0.7045341 -0.2896628 -0.6478636 -0.7045354 -0.1268051 -0.6982482 -0.7045323 -0.1268063 -0.6982511 -0.7045334 0.04336714 -0.7083446 -0.7045307 0.04336786 -0.7083472 -0.7045336 0.2110374 -0.6775659 -0.7045319 0.2110395 -0.6775671 -0.7045324 0.3665323 -0.607691 -0.7045327 0.3665338 -0.6076897 -0.7045339 0.5008764 -0.5027474 -0.7045337 0.5008755 -0.5027484 -0.7054343 0.5968321 -0.3823009 -0.7054325 0.5968347 -0.3823003 -0.1938579 -0.9606264 -0.1990383 -0.8960458 0.4130463 -0.162772 -0.7919623 0.5680555 -0.2238496 -0.706312 0.6504738 -0.2792981 -0.6069489 0.739403 -0.2913697 -0.4406138 0.8351898 -0.3291161 -0.2575869 -0.9433985 -0.2089222 -0.257233 -0.8768906 -0.4060716 -0.2572319 -0.8768913 -0.4060709 -0.257071 -0.7582211 -0.5991789 -0.2570704 -0.7582203 -0.5991802 -0.2570707 -0.5934556 -0.762709 -0.2570694 -0.5934569 -0.7627084 -0.2570706 -0.3944476 -0.8822278 -0.2570695 -0.3944471 -0.8822283 -0.257069 -0.1726775 -0.9508407 -0.257072 -0.1726777 -0.9508399 -0.2570755 0.05905532 -0.9645852 -0.2570667 0.05905574 -0.9645876 -0.2570755 0.2873818 -0.9226722 -0.2570695 0.2873807 -0.9226742 -0.2570723 0.4991241 -0.8275198 -0.2570689 0.4991247 -0.8275205 -0.2570689 0.6820677 -0.6846162 -0.2570707 0.6820658 -0.6846174 -0.2576802 0.8136254 -0.5211668 -0.2576795 0.813625 -0.5211678 -0.2580245 0.893044 -0.3686406 -0.1942057 0.9126566 -0.3596416 -0.6035151 0.7972743 0.01111012 -0.4420943 0.8955615 0.0502215 -0.6034119 0.7968368 0.03074675 -0.6083155 0.7930123 0.03292298 -0.7932524 0.607662 0.03870248 -0.980785 0.1944354 0.01599878 -0.8575516 0.5143592 -0.006321609 -0.9829899 0.1834008 0.009751021 -0.9830127 0.1834822 0.00452131 -0.9838193 0.1791632 -4.77055e-4 -0.1950433 0.9489238 -0.2479958 -0.4628914 0.8730866 -0.153138 -0.3043857 0.9475293 -0.09766083 -0.3052011 0.9521563 -0.01583486 -0.2751458 0.9612948 0.0143941 -0.2750705 0.9606736 0.03798103 -0.1950579 0.978344 0.06924861 -0.4403002 0.8845727 -0.1538407 -0.6173715 0.775629 -0.1313477 -0.6212319 0.7835437 -0.01142108 -0.8505626 0.5258141 0.007941424 -0.850561 0.5258357 0.006557285 -0.8967158 0.4421028 0.02111572 -0.9805806 0.193163 -0.03390926 -0.9833821 0.1782168 -0.03462231 -0.8958314 0.4380336 -0.0749188 -0.8556326 0.5113396 -0.08015501 -0.7918539 0.6011281 -0.1077622 -0.6062885 0.7844709 -0.1304605 0 -0.9964781 -0.0838536 0 -0.9049023 0.4256194 0 -0.9049021 0.4256197 0 -0.5708586 0.8210484 0 -0.5708585 0.8210486 0 -0.0838536 0.9964781 0 -0.0838536 0.9964781 0 0.4256196 0.9049023 0 0.4256196 0.9049022 0 0.8210484 0.5708586 0 0.8210485 0.5708585 0 0.9964781 0.0838536 0 0.9049023 -0.4256194 0 0.9049021 -0.4256197 0 0.5708586 -0.8210484 0 0.5708585 -0.8210486 0 0.0838536 -0.9964781 0 0.0838536 -0.9964781 0 -0.4256196 -0.9049023 0 -0.4256196 -0.9049022 0 -0.8210484 -0.5708586 0 -0.8210485 -0.5708585</float_array>
          <technique_common>
            <accessor source="#F_prop-mesh-normals-array" count="3525" stride="3">
              <param name="X" type="float"/>
              <param name="Y" type="float"/>
              <param name="Z" type="float"/>
            </accessor>
          </technique_common>
        </source>
        <vertices id="F_prop-mesh-vertices">
          <input semantic="POSITION" source="#F_prop-mesh-positions"/>
        </vertices>
        <triangles material="Material_001-material" count="3562">
          <input semantic="VERTEX" source="#F_prop-mesh-vertices" offset="0"/>
          <input semantic="NORMAL" source="#F_prop-mesh-normals" offset="1"/>
          <p>0 0 1 0 2 0 3 1 4 1 5 1 6 2 7 2 8 2 9 3 10 3 11 3 11 4 10 4 12 4 11 5 12 5 13 5 13 6 12 6 14 6 13 7 14 7 15 7 16 8 17 8 18 8 16 9 18 9 19 9 17 10 20 10 18 10 18 11 20 11 21 11 18 12 21 12 22 12 5 13 23 13 3 13 3 14 23 14 24 14 3 15 24 15 25 15 25 16 24 16 26 16 25 17 26 17 8 17 8 18 26 18 27 18 8 19 27 19 6 19 28 20 29 20 30 20 30 21 29 21 31 21 30 22 31 22 32 22 32 23 31 23 33 23 33 24 34 24 32 24 32 25 34 25 35 25 32 26 35 26 36 26 37 27 38 27 39 27 39 28 38 28 40 28 39 29 40 29 41 29 42 30 43 30 39 30 39 31 43 31 44 31 39 32 44 32 45 32 45 33 46 33 39 33 39 34 46 34 47 34 39 35 47 35 37 35 41 36 48 36 39 36 39 37 48 37 49 37 39 38 49 38 50 38 50 39 49 39 51 39 50 40 51 40 4 40 4 41 51 41 52 41 4 42 52 42 5 42 53 43 54 43 55 43 55 44 54 44 56 44 55 45 56 45 2 45 2 46 56 46 57 46 2 47 57 47 0 47 22 48 58 48 18 48 18 49 58 49 59 49 18 50 59 50 60 50 60 51 59 51 61 51 60 52 61 52 62 52 62 53 61 53 63 53 62 54 63 54 53 54 53 55 63 55 64 55 53 56 64 56 54 56 15 57 19 57 13 57 13 58 19 58 18 58 13 59 18 59 65 59 65 60 18 60 66 60 65 61 66 61 67 61 67 62 66 62 68 62 67 63 68 63 69 63 69 63 68 63 70 63 69 64 70 64 39 64 39 65 70 65 32 65 39 66 32 66 42 66 42 67 32 67 36 67 71 68 72 68 73 68 74 69 75 69 76 69 77 70 78 70 79 70 80 71 81 71 82 71 82 72 81 72 83 72 82 73 83 73 84 73 84 74 83 74 85 74 84 75 85 75 86 75 87 76 88 76 89 76 87 77 89 77 90 77 88 78 91 78 89 78 89 79 91 79 92 79 89 80 92 80 93 80 76 81 94 81 74 81 74 82 94 82 95 82 74 83 95 83 96 83 96 84 95 84 97 84 96 85 97 85 79 85 79 86 97 86 98 86 79 87 98 87 77 87 99 88 100 88 101 88 99 89 101 89 102 89 103 90 104 90 105 90 105 91 104 91 106 91 105 92 106 92 101 92 101 93 106 93 107 93 101 94 107 94 102 94 108 95 109 95 110 95 108 96 110 96 111 96 112 97 113 97 110 97 110 98 113 98 114 98 110 99 114 99 115 99 115 100 116 100 110 100 110 101 116 101 117 101 110 102 117 102 111 102 109 103 118 103 110 103 110 104 118 104 119 104 110 105 119 105 120 105 120 106 119 106 121 106 120 107 121 107 75 107 75 108 121 108 122 108 75 109 122 109 76 109 123 110 124 110 125 110 125 111 124 111 126 111 125 112 126 112 73 112 73 113 126 113 127 113 73 114 127 114 71 114 93 115 128 115 89 115 89 116 128 116 129 116 89 117 129 117 130 117 130 118 129 118 131 118 130 119 131 119 132 119 132 120 131 120 133 120 132 121 133 121 123 121 123 122 133 122 134 122 123 123 134 123 124 123 86 124 90 124 84 124 84 125 90 125 89 125 84 126 89 126 135 126 135 127 89 127 136 127 135 128 136 128 137 128 137 129 136 129 138 129 137 130 138 130 139 130 139 130 138 130 140 130 139 131 140 131 110 131 110 132 140 132 101 132 110 133 101 133 112 133 112 134 101 134 100 134 141 135 142 135 143 135 143 136 142 136 144 136 145 135 146 135 147 135 147 137 146 137 148 137 147 138 148 138 149 138 150 135 151 135 152 135 148 135 153 135 149 135 149 139 153 139 154 139 149 135 154 135 151 135 151 140 154 140 155 140 151 141 155 141 152 141 156 135 157 135 158 135 158 142 157 142 159 142 152 135 160 135 150 135 150 143 160 143 161 143 150 135 161 135 143 135 143 144 161 144 162 144 143 145 162 145 141 145 157 135 163 135 159 135 159 135 163 135 164 135 159 135 164 135 147 135 147 146 164 146 165 146 147 147 165 147 145 147 156 135 158 135 166 135 166 135 158 135 167 135 166 148 167 148 168 148 169 135 170 135 167 135 167 149 170 149 171 149 167 150 171 150 168 150 172 135 173 135 169 135 169 151 173 151 174 151 169 152 174 152 170 152 175 135 176 135 177 135 177 153 176 153 178 153 177 154 178 154 172 154 172 155 178 155 179 155 172 156 179 156 173 156 142 135 180 135 144 135 144 135 180 135 181 135 144 135 181 135 177 135 177 157 181 157 182 157 177 158 182 158 175 158 183 159 184 159 185 159 186 159 187 159 184 159 184 160 187 160 188 160 184 161 188 161 185 161 189 159 190 159 191 159 192 159 193 159 190 159 190 162 193 162 194 162 190 163 194 163 191 163 195 164 196 164 192 164 192 165 196 165 197 165 192 166 197 166 193 166 198 159 199 159 200 159 200 167 199 167 201 167 200 159 201 159 195 159 195 159 201 159 202 159 195 168 202 168 196 168 203 169 204 169 186 169 186 170 204 170 205 170 186 171 205 171 187 171 198 159 200 159 206 159 206 172 200 172 207 172 206 173 207 173 208 173 185 159 209 159 183 159 183 174 209 174 210 174 183 175 210 175 207 175 207 159 210 159 211 159 207 176 211 176 208 176 212 159 213 159 214 159 214 177 213 177 215 177 214 159 215 159 203 159 203 159 215 159 216 159 203 178 216 178 204 178 212 159 214 159 217 159 217 179 214 179 218 179 217 180 218 180 219 180 191 159 220 159 189 159 189 181 220 181 221 181 189 182 221 182 218 182 218 159 221 159 222 159 218 183 222 183 219 183 223 184 224 184 225 184 225 185 224 185 226 185 227 186 228 186 229 186 230 187 228 187 231 187 232 188 233 188 234 188 235 189 236 189 237 189 238 190 239 190 240 190 241 191 242 191 243 191 244 192 245 192 246 192 247 193 248 193 249 193 249 194 248 194 250 194 249 195 250 195 251 195 252 196 253 196 254 196 254 197 253 197 255 197 254 198 255 198 256 198 257 199 252 199 258 199 258 200 252 200 254 200 258 201 254 201 248 201 248 202 254 202 256 202 248 203 256 203 250 203 250 204 256 204 255 204 244 205 246 205 259 205 259 206 246 206 260 206 259 207 260 207 261 207 261 208 260 208 262 208 262 209 260 209 263 209 262 210 263 210 264 210 264 211 263 211 265 211 265 212 263 212 266 212 265 213 266 213 267 213 268 214 269 214 270 214 270 215 269 215 271 215 270 216 271 216 266 216 266 217 271 217 272 217 266 218 272 218 267 218 273 219 274 219 275 219 275 220 274 220 276 220 275 221 276 221 277 221 278 222 279 222 280 222 280 223 279 223 281 223 280 224 281 224 282 224 282 225 281 225 283 225 282 226 283 226 284 226 285 227 286 227 287 227 287 228 286 228 288 228 287 229 288 229 289 229 290 230 291 230 285 230 285 231 291 231 292 231 285 232 292 232 286 232 239 233 293 233 240 233 240 234 293 234 294 234 240 235 294 235 295 235 295 236 294 236 296 236 297 237 298 237 299 237 300 238 301 238 302 238 302 239 301 239 303 239 304 240 300 240 305 240 305 241 300 241 302 241 305 242 302 242 229 242 229 243 302 243 303 243 229 244 303 244 227 244 300 245 306 245 307 245 307 246 306 246 308 246 307 247 308 247 309 247 228 248 230 248 229 248 229 249 230 249 310 249 229 250 310 250 305 250 305 251 310 251 311 251 305 252 311 252 304 252 312 253 313 253 314 253 314 254 313 254 315 254 314 255 315 255 316 255 316 256 315 256 317 256 316 257 317 257 318 257 319 258 320 258 300 258 300 259 320 259 306 259 321 260 322 260 323 260 323 261 322 261 324 261 323 262 324 262 325 262 325 263 324 263 326 263 325 264 326 264 327 264 327 265 326 265 328 265 327 266 328 266 329 266 329 267 328 267 330 267 329 268 330 268 331 268 245 269 330 269 246 269 246 270 330 270 328 270 246 271 328 271 260 271 260 272 328 272 326 272 260 273 326 273 263 273 263 274 326 274 324 274 263 275 324 275 266 275 266 276 324 276 322 276 266 277 322 277 270 277 332 278 333 278 334 278 334 279 333 279 335 279 334 280 335 280 295 280 274 281 336 281 276 281 276 282 336 282 337 282 276 283 337 283 277 283 277 284 337 284 338 284 277 285 338 285 339 285 339 286 338 286 340 286 296 287 341 287 295 287 295 288 341 288 342 288 295 289 342 289 334 289 334 290 342 290 290 290 334 291 290 291 332 291 332 292 290 292 285 292 332 293 285 293 333 293 343 294 335 294 344 294 344 295 335 295 333 295 344 296 333 296 345 296 345 297 333 297 285 297 345 298 285 298 346 298 346 299 285 299 287 299 235 300 237 300 347 300 347 301 237 301 348 301 347 302 348 302 226 302 226 303 348 303 349 303 226 304 349 304 225 304 299 305 350 305 351 305 352 306 353 306 354 306 354 307 353 307 355 307 354 308 355 308 356 308 356 309 355 309 357 309 356 310 357 310 358 310 359 311 360 311 361 311 361 312 360 312 362 312 361 313 362 313 363 313 363 314 362 314 364 314 363 315 364 315 365 315 365 316 364 316 366 316 365 317 366 317 367 317 367 318 366 318 368 318 369 319 370 319 371 319 371 320 370 320 372 320 371 321 372 321 373 321 374 322 359 322 375 322 375 323 359 323 361 323 375 324 361 324 376 324 376 325 361 325 363 325 376 326 363 326 377 326 377 327 363 327 365 327 377 328 365 328 378 328 378 329 365 329 367 329 378 330 367 330 379 330 379 331 367 331 368 331 379 332 368 332 351 332 351 333 350 333 379 333 379 334 350 334 380 334 379 335 380 335 378 335 378 336 380 336 381 336 378 337 381 337 377 337 377 338 381 338 382 338 377 339 382 339 376 339 383 340 384 340 372 340 372 341 384 341 385 341 372 342 385 342 373 342 386 343 374 343 387 343 387 344 374 344 375 344 387 345 375 345 388 345 388 346 375 346 376 346 388 347 376 347 389 347 389 348 376 348 382 348 233 349 390 349 391 349 391 350 390 350 392 350 391 351 392 351 393 351 393 352 392 352 394 352 393 353 394 353 395 353 395 354 394 354 396 354 395 355 396 355 383 355 383 356 396 356 397 356 383 357 397 357 384 357 370 358 398 358 372 358 372 359 398 359 399 359 372 360 399 360 383 360 383 361 399 361 400 361 383 362 400 362 395 362 395 363 400 363 401 363 395 364 401 364 393 364 393 365 401 365 402 365 393 366 402 366 391 366 391 367 402 367 403 367 391 368 403 368 233 368 233 369 403 369 404 369 233 370 404 370 234 370 398 371 405 371 399 371 399 372 405 372 406 372 399 373 406 373 400 373 400 374 406 374 407 374 400 375 407 375 401 375 401 376 407 376 408 376 401 377 408 377 402 377 402 378 408 378 409 378 402 379 409 379 403 379 403 380 409 380 410 380 403 381 410 381 404 381 405 382 411 382 406 382 406 383 411 383 412 383 406 384 412 384 407 384 407 385 412 385 413 385 407 386 413 386 408 386 408 387 413 387 414 387 408 388 414 388 409 388 409 389 414 389 415 389 409 390 415 390 410 390 411 391 416 391 412 391 412 392 416 392 417 392 412 393 417 393 413 393 413 394 417 394 418 394 413 395 418 395 414 395 414 396 418 396 318 396 414 397 318 397 415 397 415 398 318 398 317 398 415 399 317 399 410 399 410 400 317 400 419 400 410 401 419 401 404 401 404 402 419 402 420 402 404 403 420 403 234 403 340 404 421 404 339 404 339 405 421 405 422 405 339 406 422 406 277 406 277 407 422 407 423 407 277 408 423 408 275 408 275 409 423 409 282 409 275 410 282 410 273 410 273 411 282 411 284 411 237 412 297 412 348 412 348 413 297 413 299 413 348 414 299 414 349 414 349 415 299 415 351 415 349 416 351 416 225 416 225 417 351 417 368 417 225 418 368 418 223 418 223 419 368 419 366 419 223 420 366 420 424 420 424 421 366 421 364 421 424 422 364 422 369 422 369 423 364 423 362 423 369 424 362 424 370 424 370 425 362 425 360 425 370 426 360 426 398 426 398 427 360 427 359 427 398 428 359 428 405 428 405 429 359 429 374 429 405 430 374 430 411 430 411 431 374 431 386 431 411 432 386 432 416 432 416 433 386 433 321 433 416 434 321 434 417 434 417 435 321 435 323 435 417 436 323 436 418 436 418 437 323 437 325 437 418 438 325 438 318 438 318 439 325 439 327 439 318 440 327 440 316 440 316 441 327 441 329 441 316 442 329 442 314 442 314 443 329 443 331 443 314 444 331 444 312 444 425 445 426 445 421 445 421 446 426 446 427 446 421 447 427 447 422 447 422 448 427 448 343 448 422 449 343 449 423 449 423 450 343 450 344 450 423 451 344 451 282 451 282 452 344 452 345 452 282 453 345 453 280 453 280 454 345 454 346 454 280 455 346 455 278 455 278 456 346 456 287 456 278 457 287 457 243 457 243 458 287 458 289 458 243 459 289 459 241 459 353 460 238 460 355 460 355 461 238 461 240 461 355 462 240 462 357 462 357 463 240 463 295 463 357 464 295 464 358 464 358 465 295 465 335 465 358 466 335 466 428 466 428 467 335 467 343 467 428 468 343 468 429 468 429 469 343 469 427 469 429 470 427 470 430 470 430 471 427 471 426 471 244 472 257 472 245 472 245 473 257 473 258 473 245 474 258 474 330 474 330 475 258 475 248 475 330 476 248 476 331 476 331 477 248 477 247 477 331 478 247 478 312 478 312 479 247 479 319 479 312 480 319 480 313 480 313 481 319 481 300 481 313 482 300 482 315 482 315 483 300 483 304 483 315 484 304 484 317 484 317 485 304 485 311 485 317 486 311 486 419 486 419 487 311 487 310 487 419 488 310 488 420 488 420 489 310 489 230 489 420 490 230 490 234 490 234 491 230 491 231 491 234 492 231 492 232 492 337 493 268 493 338 493 338 494 268 494 270 494 338 495 270 495 340 495 340 496 270 496 322 496 340 497 322 497 421 497 421 498 322 498 321 498 421 499 321 499 425 499 425 500 321 500 386 500 425 501 386 501 426 501 426 502 386 502 387 502 426 503 387 503 430 503 430 504 387 504 388 504 430 505 388 505 429 505 429 506 388 506 389 506 429 507 389 507 428 507 428 508 389 508 382 508 428 509 382 509 358 509 358 510 382 510 381 510 358 511 381 511 356 511 356 512 381 512 380 512 356 513 380 513 354 513 354 514 380 514 350 514 354 515 350 515 352 515 352 516 350 516 299 516 352 517 299 517 431 517 431 518 299 518 298 518 432 519 433 519 434 519 435 520 436 520 437 520 438 521 439 521 440 521 441 522 442 522 443 522 444 523 445 523 446 523 447 524 448 524 449 524 450 525 451 525 452 525 453 526 454 526 455 526 231 527 456 527 457 527 307 528 458 528 300 528 300 529 458 529 301 529 456 530 231 530 459 530 459 531 231 531 228 531 459 532 228 532 227 532 390 533 233 533 457 533 457 534 233 534 232 534 457 535 232 535 231 535 457 536 460 536 390 536 390 537 460 537 461 537 390 538 461 538 392 538 392 539 461 539 394 539 394 540 461 540 462 540 394 541 462 541 396 541 396 542 462 542 463 542 396 543 463 543 397 543 397 544 463 544 384 544 384 545 463 545 464 545 384 546 464 546 385 546 385 547 464 547 373 547 373 548 464 548 465 548 373 549 465 549 371 549 466 550 467 550 468 550 466 551 468 551 469 551 469 552 468 552 236 552 469 553 236 553 235 553 347 554 226 554 470 554 471 555 472 555 473 555 473 556 472 556 474 556 473 557 474 557 475 557 475 558 474 558 476 558 477 559 478 559 479 559 479 560 478 560 480 560 481 561 482 561 483 561 483 562 482 562 484 562 483 563 484 563 485 563 486 564 487 564 488 564 489 565 490 565 491 565 491 566 490 566 437 566 491 567 437 567 492 567 492 568 437 568 436 568 492 569 436 569 493 569 493 570 436 570 435 570 493 571 435 571 494 571 494 572 435 572 495 572 494 573 495 573 496 573 497 574 498 574 499 574 499 575 498 575 500 575 499 576 500 576 501 576 501 577 500 577 502 577 452 578 451 578 499 578 499 579 451 579 503 579 499 580 503 580 497 580 504 581 505 581 506 581 506 582 505 582 507 582 506 583 507 583 508 583 432 584 509 584 510 584 510 585 509 585 511 585 510 586 511 586 504 586 504 587 511 587 512 587 504 588 512 588 505 588 513 589 514 589 515 589 515 590 516 590 432 590 432 591 516 591 517 591 432 592 517 592 509 592 449 593 448 593 513 593 513 594 448 594 518 594 513 595 518 595 514 595 447 596 449 596 519 596 519 597 449 597 520 597 519 598 520 598 521 598 520 599 522 599 521 599 521 600 522 600 523 600 521 601 523 601 524 601 524 602 523 602 525 602 524 603 525 603 526 603 526 604 525 604 527 604 527 605 525 605 528 605 527 606 528 606 529 606 530 607 531 607 532 607 532 608 531 608 533 608 532 609 533 609 534 609 535 610 536 610 537 610 537 611 536 611 538 611 537 612 538 612 539 612 539 613 538 613 540 613 539 614 540 614 541 614 541 615 540 615 542 615 541 616 542 616 543 616 543 617 542 617 544 617 544 618 542 618 545 618 544 619 545 619 546 619 446 620 445 620 547 620 548 621 549 621 550 621 549 622 227 622 303 622 442 623 441 623 446 623 446 624 441 624 551 624 446 625 551 625 444 625 552 626 307 626 553 626 553 627 307 627 554 627 553 628 554 628 555 628 555 629 554 629 309 629 309 630 554 630 307 630 303 631 301 631 443 631 443 632 301 632 458 632 443 633 458 633 441 633 441 634 458 634 307 634 441 635 307 635 551 635 551 636 307 636 552 636 551 637 552 637 444 637 444 638 552 638 556 638 444 639 556 639 557 639 487 640 481 640 488 640 488 641 481 641 483 641 488 642 483 642 558 642 559 643 558 643 560 643 560 644 558 644 483 644 560 645 483 645 455 645 455 646 483 646 485 646 455 647 485 647 453 647 235 648 347 648 469 648 469 649 347 649 470 649 469 650 470 650 561 650 561 651 470 651 562 651 561 652 562 652 563 652 564 653 565 653 566 653 566 654 565 654 471 654 566 655 471 655 567 655 567 656 471 656 473 656 567 657 473 657 568 657 568 658 473 658 475 658 569 659 570 659 564 659 564 660 570 660 571 660 564 661 571 661 565 661 565 662 571 662 479 662 565 663 479 663 471 663 471 664 479 664 480 664 471 665 480 665 472 665 563 666 562 666 572 666 572 667 562 667 573 667 572 668 573 668 574 668 575 669 576 669 577 669 577 670 576 670 578 670 577 671 578 671 579 671 573 672 580 672 574 672 574 673 580 673 581 673 574 674 581 674 582 674 582 675 581 675 583 675 582 676 583 676 584 676 584 677 583 677 585 677 584 678 585 678 586 678 587 679 575 679 588 679 588 680 575 680 577 680 588 681 577 681 589 681 589 682 577 682 579 682 589 683 579 683 590 683 590 684 579 684 591 684 590 685 591 685 592 685 592 686 591 686 593 686 568 687 587 687 567 687 567 688 587 688 588 688 567 689 588 689 566 689 566 690 588 690 589 690 566 691 589 691 564 691 564 692 589 692 590 692 564 693 590 693 569 693 569 694 590 694 592 694 594 695 593 695 595 695 595 696 593 696 591 696 595 697 591 697 596 697 596 698 591 698 579 698 596 699 579 699 586 699 586 700 579 700 578 700 586 701 578 701 584 701 584 702 578 702 576 702 584 703 576 703 582 703 582 704 576 704 575 704 582 705 575 705 574 705 574 706 575 706 587 706 574 707 587 707 572 707 572 708 587 708 568 708 572 709 568 709 563 709 563 710 568 710 475 710 563 711 475 711 561 711 561 712 475 712 476 712 561 713 476 713 469 713 597 714 439 714 598 714 598 715 439 715 438 715 598 716 438 716 599 716 550 717 600 717 548 717 548 718 600 718 601 718 548 719 601 719 602 719 602 720 601 720 603 720 602 721 603 721 604 721 604 722 603 722 605 722 604 723 605 723 606 723 606 724 605 724 607 724 606 725 607 725 608 725 608 726 607 726 609 726 608 727 609 727 610 727 610 728 609 728 611 728 610 729 611 729 612 729 549 730 548 730 227 730 227 731 548 731 602 731 227 732 602 732 459 732 459 733 602 733 604 733 459 734 604 734 456 734 456 735 604 735 606 735 456 736 606 736 457 736 457 737 606 737 608 737 457 738 608 738 460 738 460 739 608 739 610 739 460 740 610 740 461 740 461 741 610 741 612 741 461 742 612 742 462 742 303 743 443 743 549 743 549 744 443 744 442 744 549 745 442 745 550 745 550 746 442 746 446 746 550 747 446 747 600 747 600 748 446 748 547 748 600 749 547 749 601 749 601 750 547 750 613 750 601 751 613 751 603 751 603 752 613 752 614 752 603 753 614 753 605 753 605 754 614 754 615 754 605 755 615 755 607 755 607 756 615 756 616 756 607 757 616 757 609 757 609 758 616 758 617 758 609 759 617 759 611 759 557 760 618 760 444 760 444 761 618 761 546 761 444 762 546 762 445 762 445 763 546 763 545 763 445 764 545 764 547 764 547 765 545 765 542 765 547 766 542 766 613 766 613 767 542 767 540 767 613 768 540 768 614 768 614 769 540 769 538 769 614 770 538 770 615 770 615 771 538 771 536 771 615 772 536 772 616 772 616 773 536 773 535 773 616 774 535 774 617 774 617 775 535 775 619 775 617 776 619 776 611 776 611 777 619 777 440 777 611 778 440 778 612 778 612 779 440 779 439 779 612 780 439 780 462 780 462 781 439 781 597 781 462 782 597 782 463 782 463 783 597 783 598 783 463 784 598 784 464 784 464 785 598 785 599 785 464 786 599 786 465 786 226 787 224 787 470 787 470 788 224 788 223 788 470 789 223 789 562 789 562 790 223 790 424 790 562 791 424 791 573 791 573 792 424 792 369 792 573 793 369 793 580 793 580 794 369 794 371 794 580 795 371 795 581 795 581 796 371 796 465 796 581 797 465 797 583 797 583 798 465 798 599 798 583 799 599 799 585 799 585 800 599 800 438 800 585 801 438 801 586 801 586 802 438 802 440 802 586 803 440 803 596 803 596 804 440 804 619 804 596 805 619 805 595 805 595 806 619 806 535 806 595 807 535 807 594 807 594 808 535 808 537 808 618 809 534 809 546 809 546 810 534 810 533 810 546 811 533 811 544 811 544 812 533 812 620 812 544 813 620 813 543 813 543 814 620 814 621 814 543 815 621 815 541 815 541 816 621 816 622 816 541 817 622 817 539 817 539 818 622 818 623 818 539 819 623 819 537 819 537 820 623 820 624 820 537 821 624 821 594 821 594 822 624 822 625 822 594 823 625 823 593 823 593 824 625 824 626 824 593 825 626 825 592 825 592 826 626 826 627 826 592 827 627 827 569 827 569 828 627 828 559 828 569 829 559 829 570 829 570 830 559 830 560 830 570 831 560 831 571 831 571 832 560 832 455 832 571 833 455 833 479 833 479 834 455 834 454 834 479 835 454 835 477 835 628 836 629 836 630 836 490 837 628 837 437 837 437 838 628 838 631 838 437 839 631 839 435 839 435 840 631 840 632 840 435 841 632 841 495 841 495 842 632 842 633 842 495 843 633 843 496 843 496 844 633 844 634 844 635 845 634 845 636 845 636 846 634 846 633 846 636 847 633 847 502 847 502 848 633 848 632 848 502 849 632 849 501 849 501 850 632 850 631 850 501 851 631 851 499 851 499 852 631 852 628 852 499 853 628 853 452 853 452 854 628 854 630 854 452 855 630 855 450 855 433 856 432 856 637 856 637 857 432 857 510 857 637 858 510 858 638 858 638 859 510 859 504 859 638 860 504 860 629 860 629 861 504 861 506 861 629 862 506 862 630 862 630 863 506 863 508 863 630 864 508 864 450 864 515 865 432 865 513 865 513 866 432 866 434 866 513 867 434 867 449 867 449 868 434 868 639 868 449 869 639 869 520 869 520 870 639 870 640 870 520 871 640 871 522 871 530 872 529 872 531 872 531 873 529 873 528 873 531 874 528 874 533 874 533 875 528 875 525 875 533 876 525 876 620 876 620 877 525 877 523 877 620 878 523 878 621 878 621 879 523 879 522 879 621 880 522 880 622 880 622 881 522 881 640 881 622 882 640 882 623 882 623 883 640 883 639 883 623 884 639 884 624 884 624 885 639 885 434 885 624 886 434 886 625 886 625 887 434 887 433 887 625 888 433 888 626 888 626 889 433 889 637 889 626 890 637 890 627 890 627 891 637 891 638 891 627 892 638 892 559 892 559 893 638 893 629 893 559 894 629 894 558 894 558 895 629 895 628 895 558 896 628 896 488 896 488 897 628 897 490 897 488 898 490 898 486 898 486 899 490 899 489 899 641 900 642 900 643 900 644 901 645 901 646 901 646 902 645 902 647 902 646 903 647 903 251 903 642 904 648 904 649 904 649 905 648 905 650 905 649 906 650 906 644 906 651 907 652 907 653 907 653 908 652 908 641 908 532 909 534 909 654 909 655 910 635 910 636 910 500 911 656 911 502 911 502 912 656 912 636 912 636 913 656 913 655 913 655 914 656 914 657 914 655 915 657 915 658 915 658 916 657 916 659 916 659 917 657 917 660 917 659 918 660 918 661 918 661 919 660 919 662 919 662 920 660 920 663 920 662 921 663 921 664 921 663 922 665 922 666 922 664 923 663 923 667 923 667 924 663 924 666 924 667 925 666 925 668 925 243 926 242 926 665 926 665 927 242 927 669 927 665 928 669 928 666 928 666 929 669 929 668 929 251 930 250 930 646 930 646 931 250 931 255 931 646 932 255 932 670 932 670 933 255 933 253 933 670 934 253 934 671 934 671 935 253 935 252 935 671 936 252 936 672 936 672 937 252 937 257 937 672 938 257 938 673 938 673 939 257 939 244 939 673 940 244 940 674 940 674 941 244 941 259 941 674 942 259 942 675 942 675 943 259 943 261 943 675 944 261 944 676 944 676 945 261 945 262 945 676 946 262 946 677 946 677 947 262 947 264 947 677 948 264 948 678 948 678 949 264 949 265 949 678 950 265 950 679 950 679 951 265 951 267 951 679 952 267 952 680 952 680 953 267 953 272 953 680 954 272 954 681 954 681 955 272 955 271 955 681 956 271 956 682 956 682 957 271 957 269 957 682 958 269 958 683 958 683 959 269 959 268 959 683 960 268 960 684 960 684 961 268 961 337 961 684 962 337 962 685 962 686 963 509 963 687 963 687 964 509 964 517 964 687 965 517 965 688 965 688 966 517 966 516 966 688 967 516 967 689 967 689 968 516 968 515 968 689 969 515 969 690 969 690 970 515 970 514 970 690 971 514 971 691 971 691 972 514 972 518 972 691 973 518 973 692 973 692 974 518 974 448 974 692 975 448 975 693 975 693 976 448 976 447 976 693 977 447 977 694 977 694 978 447 978 519 978 694 979 519 979 695 979 695 980 519 980 521 980 695 981 521 981 696 981 696 982 521 982 524 982 696 983 524 983 697 983 697 984 524 984 526 984 697 985 526 985 698 985 698 986 526 986 527 986 698 987 527 987 699 987 699 988 527 988 529 988 699 989 529 989 700 989 700 990 529 990 530 990 700 991 530 991 701 991 701 992 530 992 532 992 701 993 532 993 702 993 702 994 532 994 654 994 702 995 654 995 651 995 337 996 336 996 685 996 685 997 336 997 274 997 685 998 274 998 703 998 703 999 274 999 273 999 703 1000 273 1000 704 1000 704 1001 273 1001 284 1001 704 1002 284 1002 705 1002 705 1003 284 1003 283 1003 705 1004 283 1004 706 1004 706 1005 283 1005 281 1005 706 1006 281 1006 707 1006 707 1007 281 1007 279 1007 707 1008 279 1008 708 1008 708 1009 279 1009 278 1009 708 1010 278 1010 709 1010 644 1011 646 1011 649 1011 649 1012 646 1012 670 1012 649 1013 670 1013 710 1013 710 1014 670 1014 671 1014 710 1015 671 1015 711 1015 711 1016 671 1016 672 1016 711 1017 672 1017 712 1017 712 1018 672 1018 673 1018 712 1019 673 1019 713 1019 713 1020 673 1020 674 1020 713 1021 674 1021 714 1021 714 1022 674 1022 675 1022 714 1023 675 1023 715 1023 715 1024 675 1024 676 1024 715 1025 676 1025 716 1025 716 1026 676 1026 677 1026 716 1027 677 1027 717 1027 717 1028 677 1028 678 1028 717 1029 678 1029 718 1029 718 1030 678 1030 679 1030 718 1031 679 1031 719 1031 719 1032 679 1032 680 1032 719 1033 680 1033 720 1033 720 1034 680 1034 681 1034 720 1035 681 1035 721 1035 721 1036 681 1036 682 1036 721 1037 682 1037 722 1037 722 1038 682 1038 683 1038 722 1039 683 1039 723 1039 723 1040 683 1040 684 1040 723 1041 684 1041 724 1041 724 1042 684 1042 685 1042 724 1043 685 1043 725 1043 725 1044 685 1044 703 1044 725 1045 703 1045 726 1045 726 1046 703 1046 704 1046 726 1047 704 1047 727 1047 727 1048 704 1048 705 1048 727 1049 705 1049 728 1049 728 1050 705 1050 706 1050 728 1051 706 1051 729 1051 729 1052 706 1052 707 1052 729 1053 707 1053 730 1053 730 1054 707 1054 708 1054 730 1055 708 1055 731 1055 731 1056 708 1056 709 1056 731 1057 709 1057 732 1057 642 1058 649 1058 643 1058 643 1059 649 1059 710 1059 643 1060 710 1060 733 1060 733 1061 710 1061 711 1061 733 1062 711 1062 734 1062 734 1063 711 1063 712 1063 734 1064 712 1064 735 1064 735 1065 712 1065 713 1065 735 1066 713 1066 736 1066 736 1067 713 1067 714 1067 736 1068 714 1068 737 1068 737 1069 714 1069 715 1069 737 1070 715 1070 738 1070 738 1071 715 1071 716 1071 738 1072 716 1072 739 1072 739 1073 716 1073 717 1073 739 1074 717 1074 740 1074 740 1075 717 1075 718 1075 740 1076 718 1076 741 1076 741 1077 718 1077 719 1077 741 1078 719 1078 742 1078 742 1079 719 1079 720 1079 742 1080 720 1080 743 1080 743 1081 720 1081 721 1081 743 1082 721 1082 744 1082 744 1083 721 1083 722 1083 744 1084 722 1084 745 1084 745 1085 722 1085 723 1085 745 1086 723 1086 746 1086 746 1087 723 1087 724 1087 746 1088 724 1088 747 1088 747 1089 724 1089 725 1089 747 1090 725 1090 748 1090 748 1091 725 1091 726 1091 748 1092 726 1092 749 1092 749 1093 726 1093 727 1093 749 1094 727 1094 750 1094 750 1095 727 1095 728 1095 750 1096 728 1096 751 1096 751 1097 728 1097 729 1097 751 1098 729 1098 752 1098 752 1099 729 1099 730 1099 752 1100 730 1100 753 1100 753 1101 730 1101 731 1101 753 1102 731 1102 754 1102 754 1103 731 1103 732 1103 754 1104 732 1104 755 1104 641 1105 643 1105 653 1105 653 1106 643 1106 733 1106 653 1107 733 1107 756 1107 756 1108 733 1108 734 1108 756 1109 734 1109 757 1109 757 1110 734 1110 735 1110 757 1111 735 1111 758 1111 758 1112 735 1112 736 1112 758 1113 736 1113 759 1113 759 1114 736 1114 737 1114 759 1115 737 1115 760 1115 760 1116 737 1116 738 1116 760 1117 738 1117 761 1117 761 1118 738 1118 739 1118 761 1119 739 1119 762 1119 762 1120 739 1120 740 1120 762 1121 740 1121 763 1121 763 1122 740 1122 741 1122 763 1123 741 1123 764 1123 764 1124 741 1124 742 1124 764 1125 742 1125 765 1125 765 1126 742 1126 743 1126 765 1127 743 1127 766 1127 766 1128 743 1128 744 1128 766 1129 744 1129 767 1129 767 1130 744 1130 745 1130 767 1131 745 1131 768 1131 768 1132 745 1132 746 1132 768 1133 746 1133 769 1133 769 1134 746 1134 747 1134 769 1135 747 1135 770 1135 770 1136 747 1136 748 1136 770 1137 748 1137 771 1137 771 1138 748 1138 749 1138 771 1139 749 1139 772 1139 772 1140 749 1140 750 1140 772 1141 750 1141 773 1141 773 1142 750 1142 751 1142 773 1143 751 1143 774 1143 774 1144 751 1144 752 1144 774 1145 752 1145 775 1145 775 1146 752 1146 753 1146 775 1147 753 1147 776 1147 776 1148 753 1148 754 1148 776 1149 754 1149 777 1149 777 1150 754 1150 755 1150 777 1151 755 1151 778 1151 651 1152 653 1152 702 1152 702 1153 653 1153 756 1153 702 1154 756 1154 701 1154 701 1155 756 1155 757 1155 701 1156 757 1156 700 1156 700 1157 757 1157 758 1157 700 1158 758 1158 699 1158 699 1159 758 1159 759 1159 699 1160 759 1160 698 1160 698 1161 759 1161 760 1161 698 1162 760 1162 697 1162 697 1163 760 1163 761 1163 697 1164 761 1164 696 1164 696 1165 761 1165 762 1165 696 1166 762 1166 695 1166 695 1167 762 1167 763 1167 695 1168 763 1168 694 1168 694 1169 763 1169 764 1169 694 1170 764 1170 693 1170 693 1171 764 1171 765 1171 693 1172 765 1172 692 1172 692 1173 765 1173 766 1173 692 1174 766 1174 691 1174 691 1175 766 1175 767 1175 691 1176 767 1176 690 1176 690 1177 767 1177 768 1177 690 1178 768 1178 689 1178 689 1179 768 1179 769 1179 689 1180 769 1180 688 1180 688 1181 769 1181 770 1181 688 1182 770 1182 687 1182 687 1183 770 1183 771 1183 687 1184 771 1184 686 1184 686 1185 771 1185 772 1185 686 1186 772 1186 779 1186 779 1187 772 1187 773 1187 779 1188 773 1188 780 1188 780 1189 773 1189 774 1189 780 1190 774 1190 781 1190 781 1191 774 1191 775 1191 781 1192 775 1192 782 1192 782 1193 775 1193 776 1193 782 1194 776 1194 783 1194 783 1195 776 1195 777 1195 783 1196 777 1196 784 1196 784 1197 777 1197 778 1197 784 1198 778 1198 785 1198 498 1199 497 1199 785 1199 785 1200 497 1200 503 1200 785 1201 503 1201 784 1201 784 1202 503 1202 451 1202 784 1203 451 1203 783 1203 783 1204 451 1204 450 1204 783 1205 450 1205 782 1205 782 1206 450 1206 508 1206 782 1207 508 1207 781 1207 781 1208 508 1208 507 1208 781 1209 507 1209 780 1209 780 1210 507 1210 505 1210 780 1211 505 1211 779 1211 779 1212 505 1212 512 1212 779 1213 512 1213 686 1213 686 1214 512 1214 511 1214 686 1215 511 1215 509 1215 278 1216 243 1216 709 1216 709 1217 243 1217 665 1217 709 1218 665 1218 732 1218 732 1219 665 1219 663 1219 732 1220 663 1220 755 1220 755 1221 663 1221 660 1221 755 1222 660 1222 778 1222 778 1223 660 1223 657 1223 778 1224 657 1224 785 1224 785 1225 657 1225 656 1225 785 1226 656 1226 498 1226 498 1227 656 1227 500 1227 647 1228 645 1228 534 1228 534 1229 645 1229 644 1229 534 1230 644 1230 650 1230 555 1231 309 1231 553 1231 553 1232 309 1232 308 1232 308 1233 306 1233 553 1233 553 1234 306 1234 320 1234 553 1235 320 1235 552 1235 552 1236 320 1236 556 1236 556 1237 320 1237 319 1237 556 1238 319 1238 557 1238 557 1239 319 1239 247 1239 557 1240 247 1240 618 1240 618 1241 247 1241 249 1241 618 1242 249 1242 534 1242 534 1243 249 1243 251 1243 534 1244 251 1244 647 1244 652 1245 651 1245 650 1245 650 1246 651 1246 654 1246 650 1247 654 1247 534 1247 648 1248 642 1248 650 1248 650 1249 642 1249 641 1249 650 1250 641 1250 652 1250 786 1251 787 1251 788 1251 788 1252 787 1252 789 1252 790 1253 791 1253 792 1253 793 1254 794 1254 795 1254 796 1255 797 1255 798 1255 799 1256 797 1256 800 1256 801 1257 802 1257 803 1257 804 1258 805 1258 806 1258 807 1259 808 1259 809 1259 810 1260 811 1260 812 1260 813 1261 814 1261 815 1261 816 1262 817 1262 818 1262 818 1263 817 1263 819 1263 818 1264 819 1264 820 1264 821 1265 822 1265 823 1265 823 1266 822 1266 824 1266 823 1267 824 1267 825 1267 825 1268 824 1268 826 1268 827 1269 821 1269 828 1269 828 1270 821 1270 823 1270 828 1271 823 1271 817 1271 817 1272 823 1272 825 1272 817 1273 825 1273 819 1273 819 1274 825 1274 826 1274 829 1275 830 1275 831 1275 831 1276 830 1276 832 1276 831 1277 832 1277 833 1277 834 1278 835 1278 829 1278 829 1279 835 1279 836 1279 829 1280 836 1280 830 1280 837 1281 838 1281 839 1281 839 1282 838 1282 840 1282 839 1283 840 1283 834 1283 834 1284 840 1284 841 1284 834 1285 841 1285 835 1285 815 1286 814 1286 839 1286 839 1287 814 1287 842 1287 839 1288 842 1288 837 1288 812 1289 811 1289 843 1289 843 1290 811 1290 844 1290 843 1291 844 1291 845 1291 846 1292 847 1292 848 1292 848 1293 849 1293 846 1293 846 1294 849 1294 850 1294 846 1295 850 1295 851 1295 851 1296 850 1296 852 1296 851 1297 852 1297 853 1297 854 1298 855 1298 847 1298 847 1299 855 1299 856 1299 847 1300 856 1300 848 1300 808 1301 857 1301 809 1301 809 1302 857 1302 858 1302 809 1303 858 1303 859 1303 859 1304 858 1304 860 1304 861 1305 862 1305 863 1305 864 1306 865 1306 866 1306 866 1307 865 1307 867 1307 866 1308 867 1308 802 1308 868 1309 796 1309 869 1309 869 1310 796 1310 798 1310 869 1311 798 1311 794 1311 794 1312 793 1312 869 1312 869 1313 793 1313 870 1313 869 1314 870 1314 868 1314 793 1315 871 1315 872 1315 872 1316 871 1316 873 1316 872 1317 873 1317 874 1317 797 1318 799 1318 798 1318 798 1319 799 1319 875 1319 798 1320 875 1320 794 1320 794 1321 875 1321 876 1321 794 1322 876 1322 795 1322 877 1323 878 1323 879 1323 879 1324 878 1324 880 1324 879 1325 880 1325 881 1325 881 1326 880 1326 882 1326 881 1327 882 1327 883 1327 884 1328 885 1328 793 1328 793 1329 885 1329 871 1329 886 1330 887 1330 888 1330 888 1331 887 1331 889 1331 888 1332 889 1332 890 1332 890 1333 889 1333 891 1333 890 1334 891 1334 892 1334 892 1335 891 1335 893 1335 892 1336 893 1336 894 1336 894 1337 893 1337 895 1337 894 1338 895 1338 896 1338 833 1339 895 1339 831 1339 831 1340 895 1340 893 1340 831 1341 893 1341 829 1341 829 1342 893 1342 891 1342 829 1343 891 1343 834 1343 834 1344 891 1344 889 1344 834 1345 889 1345 839 1345 839 1346 889 1346 887 1346 839 1347 887 1347 815 1347 897 1348 898 1348 899 1348 899 1349 898 1349 900 1349 899 1350 900 1350 859 1350 901 1351 902 1351 903 1351 903 1352 902 1352 792 1352 903 1353 792 1353 904 1353 904 1354 792 1354 791 1354 904 1355 791 1355 905 1355 905 1356 791 1356 790 1356 905 1357 790 1357 906 1357 860 1358 907 1358 859 1358 859 1359 907 1359 908 1359 859 1360 908 1360 899 1360 899 1361 908 1361 854 1361 899 1362 854 1362 897 1362 897 1363 854 1363 847 1363 897 1364 847 1364 898 1364 909 1365 900 1365 910 1365 910 1366 900 1366 898 1366 910 1367 898 1367 911 1367 911 1368 898 1368 847 1368 911 1369 847 1369 912 1369 912 1370 847 1370 846 1370 912 1371 846 1371 913 1371 913 1372 846 1372 851 1372 804 1373 806 1373 914 1373 914 1374 806 1374 915 1374 914 1375 915 1375 916 1375 916 1376 915 1376 917 1376 916 1377 917 1377 918 1377 919 1378 920 1378 918 1378 918 1379 920 1379 921 1379 918 1380 921 1380 916 1380 863 1381 922 1381 923 1381 924 1382 925 1382 926 1382 926 1383 925 1383 927 1383 926 1384 927 1384 928 1384 928 1385 927 1385 929 1385 928 1386 929 1386 930 1386 931 1387 932 1387 933 1387 933 1388 932 1388 934 1388 933 1389 934 1389 935 1389 935 1390 934 1390 936 1390 935 1391 936 1391 937 1391 937 1392 936 1392 938 1392 937 1393 938 1393 939 1393 939 1394 938 1394 940 1394 941 1395 931 1395 942 1395 942 1396 931 1396 933 1396 942 1397 933 1397 943 1397 943 1398 933 1398 935 1398 943 1399 935 1399 944 1399 944 1400 935 1400 937 1400 944 1401 937 1401 945 1401 945 1402 937 1402 939 1402 945 1403 939 1403 946 1403 946 1404 939 1404 940 1404 946 1405 940 1405 923 1405 923 1406 922 1406 946 1406 946 1407 922 1407 947 1407 946 1408 947 1408 945 1408 945 1409 947 1409 948 1409 945 1410 948 1410 944 1410 944 1411 948 1411 949 1411 944 1412 949 1412 943 1412 950 1413 951 1413 786 1413 786 1414 951 1414 952 1414 786 1415 952 1415 787 1415 953 1416 941 1416 954 1416 954 1417 941 1417 942 1417 954 1418 942 1418 955 1418 955 1419 942 1419 943 1419 955 1420 943 1420 956 1420 956 1421 943 1421 949 1421 864 1422 957 1422 865 1422 865 1423 957 1423 958 1423 865 1424 958 1424 959 1424 959 1425 958 1425 960 1425 959 1426 960 1426 950 1426 950 1427 960 1427 961 1427 950 1428 961 1428 951 1428 788 1429 962 1429 786 1429 786 1430 962 1430 963 1430 786 1431 963 1431 950 1431 950 1432 963 1432 964 1432 950 1433 964 1433 959 1433 959 1434 964 1434 965 1434 959 1435 965 1435 865 1435 865 1436 965 1436 966 1436 865 1437 966 1437 867 1437 867 1438 966 1438 967 1438 867 1439 967 1439 802 1439 802 1440 967 1440 968 1440 802 1441 968 1441 803 1441 962 1442 969 1442 963 1442 963 1443 969 1443 970 1443 963 1444 970 1444 964 1444 964 1445 970 1445 971 1445 964 1446 971 1446 965 1446 965 1447 971 1447 972 1447 965 1448 972 1448 966 1448 966 1449 972 1449 973 1449 966 1450 973 1450 967 1450 967 1451 973 1451 974 1451 967 1452 974 1452 968 1452 969 1453 975 1453 970 1453 970 1454 975 1454 976 1454 970 1455 976 1455 971 1455 971 1456 976 1456 977 1456 971 1457 977 1457 972 1457 972 1458 977 1458 978 1458 972 1459 978 1459 973 1459 973 1460 978 1460 979 1460 973 1461 979 1461 974 1461 975 1462 980 1462 976 1462 976 1463 980 1463 981 1463 976 1464 981 1464 977 1464 977 1465 981 1465 982 1465 977 1466 982 1466 978 1466 978 1467 982 1467 883 1467 978 1468 883 1468 979 1468 979 1469 883 1469 882 1469 979 1470 882 1470 974 1470 974 1471 882 1471 983 1471 974 1472 983 1472 968 1472 968 1473 983 1473 984 1473 968 1474 984 1474 803 1474 901 1475 985 1475 902 1475 902 1476 985 1476 986 1476 902 1477 986 1477 792 1477 792 1478 986 1478 987 1478 792 1479 987 1479 790 1479 790 1480 987 1480 843 1480 790 1481 843 1481 906 1481 906 1482 843 1482 845 1482 806 1483 861 1483 915 1483 915 1484 861 1484 863 1484 915 1485 863 1485 917 1485 917 1486 863 1486 923 1486 917 1487 923 1487 918 1487 918 1488 923 1488 940 1488 918 1489 940 1489 919 1489 919 1490 940 1490 938 1490 919 1491 938 1491 988 1491 988 1492 938 1492 936 1492 988 1493 936 1493 789 1493 789 1494 936 1494 934 1494 789 1495 934 1495 788 1495 788 1496 934 1496 932 1496 788 1497 932 1497 962 1497 962 1498 932 1498 931 1498 962 1499 931 1499 969 1499 969 1500 931 1500 941 1500 969 1501 941 1501 975 1501 975 1502 941 1502 953 1502 975 1503 953 1503 980 1503 980 1504 953 1504 886 1504 980 1505 886 1505 981 1505 981 1506 886 1506 888 1506 981 1507 888 1507 982 1507 982 1508 888 1508 890 1508 982 1509 890 1509 883 1509 883 1510 890 1510 892 1510 883 1511 892 1511 881 1511 881 1512 892 1512 894 1512 881 1513 894 1513 879 1513 879 1514 894 1514 896 1514 879 1515 896 1515 877 1515 989 1516 990 1516 985 1516 985 1517 990 1517 991 1517 985 1518 991 1518 986 1518 986 1519 991 1519 909 1519 986 1520 909 1520 987 1520 987 1521 909 1521 910 1521 987 1522 910 1522 843 1522 843 1523 910 1523 911 1523 843 1524 911 1524 812 1524 812 1525 911 1525 912 1525 812 1526 912 1526 810 1526 810 1527 912 1527 913 1527 925 1528 807 1528 927 1528 927 1529 807 1529 809 1529 927 1530 809 1530 929 1530 929 1531 809 1531 859 1531 929 1532 859 1532 930 1532 930 1533 859 1533 900 1533 930 1534 900 1534 992 1534 992 1535 900 1535 909 1535 992 1536 909 1536 993 1536 993 1537 909 1537 991 1537 993 1538 991 1538 994 1538 994 1539 991 1539 990 1539 832 1540 827 1540 833 1540 833 1541 827 1541 828 1541 833 1542 828 1542 895 1542 895 1543 828 1543 817 1543 895 1544 817 1544 896 1544 896 1545 817 1545 816 1545 896 1546 816 1546 877 1546 877 1547 816 1547 884 1547 877 1548 884 1548 878 1548 878 1549 884 1549 793 1549 878 1550 793 1550 880 1550 880 1551 793 1551 795 1551 880 1552 795 1552 882 1552 882 1553 795 1553 876 1553 882 1554 876 1554 983 1554 983 1555 876 1555 875 1555 983 1556 875 1556 984 1556 984 1557 875 1557 799 1557 984 1558 799 1558 803 1558 803 1559 799 1559 800 1559 803 1560 800 1560 801 1560 904 1561 813 1561 903 1561 903 1562 813 1562 815 1562 903 1563 815 1563 901 1563 901 1564 815 1564 887 1564 901 1565 887 1565 985 1565 985 1566 887 1566 886 1566 985 1567 886 1567 989 1567 989 1568 886 1568 953 1568 989 1569 953 1569 990 1569 990 1570 953 1570 954 1570 990 1571 954 1571 994 1571 994 1572 954 1572 955 1572 994 1573 955 1573 993 1573 993 1574 955 1574 956 1574 993 1575 956 1575 992 1575 992 1576 956 1576 949 1576 992 1577 949 1577 930 1577 930 1578 949 1578 948 1578 930 1579 948 1579 928 1579 928 1580 948 1580 947 1580 928 1581 947 1581 926 1581 926 1582 947 1582 922 1582 926 1583 922 1583 924 1583 924 1584 922 1584 863 1584 924 1585 863 1585 995 1585 995 1586 863 1586 862 1586 996 1587 997 1587 998 1587 999 1588 1000 1588 1001 1588 1002 1589 1003 1589 1004 1589 1005 1590 1006 1590 1007 1590 1008 1591 1009 1591 1010 1591 1011 1592 1012 1592 1013 1592 1014 1593 1015 1593 1016 1593 1017 1594 1018 1594 1019 1594 800 1595 1020 1595 1021 1595 872 1596 1022 1596 793 1596 793 1597 1022 1597 870 1597 1020 1598 800 1598 1023 1598 1023 1599 800 1599 797 1599 1023 1600 797 1600 796 1600 866 1601 802 1601 1021 1601 1021 1602 802 1602 801 1602 1021 1603 801 1603 800 1603 957 1604 864 1604 1024 1604 1024 1605 864 1605 866 1605 1024 1606 866 1606 1025 1606 1025 1607 866 1607 1021 1607 957 1608 1024 1608 958 1608 958 1609 1024 1609 1026 1609 958 1610 1026 1610 960 1610 960 1611 1026 1611 1027 1611 960 1612 1027 1612 961 1612 961 1613 1027 1613 951 1613 951 1614 1027 1614 1028 1614 951 1615 1028 1615 952 1615 952 1616 1028 1616 1029 1616 952 1617 1029 1617 787 1617 1030 1618 1031 1618 1032 1618 1030 1619 1032 1619 1033 1619 1033 1620 1032 1620 805 1620 1033 1621 805 1621 804 1621 916 1622 921 1622 1034 1622 916 1623 1034 1623 914 1623 1035 1624 1036 1624 1037 1624 1037 1625 1036 1625 1038 1625 1037 1626 1038 1626 1039 1626 1039 1627 1038 1627 1040 1627 1041 1628 1042 1628 1043 1628 1043 1629 1042 1629 1044 1629 1045 1630 1046 1630 1047 1630 1047 1631 1046 1631 1048 1631 1047 1632 1048 1632 1049 1632 1050 1633 1051 1633 1052 1633 1053 1634 1054 1634 1055 1634 1055 1635 1054 1635 1001 1635 1055 1636 1001 1636 1056 1636 1056 1637 1001 1637 1000 1637 1056 1638 1000 1638 1057 1638 1057 1639 1000 1639 999 1639 1057 1640 999 1640 1058 1640 1058 1641 999 1641 1059 1641 1058 1642 1059 1642 1060 1642 1061 1643 1062 1643 1063 1643 1063 1644 1062 1644 1064 1644 1063 1645 1064 1645 1065 1645 1065 1646 1064 1646 1066 1646 1016 1647 1015 1647 1063 1647 1063 1648 1015 1648 1067 1648 1063 1649 1067 1649 1061 1649 1068 1650 1069 1650 1070 1650 1069 1651 1068 1651 1071 1651 1071 1652 1068 1652 1072 1652 1071 1653 1072 1653 1073 1653 1073 1654 1072 1654 1074 1654 1074 1655 1072 1655 1075 1655 1074 1656 1075 1656 1076 1656 1076 1657 1075 1657 996 1657 1076 1658 996 1658 1077 1658 1078 1659 1079 1659 1080 1659 1080 1660 1079 1660 1081 1660 1082 1661 1083 1661 1084 1661 1084 1662 1085 1662 1082 1662 1082 1663 1085 1663 1086 1663 1082 1664 1086 1664 1080 1664 1080 1665 1086 1665 1087 1665 1080 1666 1087 1666 1078 1666 1088 1667 1089 1667 1090 1667 1090 1668 1089 1668 1091 1668 1090 1669 1091 1669 1092 1669 1092 1670 1091 1670 1093 1670 1092 1671 1093 1671 1094 1671 1094 1672 1093 1672 1095 1672 1095 1673 1093 1673 1096 1673 1095 1674 1096 1674 1097 1674 1011 1675 1013 1675 1098 1675 1098 1676 1013 1676 1099 1676 1098 1677 1099 1677 1100 1677 1101 1678 1102 1678 1103 1678 1103 1679 1102 1679 1104 1679 1103 1680 1104 1680 1105 1680 1105 1681 1104 1681 1106 1681 1105 1682 1106 1682 1107 1682 1107 1683 1106 1683 1108 1683 1107 1684 1108 1684 1109 1684 1109 1685 1108 1685 1110 1685 1110 1686 1108 1686 1111 1686 1110 1687 1111 1687 1112 1687 1010 1688 1009 1688 1113 1688 1114 1689 1115 1689 1116 1689 1115 1690 796 1690 868 1690 1006 1691 1005 1691 1010 1691 1010 1692 1005 1692 1117 1692 1010 1693 1117 1693 1008 1693 1118 1694 872 1694 1119 1694 1119 1695 872 1695 1120 1695 1119 1696 1120 1696 1121 1696 1121 1697 1120 1697 874 1697 874 1698 1120 1698 872 1698 868 1699 870 1699 1007 1699 1007 1700 870 1700 1022 1700 1007 1701 1022 1701 1005 1701 1005 1702 1022 1702 872 1702 1005 1703 872 1703 1117 1703 1117 1704 872 1704 1118 1704 1117 1705 1118 1705 1008 1705 1008 1706 1118 1706 1122 1706 1008 1707 1122 1707 1123 1707 1051 1708 1045 1708 1052 1708 1052 1709 1045 1709 1047 1709 1052 1710 1047 1710 1124 1710 1125 1711 1124 1711 1126 1711 1126 1712 1124 1712 1047 1712 1126 1713 1047 1713 1019 1713 1019 1714 1047 1714 1049 1714 1019 1715 1049 1715 1017 1715 804 1716 914 1716 1033 1716 1033 1717 914 1717 1034 1717 1033 1718 1034 1718 1127 1718 1127 1719 1034 1719 1128 1719 1127 1720 1128 1720 1129 1720 1130 1721 1131 1721 1132 1721 1132 1722 1131 1722 1035 1722 1132 1723 1035 1723 1133 1723 1133 1724 1035 1724 1037 1724 1133 1725 1037 1725 1134 1725 1134 1726 1037 1726 1039 1726 1135 1727 1136 1727 1130 1727 1130 1728 1136 1728 1137 1728 1130 1729 1137 1729 1131 1729 1131 1730 1137 1730 1043 1730 1131 1731 1043 1731 1035 1731 1035 1732 1043 1732 1044 1732 1035 1733 1044 1733 1036 1733 1129 1734 1128 1734 1138 1734 1138 1735 1128 1735 1139 1735 1138 1736 1139 1736 1140 1736 1141 1737 1142 1737 1143 1737 1143 1738 1142 1738 1144 1738 1143 1739 1144 1739 1145 1739 1139 1740 1146 1740 1140 1740 1140 1741 1146 1741 1147 1741 1140 1742 1147 1742 1148 1742 1148 1743 1147 1743 1149 1743 1148 1744 1149 1744 1150 1744 1150 1745 1149 1745 1151 1745 1150 1746 1151 1746 1152 1746 1153 1747 1141 1747 1154 1747 1154 1748 1141 1748 1143 1748 1154 1749 1143 1749 1155 1749 1155 1750 1143 1750 1145 1750 1155 1751 1145 1751 1156 1751 1156 1752 1145 1752 1157 1752 1156 1753 1157 1753 1158 1753 1158 1754 1157 1754 1159 1754 1134 1755 1153 1755 1133 1755 1133 1756 1153 1756 1154 1756 1133 1757 1154 1757 1132 1757 1132 1758 1154 1758 1155 1758 1132 1759 1155 1759 1130 1759 1130 1760 1155 1760 1156 1760 1130 1761 1156 1761 1135 1761 1135 1762 1156 1762 1158 1762 1160 1763 1159 1763 1161 1763 1161 1764 1159 1764 1157 1764 1161 1765 1157 1765 1162 1765 1162 1766 1157 1766 1145 1766 1162 1767 1145 1767 1152 1767 1152 1768 1145 1768 1144 1768 1152 1769 1144 1769 1150 1769 1150 1770 1144 1770 1142 1770 1150 1771 1142 1771 1148 1771 1148 1772 1142 1772 1141 1772 1148 1773 1141 1773 1140 1773 1140 1774 1141 1774 1153 1774 1140 1775 1153 1775 1138 1775 1138 1776 1153 1776 1134 1776 1138 1777 1134 1777 1129 1777 1129 1778 1134 1778 1039 1778 1129 1779 1039 1779 1127 1779 1127 1780 1039 1780 1040 1780 1127 1781 1040 1781 1033 1781 1163 1782 1003 1782 1164 1782 1164 1783 1003 1783 1002 1783 1164 1784 1002 1784 1165 1784 1116 1785 1166 1785 1114 1785 1114 1786 1166 1786 1167 1786 1114 1787 1167 1787 1168 1787 1168 1788 1167 1788 1169 1788 1168 1789 1169 1789 1170 1789 1170 1790 1169 1790 1171 1790 1170 1791 1171 1791 1172 1791 1172 1792 1171 1792 1173 1792 1172 1793 1173 1793 1174 1793 1174 1794 1173 1794 1175 1794 1174 1795 1175 1795 1176 1795 1176 1796 1175 1796 1177 1796 1176 1797 1177 1797 1178 1797 1115 1798 1114 1798 796 1798 796 1799 1114 1799 1168 1799 796 1800 1168 1800 1023 1800 1023 1801 1168 1801 1170 1801 1023 1802 1170 1802 1020 1802 1020 1803 1170 1803 1172 1803 1020 1804 1172 1804 1021 1804 1021 1805 1172 1805 1174 1805 1021 1806 1174 1806 1025 1806 1025 1807 1174 1807 1176 1807 1025 1808 1176 1808 1024 1808 1024 1809 1176 1809 1178 1809 1024 1810 1178 1810 1026 1810 868 1811 1007 1811 1115 1811 1115 1812 1007 1812 1006 1812 1115 1813 1006 1813 1116 1813 1116 1814 1006 1814 1010 1814 1116 1815 1010 1815 1166 1815 1166 1816 1010 1816 1113 1816 1166 1817 1113 1817 1167 1817 1167 1818 1113 1818 1179 1818 1167 1819 1179 1819 1169 1819 1169 1820 1179 1820 1180 1820 1169 1821 1180 1821 1171 1821 1171 1822 1180 1822 1181 1822 1171 1823 1181 1823 1173 1823 1173 1824 1181 1824 1182 1824 1173 1825 1182 1825 1175 1825 1175 1826 1182 1826 1183 1826 1175 1827 1183 1827 1177 1827 1123 1828 1184 1828 1008 1828 1008 1829 1184 1829 1112 1829 1008 1830 1112 1830 1009 1830 1009 1831 1112 1831 1111 1831 1009 1832 1111 1832 1113 1832 1113 1833 1111 1833 1108 1833 1113 1834 1108 1834 1179 1834 1179 1835 1108 1835 1106 1835 1179 1836 1106 1836 1180 1836 1180 1837 1106 1837 1104 1837 1180 1838 1104 1838 1181 1838 1181 1839 1104 1839 1102 1839 1181 1840 1102 1840 1182 1840 1182 1841 1102 1841 1101 1841 1182 1842 1101 1842 1183 1842 1183 1843 1101 1843 1185 1843 1183 1844 1185 1844 1177 1844 1177 1845 1185 1845 1004 1845 1177 1846 1004 1846 1178 1846 1178 1847 1004 1847 1003 1847 1178 1848 1003 1848 1026 1848 1026 1849 1003 1849 1163 1849 1026 1850 1163 1850 1027 1850 1027 1851 1163 1851 1164 1851 1027 1852 1164 1852 1028 1852 1028 1853 1164 1853 1165 1853 1028 1854 1165 1854 1029 1854 921 1855 920 1855 1034 1855 1034 1856 920 1856 919 1856 1034 1857 919 1857 1128 1857 1128 1858 919 1858 988 1858 1128 1859 988 1859 1139 1859 1139 1860 988 1860 789 1860 1139 1861 789 1861 1146 1861 1146 1862 789 1862 787 1862 1146 1863 787 1863 1147 1863 1147 1864 787 1864 1029 1864 1147 1865 1029 1865 1149 1865 1149 1866 1029 1866 1165 1866 1149 1867 1165 1867 1151 1867 1151 1868 1165 1868 1002 1868 1151 1869 1002 1869 1152 1869 1152 1870 1002 1870 1004 1870 1152 1871 1004 1871 1162 1871 1162 1872 1004 1872 1185 1872 1162 1873 1185 1873 1161 1873 1161 1874 1185 1874 1101 1874 1161 1875 1101 1875 1160 1875 1160 1876 1101 1876 1103 1876 1184 1877 1100 1877 1112 1877 1112 1878 1100 1878 1099 1878 1112 1879 1099 1879 1110 1879 1110 1880 1099 1880 1186 1880 1110 1881 1186 1881 1109 1881 1109 1882 1186 1882 1187 1882 1109 1883 1187 1883 1107 1883 1107 1884 1187 1884 1188 1884 1107 1885 1188 1885 1105 1885 1105 1886 1188 1886 1189 1886 1105 1887 1189 1887 1103 1887 1103 1888 1189 1888 1190 1888 1103 1889 1190 1889 1160 1889 1160 1890 1190 1890 1191 1890 1160 1891 1191 1891 1159 1891 1159 1892 1191 1892 1192 1892 1159 1893 1192 1893 1158 1893 1158 1894 1192 1894 1193 1894 1158 1895 1193 1895 1135 1895 1135 1896 1193 1896 1125 1896 1135 1897 1125 1897 1136 1897 1136 1898 1125 1898 1126 1898 1136 1899 1126 1899 1137 1899 1137 1900 1126 1900 1019 1900 1137 1901 1019 1901 1043 1901 1043 1902 1019 1902 1018 1902 1043 1903 1018 1903 1041 1903 1194 1904 1195 1904 1196 1904 1054 1905 1194 1905 1001 1905 1001 1906 1194 1906 1197 1906 1001 1907 1197 1907 999 1907 999 1908 1197 1908 1198 1908 999 1909 1198 1909 1059 1909 1059 1910 1198 1910 1199 1910 1059 1911 1199 1911 1060 1911 1060 1912 1199 1912 1200 1912 1201 1913 1200 1913 1202 1913 1202 1914 1200 1914 1199 1914 1202 1915 1199 1915 1066 1915 1066 1916 1199 1916 1198 1916 1066 1917 1198 1917 1065 1917 1065 1918 1198 1918 1197 1918 1065 1919 1197 1919 1063 1919 1063 1920 1197 1920 1194 1920 1063 1921 1194 1921 1016 1921 1016 1922 1194 1922 1196 1922 1016 1923 1196 1923 1014 1923 997 1924 996 1924 1203 1924 1203 1925 996 1925 1075 1925 1203 1926 1075 1926 1204 1926 1204 1927 1075 1927 1072 1927 1204 1928 1072 1928 1195 1928 1195 1929 1072 1929 1068 1929 1195 1930 1068 1930 1196 1930 1196 1931 1068 1931 1070 1931 1196 1932 1070 1932 1014 1932 1090 1933 1084 1933 1088 1933 1088 1934 1084 1934 1083 1934 1088 1935 1083 1935 1205 1935 1205 1936 1083 1936 1082 1936 1205 1937 1082 1937 998 1937 998 1938 1082 1938 1080 1938 998 1939 1080 1939 996 1939 996 1940 1080 1940 1081 1940 996 1941 1081 1941 1077 1941 1012 1942 1097 1942 1013 1942 1013 1943 1097 1943 1096 1943 1013 1944 1096 1944 1099 1944 1099 1945 1096 1945 1093 1945 1099 1946 1093 1946 1186 1946 1186 1947 1093 1947 1091 1947 1186 1948 1091 1948 1187 1948 1187 1949 1091 1949 1089 1949 1187 1950 1089 1950 1188 1950 1188 1951 1089 1951 1088 1951 1188 1952 1088 1952 1189 1952 1189 1953 1088 1953 1205 1953 1189 1954 1205 1954 1190 1954 1190 1955 1205 1955 998 1955 1190 1956 998 1956 1191 1956 1191 1957 998 1957 997 1957 1191 1958 997 1958 1192 1958 1192 1959 997 1959 1203 1959 1192 1960 1203 1960 1193 1960 1193 1961 1203 1961 1204 1961 1193 1962 1204 1962 1125 1962 1125 1963 1204 1963 1195 1963 1125 1964 1195 1964 1124 1964 1124 1965 1195 1965 1194 1965 1124 1966 1194 1966 1052 1966 1052 1967 1194 1967 1054 1967 1052 1968 1054 1968 1050 1968 1050 1969 1054 1969 1053 1969 1206 1970 1207 1970 820 1970 820 1971 1207 1971 1100 1971 820 1972 1100 1972 818 1972 818 1973 1100 1973 1184 1973 818 1974 1184 1974 816 1974 816 1975 1184 1975 1123 1975 816 1976 1123 1976 884 1976 884 1977 1123 1977 1122 1977 884 1978 1122 1978 885 1978 885 1979 1122 1979 1118 1979 885 1980 1118 1980 1119 1980 885 1981 1119 1981 871 1981 1121 1982 874 1982 1119 1982 1119 1983 874 1983 873 1983 1119 1984 873 1984 871 1984 820 1985 1208 1985 1206 1985 1206 1986 1208 1986 1209 1986 1206 1987 1209 1987 1210 1987 1210 1988 1209 1988 1211 1988 1212 1989 1213 1989 1209 1989 1209 1990 1213 1990 1214 1990 1209 1991 1214 1991 1211 1991 1215 1992 1216 1992 1217 1992 1066 1993 1064 1993 1218 1993 1211 1994 1214 1994 1219 1994 1213 1995 1212 1995 1220 1995 1212 1996 1209 1996 1221 1996 1221 1997 1209 1997 1208 1997 1221 1998 1208 1998 820 1998 1213 1999 1220 1999 1214 1999 1206 2000 1210 2000 1222 2000 1222 2001 1210 2001 1211 2001 1098 2002 1100 2002 1207 2002 1223 2003 1201 2003 1202 2003 1217 2004 1224 2004 1225 2004 1225 2005 1224 2005 1226 2005 1225 2006 1226 2006 1227 2006 1227 2007 1226 2007 1228 2007 1227 2008 1228 2008 1229 2008 1229 2009 1228 2009 1223 2009 1229 2010 1223 2010 1218 2010 1218 2011 1223 2011 1202 2011 1218 2012 1202 2012 1066 2012 1230 2013 1231 2013 1215 2013 1216 2014 1215 2014 1231 2014 1225 2015 1232 2015 1217 2015 1217 2016 1232 2016 1233 2016 1217 2017 1233 2017 1215 2017 1215 2018 1233 2018 1230 2018 851 2019 853 2019 1232 2019 1232 2020 853 2020 1234 2020 1232 2021 1234 2021 1233 2021 1235 2022 1076 2022 1236 2022 1236 2023 1076 2023 1077 2023 1236 2024 1077 2024 1237 2024 1237 2025 1077 2025 1081 2025 1237 2026 1081 2026 1238 2026 1238 2027 1081 2027 1079 2027 1238 2028 1079 2028 1239 2028 1239 2029 1079 2029 1078 2029 1239 2030 1078 2030 1240 2030 1240 2031 1078 2031 1087 2031 1240 2032 1087 2032 1241 2032 1241 2033 1087 2033 1086 2033 1241 2034 1086 2034 1242 2034 1242 2035 1086 2035 1085 2035 1242 2036 1085 2036 1243 2036 1243 2037 1085 2037 1084 2037 1243 2038 1084 2038 1244 2038 1244 2039 1084 2039 1090 2039 1244 2040 1090 2040 1245 2040 1245 2041 1090 2041 1092 2041 1245 2042 1092 2042 1246 2042 1246 2043 1092 2043 1094 2043 1246 2044 1094 2044 1247 2044 1247 2045 1094 2045 1095 2045 1247 2046 1095 2046 1248 2046 1248 2047 1095 2047 1097 2047 1248 2048 1097 2048 1249 2048 1249 2049 1097 2049 1012 2049 1249 2050 1012 2050 1250 2050 1250 2051 1012 2051 1011 2051 1250 2052 1011 2052 1251 2052 1251 2053 1011 2053 1098 2053 1251 2054 1098 2054 1252 2054 1252 2055 1098 2055 1207 2055 1252 2056 1207 2056 1206 2056 820 2057 819 2057 1221 2057 1221 2058 819 2058 826 2058 1221 2059 826 2059 1253 2059 1253 2060 826 2060 824 2060 1253 2061 824 2061 1254 2061 1254 2062 824 2062 822 2062 1254 2063 822 2063 1255 2063 1255 2064 822 2064 821 2064 1255 2065 821 2065 1256 2065 1256 2066 821 2066 827 2066 1256 2067 827 2067 1257 2067 1257 2068 827 2068 832 2068 1257 2069 832 2069 1258 2069 1258 2070 832 2070 830 2070 1258 2071 830 2071 1259 2071 1259 2072 830 2072 836 2072 1259 2073 836 2073 1260 2073 1260 2074 836 2074 835 2074 1260 2075 835 2075 1261 2075 1261 2076 835 2076 841 2076 1261 2077 841 2077 1262 2077 1262 2078 841 2078 840 2078 1262 2079 840 2079 1263 2079 1263 2080 840 2080 838 2080 1263 2081 838 2081 1264 2081 1264 2082 838 2082 837 2082 1264 2083 837 2083 1265 2083 1265 2084 837 2084 842 2084 1265 2085 842 2085 1266 2085 1266 2086 842 2086 814 2086 1266 2087 814 2087 1267 2087 1267 2088 814 2088 813 2088 1267 2089 813 2089 1268 2089 1268 2090 813 2090 904 2090 1268 2091 904 2091 1269 2091 1269 2092 904 2092 905 2092 1269 2093 905 2093 1270 2093 1270 2094 905 2094 906 2094 1270 2095 906 2095 1271 2095 1271 2096 906 2096 845 2096 1271 2097 845 2097 1272 2097 1272 2098 845 2098 844 2098 1272 2099 844 2099 1273 2099 1273 2100 844 2100 811 2100 1273 2101 811 2101 1274 2101 1274 2102 811 2102 810 2102 1274 2103 810 2103 1275 2103 1275 2104 810 2104 913 2104 1275 2105 913 2105 1276 2105 1212 2106 1221 2106 1220 2106 1220 2107 1221 2107 1253 2107 1220 2108 1253 2108 1277 2108 1277 2109 1253 2109 1254 2109 1277 2110 1254 2110 1278 2110 1278 2111 1254 2111 1255 2111 1278 2112 1255 2112 1279 2112 1279 2113 1255 2113 1256 2113 1279 2114 1256 2114 1280 2114 1280 2115 1256 2115 1257 2115 1280 2116 1257 2116 1281 2116 1281 2117 1257 2117 1258 2117 1281 2118 1258 2118 1282 2118 1282 2119 1258 2119 1259 2119 1282 2120 1259 2120 1283 2120 1283 2121 1259 2121 1260 2121 1283 2122 1260 2122 1284 2122 1284 2123 1260 2123 1261 2123 1284 2124 1261 2124 1285 2124 1285 2125 1261 2125 1262 2125 1285 2126 1262 2126 1286 2126 1286 2127 1262 2127 1263 2127 1286 2128 1263 2128 1287 2128 1287 2129 1263 2129 1264 2129 1287 2130 1264 2130 1288 2130 1288 2131 1264 2131 1265 2131 1288 2132 1265 2132 1289 2132 1289 2133 1265 2133 1266 2133 1289 2134 1266 2134 1290 2134 1290 2135 1266 2135 1267 2135 1290 2136 1267 2136 1291 2136 1291 2137 1267 2137 1268 2137 1291 2138 1268 2138 1292 2138 1292 2139 1268 2139 1269 2139 1292 2140 1269 2140 1293 2140 1293 2141 1269 2141 1270 2141 1293 2142 1270 2142 1294 2142 1294 2143 1270 2143 1271 2143 1294 2144 1271 2144 1295 2144 1295 2145 1271 2145 1272 2145 1295 2146 1272 2146 1296 2146 1296 2147 1272 2147 1273 2147 1296 2148 1273 2148 1297 2148 1297 2149 1273 2149 1274 2149 1297 2150 1274 2150 1298 2150 1298 2151 1274 2151 1275 2151 1298 2152 1275 2152 1299 2152 1299 2153 1275 2153 1276 2153 1299 2154 1276 2154 1300 2154 1214 2155 1220 2155 1219 2155 1219 2156 1220 2156 1277 2156 1219 2157 1277 2157 1301 2157 1301 2158 1277 2158 1278 2158 1301 2159 1278 2159 1302 2159 1302 2160 1278 2160 1279 2160 1302 2161 1279 2161 1303 2161 1303 2162 1279 2162 1280 2162 1303 2163 1280 2163 1304 2163 1304 2164 1280 2164 1281 2164 1304 2165 1281 2165 1305 2165 1305 2166 1281 2166 1282 2166 1305 2167 1282 2167 1306 2167 1306 2168 1282 2168 1283 2168 1306 2169 1283 2169 1307 2169 1307 2170 1283 2170 1284 2170 1307 2171 1284 2171 1308 2171 1308 2172 1284 2172 1285 2172 1308 2173 1285 2173 1309 2173 1309 2174 1285 2174 1286 2174 1309 2175 1286 2175 1310 2175 1310 2176 1286 2176 1287 2176 1310 2177 1287 2177 1311 2177 1311 2178 1287 2178 1288 2178 1311 2179 1288 2179 1312 2179 1312 2180 1288 2180 1289 2180 1312 2181 1289 2181 1313 2181 1313 2182 1289 2182 1290 2182 1313 2183 1290 2183 1314 2183 1314 2184 1290 2184 1291 2184 1314 2185 1291 2185 1315 2185 1315 2186 1291 2186 1292 2186 1315 2187 1292 2187 1316 2187 1316 2188 1292 2188 1293 2188 1316 2189 1293 2189 1317 2189 1317 2190 1293 2190 1294 2190 1317 2191 1294 2191 1318 2191 1318 2192 1294 2192 1295 2192 1318 2193 1295 2193 1319 2193 1319 2194 1295 2194 1296 2194 1319 2195 1296 2195 1320 2195 1320 2196 1296 2196 1297 2196 1320 2197 1297 2197 1321 2197 1321 2198 1297 2198 1298 2198 1321 2199 1298 2199 1322 2199 1322 2200 1298 2200 1299 2200 1322 2201 1299 2201 1323 2201 1323 2202 1299 2202 1300 2202 1323 2203 1300 2203 1324 2203 1211 2204 1219 2204 1222 2204 1222 2205 1219 2205 1301 2205 1222 2206 1301 2206 1325 2206 1325 2207 1301 2207 1302 2207 1325 2208 1302 2208 1326 2208 1326 2209 1302 2209 1303 2209 1326 2210 1303 2210 1327 2210 1327 2211 1303 2211 1304 2211 1327 2212 1304 2212 1328 2212 1328 2213 1304 2213 1305 2213 1328 2214 1305 2214 1329 2214 1329 2215 1305 2215 1306 2215 1329 2216 1306 2216 1330 2216 1330 2217 1306 2217 1307 2217 1330 2218 1307 2218 1331 2218 1331 2219 1307 2219 1308 2219 1331 2220 1308 2220 1332 2220 1332 2221 1308 2221 1309 2221 1332 2222 1309 2222 1333 2222 1333 2223 1309 2223 1310 2223 1333 2224 1310 2224 1334 2224 1334 2225 1310 2225 1311 2225 1334 2226 1311 2226 1335 2226 1335 2227 1311 2227 1312 2227 1335 2228 1312 2228 1336 2228 1336 2229 1312 2229 1313 2229 1336 2230 1313 2230 1337 2230 1337 2231 1313 2231 1314 2231 1337 2232 1314 2232 1338 2232 1338 2233 1314 2233 1315 2233 1338 2234 1315 2234 1339 2234 1339 2235 1315 2235 1316 2235 1339 2236 1316 2236 1340 2236 1340 2237 1316 2237 1317 2237 1340 2238 1317 2238 1341 2238 1341 2239 1317 2239 1318 2239 1341 2240 1318 2240 1342 2240 1342 2241 1318 2241 1319 2241 1342 2242 1319 2242 1343 2242 1343 2243 1319 2243 1320 2243 1343 2244 1320 2244 1344 2244 1344 2245 1320 2245 1321 2245 1344 2246 1321 2246 1345 2246 1345 2247 1321 2247 1322 2247 1345 2248 1322 2248 1346 2248 1346 2249 1322 2249 1323 2249 1346 2250 1323 2250 1347 2250 1347 2251 1323 2251 1324 2251 1347 2252 1324 2252 1348 2252 1206 2253 1222 2253 1252 2253 1252 2254 1222 2254 1325 2254 1252 2255 1325 2255 1251 2255 1251 2256 1325 2256 1326 2256 1251 2257 1326 2257 1250 2257 1250 2258 1326 2258 1327 2258 1250 2259 1327 2259 1249 2259 1249 2260 1327 2260 1328 2260 1249 2261 1328 2261 1248 2261 1248 2262 1328 2262 1329 2262 1248 2263 1329 2263 1247 2263 1247 2264 1329 2264 1330 2264 1247 2265 1330 2265 1246 2265 1246 2266 1330 2266 1331 2266 1246 2267 1331 2267 1245 2267 1245 2268 1331 2268 1332 2268 1245 2269 1332 2269 1244 2269 1244 2270 1332 2270 1333 2270 1244 2271 1333 2271 1243 2271 1243 2272 1333 2272 1334 2272 1243 2273 1334 2273 1242 2273 1242 2274 1334 2274 1335 2274 1242 2275 1335 2275 1241 2275 1241 2276 1335 2276 1336 2276 1241 2277 1336 2277 1240 2277 1240 2278 1336 2278 1337 2278 1240 2279 1337 2279 1239 2279 1239 2280 1337 2280 1338 2280 1239 2281 1338 2281 1238 2281 1238 2282 1338 2282 1339 2282 1238 2283 1339 2283 1237 2283 1237 2284 1339 2284 1340 2284 1237 2285 1340 2285 1236 2285 1236 2286 1340 2286 1341 2286 1236 2287 1341 2287 1235 2287 1235 2288 1341 2288 1342 2288 1235 2289 1342 2289 1349 2289 1349 2290 1342 2290 1343 2290 1349 2291 1343 2291 1350 2291 1350 2292 1343 2292 1344 2292 1350 2293 1344 2293 1351 2293 1351 2294 1344 2294 1345 2294 1351 2295 1345 2295 1352 2295 1352 2296 1345 2296 1346 2296 1352 2297 1346 2297 1353 2297 1353 2298 1346 2298 1347 2298 1353 2299 1347 2299 1354 2299 1354 2300 1347 2300 1348 2300 1354 2301 1348 2301 1355 2301 1062 2302 1061 2302 1355 2302 1355 2303 1061 2303 1067 2303 1355 2304 1067 2304 1354 2304 1354 2305 1067 2305 1015 2305 1354 2306 1015 2306 1353 2306 1353 2307 1015 2307 1014 2307 1353 2308 1014 2308 1352 2308 1352 2309 1014 2309 1070 2309 1352 2310 1070 2310 1351 2310 1351 2311 1070 2311 1069 2311 1351 2312 1069 2312 1350 2312 1350 2313 1069 2313 1071 2313 1350 2314 1071 2314 1349 2314 1349 2315 1071 2315 1073 2315 1349 2316 1073 2316 1235 2316 1235 2317 1073 2317 1074 2317 1235 2318 1074 2318 1076 2318 913 2319 851 2319 1276 2319 1276 2320 851 2320 1232 2320 1276 2321 1232 2321 1300 2321 1300 2322 1232 2322 1225 2322 1300 2323 1225 2323 1324 2323 1324 2324 1225 2324 1227 2324 1324 2325 1227 2325 1348 2325 1348 2326 1227 2326 1229 2326 1348 2327 1229 2327 1355 2327 1355 2328 1229 2328 1218 2328 1355 2329 1218 2329 1062 2329 1062 2330 1218 2330 1064 2330 1356 2331 109 2331 108 2331 1357 2332 1358 2332 1359 2332 635 2333 655 2333 1360 2333 1360 2334 655 2334 658 2334 1360 2335 658 2335 1358 2335 99 2336 102 2336 1357 2336 1358 2337 658 2337 1359 2337 1359 2338 658 2338 659 2338 1359 2339 659 2339 1361 2339 659 2340 661 2340 1361 2340 1361 2341 661 2341 662 2341 1361 2342 662 2342 1362 2342 669 2343 242 2343 1363 2343 662 2344 664 2344 1362 2344 1362 2345 664 2345 667 2345 1362 2346 667 2346 1364 2346 1364 2347 667 2347 668 2347 1364 2348 668 2348 1365 2348 1365 2349 668 2349 1366 2349 1366 2350 668 2350 1367 2350 1367 2351 668 2351 1368 2351 1368 2352 668 2352 1369 2352 1369 2353 668 2353 669 2353 1369 2354 669 2354 1370 2354 1370 2355 669 2355 1363 2355 1370 2356 1363 2356 1371 2356 1357 2357 1359 2357 99 2357 99 2358 1359 2358 1361 2358 99 2359 1361 2359 100 2359 100 2360 1361 2360 1362 2360 100 2361 1362 2361 112 2361 112 2362 1362 2362 1364 2362 112 2363 1364 2363 113 2363 113 2364 1364 2364 1365 2364 113 2365 1365 2365 114 2365 114 2366 1365 2366 1366 2366 114 2367 1366 2367 115 2367 115 2368 1366 2368 1367 2368 115 2369 1367 2369 116 2369 116 2370 1367 2370 1368 2370 116 2371 1368 2371 117 2371 117 2372 1368 2372 1369 2372 117 2373 1369 2373 111 2373 111 2374 1369 2374 1370 2374 111 2375 1370 2375 108 2375 108 2376 1370 2376 1371 2376 108 2377 1371 2377 1356 2377 1371 2378 1363 2378 1372 2378 1373 2379 1374 2379 15 2379 15 2380 1374 2380 1375 2380 15 2381 1375 2381 19 2381 1376 2382 1377 2382 1378 2382 1378 2383 1377 2383 1379 2383 1378 2384 1379 2384 1373 2384 468 2385 467 2385 1380 2385 1380 2386 467 2386 1381 2386 1380 2387 1381 2387 1376 2387 1382 2388 1383 2388 1384 2388 1384 2389 1383 2389 78 2389 1384 2390 78 2390 1385 2390 1373 2391 15 2391 1378 2391 1378 2392 15 2392 14 2392 1378 2393 14 2393 1386 2393 1386 2394 14 2394 12 2394 1386 2395 12 2395 1387 2395 1387 2396 12 2396 10 2396 1387 2397 10 2397 1388 2397 1388 2398 10 2398 9 2398 1388 2399 9 2399 1389 2399 1389 2400 9 2400 1390 2400 1389 2401 1390 2401 1382 2401 1382 2402 1390 2402 1391 2402 1382 2403 1391 2403 1383 2403 431 2404 298 2404 1392 2404 1392 2405 298 2405 297 2405 1392 2406 297 2406 1393 2406 1393 2407 297 2407 237 2407 1393 2408 237 2408 1394 2408 1395 2409 353 2409 1392 2409 1392 2410 353 2410 352 2410 1392 2411 352 2411 431 2411 353 2412 1395 2412 238 2412 238 2413 1395 2413 1396 2413 238 2414 1396 2414 239 2414 239 2415 1396 2415 1397 2415 239 2416 1397 2416 293 2416 293 2417 1397 2417 1398 2417 293 2418 1398 2418 294 2418 294 2419 1398 2419 1399 2419 294 2420 1399 2420 296 2420 296 2421 1399 2421 1400 2421 296 2422 1400 2422 341 2422 341 2423 1400 2423 1401 2423 341 2424 1401 2424 342 2424 342 2425 1401 2425 1402 2425 342 2426 1402 2426 290 2426 290 2427 1402 2427 1403 2427 290 2428 1403 2428 291 2428 78 2429 77 2429 1385 2429 1385 2430 77 2430 98 2430 1385 2431 98 2431 1404 2431 1404 2432 98 2432 97 2432 1404 2433 97 2433 1405 2433 1405 2434 97 2434 95 2434 1405 2435 95 2435 1406 2435 1406 2436 95 2436 94 2436 1406 2437 94 2437 1407 2437 1407 2438 94 2438 76 2438 1407 2439 76 2439 1408 2439 1408 2440 76 2440 122 2440 1408 2441 122 2441 1409 2441 1409 2442 122 2442 121 2442 1409 2443 121 2443 1410 2443 1410 2444 121 2444 119 2444 1410 2445 119 2445 1411 2445 1411 2446 119 2446 118 2446 1411 2447 118 2447 1412 2447 1412 2448 118 2448 109 2448 109 2449 1356 2449 1412 2449 1412 2450 1356 2450 1413 2450 1412 2451 1413 2451 1411 2451 1411 2452 1413 2452 1414 2452 1411 2453 1414 2453 1410 2453 1410 2454 1414 2454 1415 2454 1410 2455 1415 2455 1409 2455 1409 2456 1415 2456 1416 2456 1409 2457 1416 2457 1408 2457 1408 2458 1416 2458 1417 2458 1408 2459 1417 2459 1407 2459 1407 2460 1417 2460 1418 2460 1407 2461 1418 2461 1406 2461 1406 2462 1418 2462 1419 2462 1406 2463 1419 2463 1405 2463 1405 2464 1419 2464 1420 2464 1405 2465 1420 2465 1404 2465 1404 2466 1420 2466 1421 2466 1404 2467 1421 2467 1385 2467 1385 2468 1421 2468 1422 2468 1385 2469 1422 2469 1384 2469 1384 2470 1422 2470 1423 2470 1384 2471 1423 2471 1382 2471 1382 2472 1423 2472 1424 2472 1382 2473 1424 2473 1389 2473 1389 2474 1424 2474 1425 2474 1389 2475 1425 2475 1388 2475 1388 2476 1425 2476 1426 2476 1388 2477 1426 2477 1387 2477 1387 2478 1426 2478 1427 2478 1387 2479 1427 2479 1386 2479 1386 2480 1427 2480 1380 2480 1386 2481 1380 2481 1378 2481 1378 2482 1380 2482 1376 2482 1356 2483 1371 2483 1413 2483 1413 2484 1371 2484 1372 2484 1413 2485 1372 2485 1414 2485 1414 2486 1372 2486 1428 2486 1414 2487 1428 2487 1415 2487 1415 2488 1428 2488 1429 2488 1415 2489 1429 2489 1416 2489 1416 2490 1429 2490 1430 2490 1416 2491 1430 2491 1417 2491 1417 2492 1430 2492 1403 2492 1417 2493 1403 2493 1418 2493 1418 2494 1403 2494 1402 2494 1418 2495 1402 2495 1419 2495 1419 2496 1402 2496 1401 2496 1419 2497 1401 2497 1420 2497 1420 2498 1401 2498 1400 2498 1420 2499 1400 2499 1421 2499 1421 2500 1400 2500 1399 2500 1421 2501 1399 2501 1422 2501 1422 2502 1399 2502 1398 2502 1422 2503 1398 2503 1423 2503 1423 2504 1398 2504 1397 2504 1423 2505 1397 2505 1424 2505 1424 2506 1397 2506 1396 2506 1424 2507 1396 2507 1425 2507 1425 2508 1396 2508 1395 2508 1425 2509 1395 2509 1426 2509 1426 2510 1395 2510 1392 2510 1426 2511 1392 2511 1427 2511 1427 2512 1392 2512 1393 2512 1427 2513 1393 2513 1380 2513 1380 2514 1393 2514 1394 2514 1380 2515 1394 2515 468 2515 468 2516 1394 2516 237 2516 468 2517 237 2517 236 2517 291 2518 1403 2518 292 2518 292 2519 1403 2519 1430 2519 292 2520 1430 2520 286 2520 286 2521 1430 2521 1429 2521 286 2522 1429 2522 288 2522 288 2523 1429 2523 1428 2523 288 2524 1428 2524 289 2524 289 2525 1428 2525 1372 2525 289 2526 1372 2526 241 2526 241 2527 1372 2527 1363 2527 241 2528 1363 2528 242 2528 1358 2529 1357 2529 1431 2529 1373 2530 1379 2530 1432 2530 1433 2531 1377 2531 1376 2531 1376 2532 1381 2532 1433 2532 1433 2533 1381 2533 467 2533 1433 2534 467 2534 466 2534 16 2535 19 2535 1375 2535 1 2536 1434 2536 1435 2536 1435 2537 1434 2537 1436 2537 1435 2538 1436 2538 1437 2538 1437 2539 1436 2539 1438 2539 1437 2540 1438 2540 1439 2540 1439 2541 1438 2541 1440 2541 1439 2542 1440 2542 1441 2542 466 2543 469 2543 1433 2543 1433 2544 469 2544 476 2544 1433 2545 476 2545 1442 2545 1442 2546 476 2546 474 2546 1442 2547 474 2547 1443 2547 1443 2548 474 2548 472 2548 1443 2549 472 2549 1444 2549 1444 2550 472 2550 480 2550 1444 2551 480 2551 1445 2551 1445 2552 480 2552 478 2552 1445 2553 478 2553 1446 2553 1446 2554 478 2554 477 2554 1446 2555 477 2555 1447 2555 1447 2556 477 2556 454 2556 1447 2557 454 2557 1448 2557 1448 2558 454 2558 453 2558 1448 2559 453 2559 1449 2559 1449 2560 453 2560 485 2560 1449 2561 485 2561 1450 2561 1 2562 0 2562 1434 2562 1434 2563 0 2563 57 2563 1434 2564 57 2564 1451 2564 1451 2565 57 2565 56 2565 1451 2566 56 2566 1452 2566 1452 2567 56 2567 54 2567 1452 2568 54 2568 1453 2568 1453 2569 54 2569 64 2569 1453 2570 64 2570 1454 2570 1454 2571 64 2571 63 2571 1454 2572 63 2572 1455 2572 1455 2573 63 2573 61 2573 1455 2574 61 2574 1456 2574 1456 2575 61 2575 59 2575 1456 2576 59 2576 1457 2576 1457 2577 59 2577 58 2577 1457 2578 58 2578 1458 2578 1458 2579 58 2579 22 2579 1458 2580 22 2580 1459 2580 1459 2581 22 2581 21 2581 1459 2582 21 2582 1460 2582 1460 2583 21 2583 20 2583 1460 2584 20 2584 1461 2584 1461 2585 20 2585 17 2585 1461 2586 17 2586 1462 2586 1462 2587 17 2587 16 2587 1462 2588 16 2588 1463 2588 1463 2589 16 2589 1375 2589 1463 2590 1375 2590 1374 2590 485 2591 484 2591 1450 2591 1450 2592 484 2592 482 2592 1450 2593 482 2593 1464 2593 1464 2594 482 2594 481 2594 1464 2595 481 2595 1465 2595 1465 2596 481 2596 487 2596 1465 2597 487 2597 1466 2597 1466 2598 487 2598 486 2598 1466 2599 486 2599 1467 2599 1467 2600 486 2600 489 2600 1467 2601 489 2601 1468 2601 489 2602 491 2602 1468 2602 1468 2603 491 2603 492 2603 1468 2604 492 2604 1469 2604 1469 2605 492 2605 493 2605 1469 2606 493 2606 1470 2606 1470 2607 493 2607 494 2607 1470 2608 494 2608 1471 2608 1471 2609 494 2609 496 2609 1471 2610 496 2610 1472 2610 1472 2611 496 2611 634 2611 1472 2612 634 2612 1473 2612 1473 2613 634 2613 635 2613 635 2614 1360 2614 1473 2614 1473 2615 1360 2615 1474 2615 1473 2616 1474 2616 1472 2616 1472 2617 1474 2617 1475 2617 1472 2618 1475 2618 1471 2618 1471 2619 1475 2619 1476 2619 1471 2620 1476 2620 1470 2620 1470 2621 1476 2621 1477 2621 1470 2622 1477 2622 1469 2622 1469 2623 1477 2623 1478 2623 1469 2624 1478 2624 1468 2624 1468 2625 1478 2625 1479 2625 1468 2626 1479 2626 1467 2626 1467 2627 1479 2627 1480 2627 1467 2628 1480 2628 1466 2628 1466 2629 1480 2629 1481 2629 1466 2630 1481 2630 1465 2630 1465 2631 1481 2631 1482 2631 1465 2632 1482 2632 1464 2632 1464 2633 1482 2633 1483 2633 1464 2634 1483 2634 1450 2634 1450 2635 1483 2635 1484 2635 1450 2636 1484 2636 1449 2636 1449 2637 1484 2637 1485 2637 1449 2638 1485 2638 1448 2638 1448 2639 1485 2639 1486 2639 1448 2640 1486 2640 1447 2640 1447 2641 1486 2641 1487 2641 1447 2642 1487 2642 1446 2642 1446 2643 1487 2643 1488 2643 1446 2644 1488 2644 1445 2644 1445 2645 1488 2645 1489 2645 1445 2646 1489 2646 1444 2646 1444 2647 1489 2647 1490 2647 1444 2648 1490 2648 1443 2648 1443 2649 1490 2649 1491 2649 1443 2650 1491 2650 1442 2650 1442 2651 1491 2651 1492 2651 1442 2652 1492 2652 1433 2652 1433 2653 1492 2653 1432 2653 1433 2654 1432 2654 1377 2654 1377 2655 1432 2655 1379 2655 1360 2656 1358 2656 1474 2656 1474 2657 1358 2657 1431 2657 1474 2658 1431 2658 1475 2658 1475 2659 1431 2659 1493 2659 1475 2660 1493 2660 1476 2660 1476 2661 1493 2661 1494 2661 1476 2662 1494 2662 1477 2662 1477 2663 1494 2663 1440 2663 1477 2664 1440 2664 1478 2664 1478 2665 1440 2665 1438 2665 1478 2666 1438 2666 1479 2666 1479 2667 1438 2667 1436 2667 1479 2668 1436 2668 1480 2668 1480 2669 1436 2669 1434 2669 1480 2670 1434 2670 1481 2670 1481 2671 1434 2671 1451 2671 1481 2672 1451 2672 1482 2672 1482 2673 1451 2673 1452 2673 1482 2674 1452 2674 1483 2674 1483 2675 1452 2675 1453 2675 1483 2676 1453 2676 1484 2676 1484 2677 1453 2677 1454 2677 1484 2678 1454 2678 1485 2678 1485 2679 1454 2679 1455 2679 1485 2680 1455 2680 1486 2680 1486 2681 1455 2681 1456 2681 1486 2682 1456 2682 1487 2682 1487 2683 1456 2683 1457 2683 1487 2684 1457 2684 1488 2684 1488 2685 1457 2685 1458 2685 1488 2686 1458 2686 1489 2686 1489 2687 1458 2687 1459 2687 1489 2688 1459 2688 1490 2688 1490 2689 1459 2689 1460 2689 1490 2690 1460 2690 1491 2690 1491 2691 1460 2691 1461 2691 1491 2692 1461 2692 1492 2692 1492 2693 1461 2693 1462 2693 1492 2694 1462 2694 1432 2694 1432 2695 1462 2695 1463 2695 1432 2696 1463 2696 1373 2696 1373 2697 1463 2697 1374 2697 1441 2698 1440 2698 103 2698 103 2699 1440 2699 1494 2699 103 2700 1494 2700 104 2700 104 2701 1494 2701 1493 2701 104 2702 1493 2702 106 2702 106 2703 1493 2703 1431 2703 106 2704 1431 2704 107 2704 107 2705 1431 2705 1357 2705 107 2706 1357 2706 102 2706 1495 2707 1496 2707 1497 2707 1498 2708 1499 2708 86 2708 86 2709 1499 2709 1500 2709 86 2710 1500 2710 90 2710 1501 2711 1502 2711 1503 2711 1503 2712 1502 2712 1504 2712 1503 2713 1504 2713 1498 2713 1032 2714 1031 2714 1505 2714 1505 2715 1031 2715 1506 2715 1505 2716 1506 2716 1501 2716 1507 2717 1508 2717 1509 2717 1509 2718 1508 2718 7 2718 1509 2719 7 2719 1510 2719 1498 2720 86 2720 1503 2720 1503 2721 86 2721 85 2721 1503 2722 85 2722 1511 2722 1511 2723 85 2723 83 2723 1511 2724 83 2724 1512 2724 1512 2725 83 2725 81 2725 1512 2726 81 2726 1513 2726 1513 2727 81 2727 80 2727 1513 2728 80 2728 1514 2728 1514 2729 80 2729 1515 2729 1514 2730 1515 2730 1507 2730 1507 2731 1515 2731 1516 2731 1507 2732 1516 2732 1508 2732 995 2733 862 2733 1517 2733 1517 2734 862 2734 861 2734 1517 2735 861 2735 1518 2735 1518 2736 861 2736 806 2736 1518 2737 806 2737 1519 2737 1520 2738 925 2738 1517 2738 1517 2739 925 2739 924 2739 1517 2740 924 2740 995 2740 925 2741 1520 2741 807 2741 807 2742 1520 2742 1521 2742 807 2743 1521 2743 808 2743 808 2744 1521 2744 1522 2744 808 2745 1522 2745 857 2745 857 2746 1522 2746 1523 2746 857 2747 1523 2747 858 2747 858 2748 1523 2748 1524 2748 858 2749 1524 2749 860 2749 860 2750 1524 2750 1525 2750 860 2751 1525 2751 907 2751 907 2752 1525 2752 1526 2752 907 2753 1526 2753 908 2753 908 2754 1526 2754 1527 2754 908 2755 1527 2755 854 2755 854 2756 1527 2756 1528 2756 854 2757 1528 2757 855 2757 7 2758 6 2758 1510 2758 1510 2759 6 2759 27 2759 1510 2760 27 2760 1529 2760 1529 2761 27 2761 26 2761 1529 2762 26 2762 1530 2762 1530 2763 26 2763 24 2763 1530 2764 24 2764 1531 2764 1531 2765 24 2765 23 2765 1531 2766 23 2766 1532 2766 1532 2767 23 2767 5 2767 1532 2768 5 2768 1533 2768 1533 2769 5 2769 52 2769 1533 2770 52 2770 1534 2770 1534 2771 52 2771 51 2771 1534 2772 51 2772 1535 2772 1535 2773 51 2773 49 2773 1535 2774 49 2774 1536 2774 1536 2775 49 2775 48 2775 1536 2776 48 2776 1537 2776 1537 2777 48 2777 41 2777 41 2778 1538 2778 1537 2778 1537 2779 1538 2779 1539 2779 1537 2780 1539 2780 1536 2780 1536 2781 1539 2781 1540 2781 1536 2782 1540 2782 1535 2782 1535 2783 1540 2783 1541 2783 1535 2784 1541 2784 1534 2784 1534 2785 1541 2785 1542 2785 1534 2786 1542 2786 1533 2786 1533 2787 1542 2787 1543 2787 1533 2788 1543 2788 1532 2788 1532 2789 1543 2789 1544 2789 1532 2790 1544 2790 1531 2790 1531 2791 1544 2791 1545 2791 1531 2792 1545 2792 1530 2792 1530 2793 1545 2793 1546 2793 1530 2794 1546 2794 1529 2794 1529 2795 1546 2795 1547 2795 1529 2796 1547 2796 1510 2796 1510 2797 1547 2797 1548 2797 1510 2798 1548 2798 1509 2798 1509 2799 1548 2799 1549 2799 1509 2800 1549 2800 1507 2800 1507 2801 1549 2801 1550 2801 1507 2802 1550 2802 1514 2802 1514 2803 1550 2803 1551 2803 1514 2804 1551 2804 1513 2804 1513 2805 1551 2805 1552 2805 1513 2806 1552 2806 1512 2806 1512 2807 1552 2807 1553 2807 1512 2808 1553 2808 1511 2808 1511 2809 1553 2809 1505 2809 1511 2810 1505 2810 1503 2810 1503 2811 1505 2811 1501 2811 1538 2812 1495 2812 1539 2812 1539 2813 1495 2813 1497 2813 1539 2814 1497 2814 1540 2814 1540 2815 1497 2815 1554 2815 1540 2816 1554 2816 1541 2816 1541 2817 1554 2817 1555 2817 1541 2818 1555 2818 1542 2818 1542 2819 1555 2819 1556 2819 1542 2820 1556 2820 1543 2820 1543 2821 1556 2821 1528 2821 1543 2822 1528 2822 1544 2822 1544 2823 1528 2823 1527 2823 1544 2824 1527 2824 1545 2824 1545 2825 1527 2825 1526 2825 1545 2826 1526 2826 1546 2826 1546 2827 1526 2827 1525 2827 1546 2828 1525 2828 1547 2828 1547 2829 1525 2829 1524 2829 1547 2830 1524 2830 1548 2830 1548 2831 1524 2831 1523 2831 1548 2832 1523 2832 1549 2832 1549 2833 1523 2833 1522 2833 1549 2834 1522 2834 1550 2834 1550 2835 1522 2835 1521 2835 1550 2836 1521 2836 1551 2836 1551 2837 1521 2837 1520 2837 1551 2838 1520 2838 1552 2838 1552 2839 1520 2839 1517 2839 1552 2840 1517 2840 1553 2840 1553 2841 1517 2841 1518 2841 1553 2842 1518 2842 1505 2842 1505 2843 1518 2843 1519 2843 1505 2844 1519 2844 1032 2844 1032 2845 1519 2845 806 2845 1032 2846 806 2846 805 2846 855 2847 1528 2847 856 2847 856 2848 1528 2848 1556 2848 856 2849 1556 2849 848 2849 848 2850 1556 2850 1555 2850 848 2851 1555 2851 849 2851 849 2852 1555 2852 1554 2852 849 2853 1554 2853 850 2853 850 2854 1554 2854 1497 2854 850 2855 1497 2855 852 2855 852 2856 1497 2856 1496 2856 852 2857 1496 2857 853 2857 1538 2858 41 2858 40 2858 1538 2859 40 2859 1495 2859 1234 2860 853 2860 1496 2860 1557 2861 1217 2861 1558 2861 1558 2862 1217 2862 1216 2862 1558 2863 1216 2863 1559 2863 1559 2864 1216 2864 1231 2864 1559 2865 1231 2865 1560 2865 1560 2866 1231 2866 1561 2866 1561 2867 1231 2867 1562 2867 1562 2868 1231 2868 1230 2868 1562 2869 1230 2869 1563 2869 1563 2870 1230 2870 1564 2870 1564 2871 1230 2871 1233 2871 1564 2872 1233 2872 1565 2872 1565 2873 1233 2873 1234 2873 1565 2874 1234 2874 1566 2874 1566 2875 1234 2875 1496 2875 1566 2876 1496 2876 1495 2876 35 2877 34 2877 1567 2877 1495 2878 40 2878 1566 2878 1566 2879 40 2879 38 2879 1566 2880 38 2880 1565 2880 1565 2881 38 2881 37 2881 1565 2882 37 2882 1564 2882 1564 2883 37 2883 47 2883 1564 2884 47 2884 1563 2884 1563 2885 47 2885 46 2885 1563 2886 46 2886 1562 2886 1562 2887 46 2887 45 2887 1562 2888 45 2888 1561 2888 1561 2889 45 2889 44 2889 1561 2890 44 2890 1560 2890 1560 2891 44 2891 43 2891 1560 2892 43 2892 1559 2892 1559 2893 43 2893 42 2893 1559 2894 42 2894 1558 2894 1558 2895 42 2895 36 2895 1558 2896 36 2896 1557 2896 1557 2897 36 2897 35 2897 1557 2898 35 2898 1568 2898 1568 2899 35 2899 1567 2899 1568 2900 1567 2900 1569 2900 1570 2901 1201 2901 1223 2901 1570 2902 1223 2902 1569 2902 1569 2903 1223 2903 1228 2903 1569 2904 1228 2904 1568 2904 1568 2905 1228 2905 1226 2905 1568 2906 1226 2906 1557 2906 1557 2907 1226 2907 1224 2907 1557 2908 1224 2908 1217 2908 1569 2909 1567 2909 1571 2909 1498 2910 1504 2910 1572 2910 1573 2911 1502 2911 1501 2911 1501 2912 1506 2912 1573 2912 1573 2913 1506 2913 1031 2913 1573 2914 1031 2914 1030 2914 87 2915 90 2915 1500 2915 72 2916 1574 2916 1575 2916 1575 2917 1574 2917 1576 2917 1575 2918 1576 2918 1577 2918 1577 2919 1576 2919 1578 2919 1577 2920 1578 2920 1579 2920 1579 2921 1578 2921 1580 2921 1579 2922 1580 2922 1581 2922 1030 2923 1033 2923 1573 2923 1573 2924 1033 2924 1040 2924 1573 2925 1040 2925 1582 2925 1582 2926 1040 2926 1038 2926 1582 2927 1038 2927 1583 2927 1583 2928 1038 2928 1036 2928 1583 2929 1036 2929 1584 2929 1584 2930 1036 2930 1044 2930 1584 2931 1044 2931 1585 2931 1585 2932 1044 2932 1042 2932 1585 2933 1042 2933 1586 2933 1586 2934 1042 2934 1041 2934 1586 2935 1041 2935 1587 2935 1587 2936 1041 2936 1018 2936 1587 2937 1018 2937 1588 2937 1588 2938 1018 2938 1017 2938 1588 2939 1017 2939 1589 2939 1589 2940 1017 2940 1049 2940 1589 2941 1049 2941 1590 2941 72 2942 71 2942 1574 2942 1574 2943 71 2943 127 2943 1574 2944 127 2944 1591 2944 1591 2945 127 2945 126 2945 1591 2946 126 2946 1592 2946 1592 2947 126 2947 124 2947 1592 2948 124 2948 1593 2948 1593 2949 124 2949 134 2949 1593 2950 134 2950 1594 2950 1594 2951 134 2951 133 2951 1594 2952 133 2952 1595 2952 1595 2953 133 2953 131 2953 1595 2954 131 2954 1596 2954 1596 2955 131 2955 129 2955 1596 2956 129 2956 1597 2956 1597 2957 129 2957 128 2957 1597 2958 128 2958 1598 2958 1598 2959 128 2959 93 2959 1598 2960 93 2960 1599 2960 1599 2961 93 2961 92 2961 1599 2962 92 2962 1600 2962 1600 2963 92 2963 91 2963 1600 2964 91 2964 1601 2964 1601 2965 91 2965 88 2965 1601 2966 88 2966 1602 2966 1602 2967 88 2967 87 2967 1602 2968 87 2968 1603 2968 1603 2969 87 2969 1500 2969 1603 2970 1500 2970 1499 2970 1049 2971 1048 2971 1590 2971 1590 2972 1048 2972 1046 2972 1590 2973 1046 2973 1604 2973 1604 2974 1046 2974 1045 2974 1604 2975 1045 2975 1605 2975 1605 2976 1045 2976 1051 2976 1605 2977 1051 2977 1606 2977 1606 2978 1051 2978 1050 2978 1606 2979 1050 2979 1607 2979 1607 2980 1050 2980 1053 2980 1607 2981 1053 2981 1608 2981 1053 2982 1055 2982 1608 2982 1608 2983 1055 2983 1056 2983 1608 2984 1056 2984 1609 2984 1609 2985 1056 2985 1057 2985 1609 2986 1057 2986 1610 2986 1610 2987 1057 2987 1058 2987 1610 2988 1058 2988 1611 2988 1611 2989 1058 2989 1060 2989 1611 2990 1060 2990 1612 2990 1612 2991 1060 2991 1200 2991 1612 2992 1200 2992 1613 2992 1613 2993 1200 2993 1201 2993 1201 2994 1570 2994 1613 2994 1613 2995 1570 2995 1614 2995 1613 2996 1614 2996 1612 2996 1612 2997 1614 2997 1615 2997 1612 2998 1615 2998 1611 2998 1611 2999 1615 2999 1616 2999 1611 3000 1616 3000 1610 3000 1610 3001 1616 3001 1617 3001 1610 3002 1617 3002 1609 3002 1609 3003 1617 3003 1618 3003 1609 3004 1618 3004 1608 3004 1608 3005 1618 3005 1619 3005 1608 3006 1619 3006 1607 3006 1607 3007 1619 3007 1620 3007 1607 3008 1620 3008 1606 3008 1606 3009 1620 3009 1621 3009 1606 3010 1621 3010 1605 3010 1605 3011 1621 3011 1622 3011 1605 3012 1622 3012 1604 3012 1604 3013 1622 3013 1623 3013 1604 3014 1623 3014 1590 3014 1590 3015 1623 3015 1624 3015 1590 3016 1624 3016 1589 3016 1589 3017 1624 3017 1625 3017 1589 3018 1625 3018 1588 3018 1588 3019 1625 3019 1626 3019 1588 3020 1626 3020 1587 3020 1587 3021 1626 3021 1627 3021 1587 3022 1627 3022 1586 3022 1586 3023 1627 3023 1628 3023 1586 3024 1628 3024 1585 3024 1585 3025 1628 3025 1629 3025 1585 3026 1629 3026 1584 3026 1584 3027 1629 3027 1630 3027 1584 3028 1630 3028 1583 3028 1583 3029 1630 3029 1631 3029 1583 3030 1631 3030 1582 3030 1582 3031 1631 3031 1632 3031 1582 3032 1632 3032 1573 3032 1573 3033 1632 3033 1572 3033 1573 3034 1572 3034 1502 3034 1502 3035 1572 3035 1504 3035 1570 3036 1569 3036 1614 3036 1614 3037 1569 3037 1571 3037 1614 3038 1571 3038 1615 3038 1615 3039 1571 3039 1633 3039 1615 3040 1633 3040 1616 3040 1616 3041 1633 3041 1634 3041 1616 3042 1634 3042 1617 3042 1617 3043 1634 3043 1580 3043 1617 3044 1580 3044 1618 3044 1618 3045 1580 3045 1578 3045 1618 3046 1578 3046 1619 3046 1619 3047 1578 3047 1576 3047 1619 3048 1576 3048 1620 3048 1620 3049 1576 3049 1574 3049 1620 3050 1574 3050 1621 3050 1621 3051 1574 3051 1591 3051 1621 3052 1591 3052 1622 3052 1622 3053 1591 3053 1592 3053 1622 3054 1592 3054 1623 3054 1623 3055 1592 3055 1593 3055 1623 3056 1593 3056 1624 3056 1624 3057 1593 3057 1594 3057 1624 3058 1594 3058 1625 3058 1625 3059 1594 3059 1595 3059 1625 3060 1595 3060 1626 3060 1626 3061 1595 3061 1596 3061 1626 3062 1596 3062 1627 3062 1627 3063 1596 3063 1597 3063 1627 3064 1597 3064 1628 3064 1628 3065 1597 3065 1598 3065 1628 3066 1598 3066 1629 3066 1629 3067 1598 3067 1599 3067 1629 3068 1599 3068 1630 3068 1630 3069 1599 3069 1600 3069 1630 3070 1600 3070 1631 3070 1631 3071 1600 3071 1601 3071 1631 3072 1601 3072 1632 3072 1632 3073 1601 3073 1602 3073 1632 3074 1602 3074 1572 3074 1572 3075 1602 3075 1603 3075 1572 3076 1603 3076 1498 3076 1498 3077 1603 3077 1499 3077 1581 3078 1580 3078 28 3078 28 3079 1580 3079 1634 3079 28 3080 1634 3080 29 3080 29 3081 1634 3081 1633 3081 29 3082 1633 3082 31 3082 31 3083 1633 3083 1571 3083 31 3084 1571 3084 33 3084 33 3085 1571 3085 1567 3085 33 3086 1567 3086 34 3086 1581 3087 28 3087 1635 3087 1636 3088 219 3088 222 3088 1637 3089 72 3089 1575 3089 1637 3090 1638 3090 1639 3090 1639 3091 1638 3091 1640 3091 222 3092 1641 3092 1636 3092 1636 3093 1641 3093 1642 3093 1636 3094 1642 3094 1640 3094 1640 3095 1642 3095 1643 3095 1640 3096 1643 3096 1639 3096 1637 3097 1575 3097 1638 3097 1638 3098 1575 3098 1577 3098 1638 3099 1577 3099 1579 3099 1581 3100 1635 3100 1579 3100 1579 3101 1635 3101 1638 3101 1638 3102 1635 3102 1644 3102 1638 3103 1644 3103 1640 3103 217 3104 219 3104 1645 3104 1645 3105 219 3105 1636 3105 1645 3106 1636 3106 1646 3106 1646 3107 1636 3107 1640 3107 1646 3108 1640 3108 1647 3108 1647 3109 1640 3109 1644 3109 1648 3110 1649 3110 1650 3110 1650 3111 1649 3111 1651 3111 73 3112 72 3112 1637 3112 1637 3113 1652 3113 73 3113 73 3114 1652 3114 1653 3114 73 3115 1653 3115 125 3115 125 3116 1653 3116 1654 3116 125 3117 1654 3117 123 3117 123 3118 1654 3118 1655 3118 123 3119 1655 3119 132 3119 132 3120 1655 3120 1656 3120 132 3121 1656 3121 130 3121 130 3122 1656 3122 1657 3122 130 3123 1657 3123 89 3123 89 3124 1657 3124 1658 3124 89 3125 1658 3125 136 3125 136 3126 1658 3126 1659 3126 136 3127 1659 3127 138 3127 138 3128 1659 3128 1660 3128 138 3129 1660 3129 140 3129 140 3130 1660 3130 1661 3130 140 3131 1661 3131 101 3131 101 3132 1661 3132 1650 3132 101 3133 1650 3133 105 3133 105 3134 1650 3134 1651 3134 105 3135 1651 3135 103 3135 1662 3136 1663 3136 1664 3136 1664 3137 1663 3137 1648 3137 1648 3138 1650 3138 1664 3138 1664 3139 1650 3139 1661 3139 1664 3140 1661 3140 1665 3140 1665 3141 1661 3141 1660 3141 1665 3142 1660 3142 1666 3142 1666 3143 1660 3143 1659 3143 1666 3144 1659 3144 1667 3144 1667 3145 1659 3145 1658 3145 1667 3146 1658 3146 1668 3146 1668 3147 1658 3147 1657 3147 1668 3148 1657 3148 1669 3148 1669 3149 1657 3149 1656 3149 1669 3150 1656 3150 1670 3150 1670 3151 1656 3151 1655 3151 1670 3152 1655 3152 1671 3152 1671 3153 1655 3153 1654 3153 1671 3154 1654 3154 1672 3154 1672 3155 1654 3155 1653 3155 1672 3156 1653 3156 1673 3156 1673 3157 1653 3157 1652 3157 1673 3158 1652 3158 1674 3158 198 3159 206 3159 1662 3159 1637 3160 1639 3160 1652 3160 1652 3161 1639 3161 1643 3161 1652 3162 1643 3162 1674 3162 1674 3163 1643 3163 1642 3163 1674 3164 1642 3164 1641 3164 1662 3165 1664 3165 198 3165 198 3166 1664 3166 1665 3166 198 3167 1665 3167 199 3167 199 3168 1665 3168 1666 3168 199 3169 1666 3169 201 3169 201 3170 1666 3170 1667 3170 201 3171 1667 3171 202 3171 202 3172 1667 3172 1668 3172 202 3173 1668 3173 196 3173 196 3174 1668 3174 1669 3174 196 3175 1669 3175 197 3175 197 3176 1669 3176 1670 3176 197 3177 1670 3177 193 3177 193 3178 1670 3178 1671 3178 193 3179 1671 3179 194 3179 194 3180 1671 3180 1672 3180 194 3181 1672 3181 191 3181 191 3182 1672 3182 1673 3182 191 3183 1673 3183 220 3183 220 3184 1673 3184 1674 3184 220 3185 1674 3185 221 3185 221 3186 1674 3186 1641 3186 221 3187 1641 3187 222 3187 1647 3188 1644 3188 1675 3188 1675 3189 1644 3189 1635 3189 2 3190 1 3190 1676 3190 1676 3191 1677 3191 2 3191 2 3192 1677 3192 1678 3192 2 3193 1678 3193 55 3193 55 3194 1678 3194 1679 3194 55 3195 1679 3195 53 3195 53 3196 1679 3196 1680 3196 53 3197 1680 3197 62 3197 62 3198 1680 3198 1681 3198 62 3199 1681 3199 60 3199 60 3200 1681 3200 1682 3200 60 3201 1682 3201 18 3201 18 3202 1682 3202 1683 3202 18 3203 1683 3203 66 3203 66 3204 1683 3204 1684 3204 66 3205 1684 3205 68 3205 68 3206 1684 3206 1685 3206 68 3207 1685 3207 70 3207 70 3208 1685 3208 1686 3208 70 3209 1686 3209 32 3209 32 3210 1686 3210 1675 3210 32 3211 1675 3211 30 3211 30 3212 1675 3212 1635 3212 30 3213 1635 3213 28 3213 1645 3214 1646 3214 1687 3214 1687 3215 1646 3215 1647 3215 1647 3216 1675 3216 1687 3216 1687 3217 1675 3217 1686 3217 1687 3218 1686 3218 1688 3218 1688 3219 1686 3219 1685 3219 1688 3220 1685 3220 1689 3220 1689 3221 1685 3221 1684 3221 1689 3222 1684 3222 1690 3222 1690 3223 1684 3223 1683 3223 1690 3224 1683 3224 1691 3224 1691 3225 1683 3225 1682 3225 1691 3226 1682 3226 1692 3226 1692 3227 1682 3227 1681 3227 1692 3228 1681 3228 1693 3228 1693 3229 1681 3229 1680 3229 1693 3230 1680 3230 1694 3230 1694 3231 1680 3231 1679 3231 1694 3232 1679 3232 1695 3232 1695 3233 1679 3233 1678 3233 1695 3234 1678 3234 1696 3234 1696 3235 1678 3235 1677 3235 1696 3236 1677 3236 1697 3236 212 3237 217 3237 1645 3237 1676 3238 1698 3238 1677 3238 1677 3239 1698 3239 1699 3239 1677 3240 1699 3240 1697 3240 1697 3241 1699 3241 1700 3241 1697 3242 1700 3242 1701 3242 1645 3243 1687 3243 212 3243 212 3244 1687 3244 1688 3244 212 3245 1688 3245 213 3245 213 3246 1688 3246 1689 3246 213 3247 1689 3247 215 3247 215 3248 1689 3248 1690 3248 215 3249 1690 3249 216 3249 216 3250 1690 3250 1691 3250 216 3251 1691 3251 204 3251 204 3252 1691 3252 1692 3252 204 3253 1692 3253 205 3253 205 3254 1692 3254 1693 3254 205 3255 1693 3255 187 3255 187 3256 1693 3256 1694 3256 187 3257 1694 3257 188 3257 188 3258 1694 3258 1695 3258 188 3259 1695 3259 185 3259 185 3260 1695 3260 1696 3260 185 3261 1696 3261 209 3261 209 3262 1696 3262 1697 3262 209 3263 1697 3263 210 3263 210 3264 1697 3264 1701 3264 210 3265 1701 3265 211 3265 1441 3266 103 3266 1651 3266 1702 3267 208 3267 211 3267 1676 3268 1 3268 1435 3268 1676 3269 1703 3269 1698 3269 1698 3270 1703 3270 1704 3270 211 3271 1701 3271 1702 3271 1702 3272 1701 3272 1700 3272 1702 3273 1700 3273 1704 3273 1704 3274 1700 3274 1699 3274 1704 3275 1699 3275 1698 3275 1676 3276 1435 3276 1703 3276 1703 3277 1435 3277 1437 3277 1703 3278 1437 3278 1439 3278 1441 3279 1651 3279 1439 3279 1439 3280 1651 3280 1703 3280 1703 3281 1651 3281 1649 3281 1703 3282 1649 3282 1704 3282 206 3283 208 3283 1662 3283 1662 3284 208 3284 1702 3284 1662 3285 1702 3285 1663 3285 1663 3286 1702 3286 1704 3286 1663 3287 1704 3287 1648 3287 1648 3288 1704 3288 1649 3288 1705 3289 1706 3289 1707 3289 1708 3290 1706 3290 1709 3290 1709 3291 1706 3291 1705 3291 1709 3292 1705 3292 1710 3292 1710 3293 1705 3293 1711 3293 164 3294 1712 3294 1713 3294 1714 3295 1715 3295 1713 3295 164 3296 1713 3296 165 3296 165 3297 1713 3297 1715 3297 165 3298 1715 3298 145 3298 80 3299 1716 3299 1515 3299 1515 3300 1716 3300 1707 3300 1515 3301 1707 3301 1516 3301 1516 3302 1707 3302 1706 3302 1516 3303 1706 3303 1508 3303 1508 3304 1706 3304 1708 3304 1508 3305 1708 3305 7 3305 1716 3306 1717 3306 1707 3306 1707 3307 1717 3307 1714 3307 1707 3308 1714 3308 1705 3308 1705 3309 1714 3309 1713 3309 1705 3310 1713 3310 1711 3310 1711 3311 1713 3311 1712 3311 146 3312 145 3312 1718 3312 1718 3313 145 3313 1715 3313 1718 3314 1715 3314 1719 3314 1719 3315 1715 3315 1714 3315 1719 3316 1714 3316 1720 3316 1720 3317 1714 3317 1717 3317 1721 3318 1722 3318 1723 3318 1723 3319 1722 3319 1724 3319 148 3320 146 3320 1718 3320 1718 3321 1725 3321 148 3321 148 3322 1725 3322 1726 3322 148 3323 1726 3323 153 3323 153 3324 1726 3324 1727 3324 153 3325 1727 3325 154 3325 154 3326 1727 3326 1728 3326 154 3327 1728 3327 155 3327 155 3328 1728 3328 1729 3328 155 3329 1729 3329 152 3329 152 3330 1729 3330 1730 3330 152 3331 1730 3331 160 3331 160 3332 1730 3332 1731 3332 160 3333 1731 3333 161 3333 161 3334 1731 3334 1732 3334 161 3335 1732 3335 162 3335 162 3336 1732 3336 1733 3336 162 3337 1733 3337 141 3337 141 3338 1733 3338 1734 3338 141 3339 1734 3339 142 3339 142 3340 1734 3340 1723 3340 142 3341 1723 3341 180 3341 180 3342 1723 3342 1724 3342 180 3343 1724 3343 181 3343 1735 3344 1736 3344 1737 3344 1737 3345 1736 3345 1721 3345 1721 3346 1723 3346 1737 3346 1737 3347 1723 3347 1734 3347 1737 3348 1734 3348 1738 3348 1738 3349 1734 3349 1733 3349 1738 3350 1733 3350 1739 3350 1739 3351 1733 3351 1732 3351 1739 3352 1732 3352 1740 3352 1740 3353 1732 3353 1731 3353 1740 3354 1731 3354 1741 3354 1741 3355 1731 3355 1730 3355 1741 3356 1730 3356 1742 3356 1742 3357 1730 3357 1729 3357 1742 3358 1729 3358 1743 3358 1743 3359 1729 3359 1728 3359 1743 3360 1728 3360 1744 3360 1744 3361 1728 3361 1727 3361 1744 3362 1727 3362 1745 3362 1745 3363 1727 3363 1726 3363 1745 3364 1726 3364 1746 3364 1746 3365 1726 3365 1725 3365 1746 3366 1725 3366 1747 3366 79 3367 78 3367 1735 3367 1718 3368 1719 3368 1725 3368 1725 3369 1719 3369 1720 3369 1725 3370 1720 3370 1747 3370 1747 3371 1720 3371 1717 3371 1747 3372 1717 3372 1716 3372 1735 3373 1737 3373 79 3373 79 3374 1737 3374 1738 3374 79 3375 1738 3375 96 3375 96 3376 1738 3376 1739 3376 96 3377 1739 3377 74 3377 74 3378 1739 3378 1740 3378 74 3379 1740 3379 75 3379 75 3380 1740 3380 1741 3380 75 3381 1741 3381 120 3381 120 3382 1741 3382 1742 3382 120 3383 1742 3383 110 3383 110 3384 1742 3384 1743 3384 110 3385 1743 3385 139 3385 139 3386 1743 3386 1744 3386 139 3387 1744 3387 137 3387 137 3388 1744 3388 1745 3388 137 3389 1745 3389 135 3389 135 3390 1745 3390 1746 3390 135 3391 1746 3391 84 3391 84 3392 1746 3392 1747 3392 84 3393 1747 3393 82 3393 82 3394 1747 3394 1716 3394 82 3395 1716 3395 80 3395 1710 3396 1711 3396 1748 3396 1748 3397 1711 3397 1712 3397 178 3398 176 3398 1749 3398 1749 3399 1750 3399 178 3399 178 3400 1750 3400 1751 3400 178 3401 1751 3401 179 3401 179 3402 1751 3402 1752 3402 179 3403 1752 3403 173 3403 173 3404 1752 3404 1753 3404 173 3405 1753 3405 174 3405 174 3406 1753 3406 1754 3406 174 3407 1754 3407 170 3407 170 3408 1754 3408 1755 3408 170 3409 1755 3409 171 3409 171 3410 1755 3410 1756 3410 171 3411 1756 3411 168 3411 168 3412 1756 3412 1757 3412 168 3413 1757 3413 166 3413 166 3414 1757 3414 1758 3414 166 3415 1758 3415 156 3415 156 3416 1758 3416 1759 3416 156 3417 1759 3417 157 3417 157 3418 1759 3418 1748 3418 157 3419 1748 3419 163 3419 163 3420 1748 3420 1712 3420 163 3421 1712 3421 164 3421 1708 3422 1709 3422 1760 3422 1760 3423 1709 3423 1710 3423 1710 3424 1748 3424 1760 3424 1760 3425 1748 3425 1759 3425 1760 3426 1759 3426 1761 3426 1761 3427 1759 3427 1758 3427 1761 3428 1758 3428 1762 3428 1762 3429 1758 3429 1757 3429 1762 3430 1757 3430 1763 3430 1763 3431 1757 3431 1756 3431 1763 3432 1756 3432 1764 3432 1764 3433 1756 3433 1755 3433 1764 3434 1755 3434 1765 3434 1765 3435 1755 3435 1754 3435 1765 3436 1754 3436 1766 3436 1766 3437 1754 3437 1753 3437 1766 3438 1753 3438 1767 3438 1767 3439 1753 3439 1752 3439 1767 3440 1752 3440 1768 3440 1768 3441 1752 3441 1751 3441 1768 3442 1751 3442 1769 3442 1769 3443 1751 3443 1750 3443 1769 3444 1750 3444 1770 3444 8 3445 7 3445 1708 3445 1749 3446 1771 3446 1750 3446 1750 3447 1771 3447 1772 3447 1750 3448 1772 3448 1770 3448 1770 3449 1772 3449 1773 3449 1770 3450 1773 3450 1774 3450 1708 3451 1760 3451 8 3451 8 3452 1760 3452 1761 3452 8 3453 1761 3453 25 3453 25 3454 1761 3454 1762 3454 25 3455 1762 3455 3 3455 3 3456 1762 3456 1763 3456 3 3457 1763 3457 4 3457 4 3458 1763 3458 1764 3458 4 3459 1764 3459 50 3459 50 3460 1764 3460 1765 3460 50 3461 1765 3461 39 3461 39 3462 1765 3462 1766 3462 39 3463 1766 3463 69 3463 69 3464 1766 3464 1767 3464 69 3465 1767 3465 67 3465 67 3466 1767 3466 1768 3466 67 3467 1768 3467 65 3467 65 3468 1768 3468 1769 3468 65 3469 1769 3469 13 3469 13 3470 1769 3470 1770 3470 13 3471 1770 3471 11 3471 11 3472 1770 3472 1774 3472 11 3473 1774 3473 9 3473 1775 3474 1776 3474 1777 3474 1735 3475 1776 3475 1736 3475 1736 3476 1776 3476 1775 3476 1736 3477 1775 3477 1721 3477 1721 3478 1775 3478 1722 3478 181 3479 1724 3479 1778 3479 1779 3480 1780 3480 1778 3480 181 3481 1778 3481 182 3481 182 3482 1778 3482 1780 3482 182 3483 1780 3483 175 3483 9 3484 1774 3484 1390 3484 1390 3485 1774 3485 1777 3485 1390 3486 1777 3486 1391 3486 1391 3487 1777 3487 1776 3487 1391 3488 1776 3488 1383 3488 1383 3489 1776 3489 1735 3489 1383 3490 1735 3490 78 3490 1774 3491 1773 3491 1777 3491 1777 3492 1773 3492 1779 3492 1777 3493 1779 3493 1775 3493 1775 3494 1779 3494 1778 3494 1775 3495 1778 3495 1722 3495 1722 3496 1778 3496 1724 3496 176 3497 175 3497 1749 3497 1749 3498 175 3498 1780 3498 1749 3499 1780 3499 1771 3499 1771 3500 1780 3500 1779 3500 1771 3501 1779 3501 1772 3501 1772 3502 1779 3502 1773 3502 183 3503 144 3503 184 3503 184 3503 144 3503 177 3503 184 3504 177 3504 186 3504 186 3505 177 3505 172 3505 186 3506 172 3506 203 3506 203 3507 172 3507 169 3507 203 3508 169 3508 214 3508 214 3509 169 3509 167 3509 214 3510 167 3510 218 3510 218 3511 167 3511 158 3511 218 3512 158 3512 189 3512 189 3513 158 3513 159 3513 189 3514 159 3514 190 3514 190 3514 159 3514 147 3514 190 3515 147 3515 192 3515 192 3516 147 3516 149 3516 192 3517 149 3517 195 3517 195 3518 149 3518 151 3518 195 3519 151 3519 200 3519 200 3520 151 3520 150 3520 200 3521 150 3521 207 3521 207 3522 150 3522 143 3522 207 3523 143 3523 183 3523 183 3524 143 3524 144 3524</p>
        </triangles>
      </mesh>
    </geometry>
  </library_geometries>
  <library_visual_scenes>
    <visual_scene id="Scene" name="Scene">
      <node id="F_prop" name="F_prop" type="NODE">
        <matrix sid="transform">1 0 0 0 0 1 0 0 0 0 1 0 0 0 0 1</matrix>
        <instance_geometry url="#F_prop-mesh" name="F_prop">
          <bind_material>
            <technique_common>
              <instance_material symbol="Material_001-material" target="#Material_001-material"/>
            </technique_common>
          </bind_material>
        </instance_geometry>
      </node>
    </visual_scene>
  </library_visual_scenes>
  <scene>
    <instance_visual_scene url="#Scene"/>
  </scene>
</COLLADA>