<?xml version="1.0" encoding="utf-8"?>
<COLLADA xmlns="http://www.collada.org/2005/11/COLLADASchema" version="1.4.1" xmlns:xsi="http://www.w3.org/2001/XMLSchema-instance">
  <asset>
    <contributor>
      <author>Blender User</author>
      <authoring_tool>Blender 3.6.23 commit date:2025-06-16, commit time:11:52, hash:e467db79ca8c</authoring_tool>
    </contributor>
    <created>2026-08-14T05:43:46</created>
    <modified>2026-08-14T05:43:46</modified>
    <unit name="meter" meter="1"/>
    <up_axis>Z_UP</up_axis>
  </asset>
  <library_effects>
    <effect id="Material_001-effect">
      <profile_COMMON>
        <technique sid="common">
          <lambert>
            <emission>
              <color sid="emission">0 0 0 1</color>
            </emission>
            <diffuse>
              <color sid="diffuse">0.0648032 0.06480321 0.06480327 1</color>
            </diffuse>
            <index_of_refraction>
              <float sid="ior">1.45</float>
            </index_of_refraction>
          </lambert>
        </technique>
      </profile_COMMON>
    </effect>
  </library_effects>
  <library_images/>
  <library_materials>
    <material id="Material_001-material" name="Material.001">
      <instance_effect url="#Material_001-effect"/>
    </material>
  </library_materials>
  <library_geometries>
    <geometry id="Prop_CCW-mesh" name="Prop_CCW">
      <mesh>
        <source id="Prop_CCW-mesh-positions">
          <float_array id="Prop_CCW-mesh-positions-array" count="5343">-0.007685482 0.004350304 -0.008538663 -0.007438421 0.004836976 -0.008632659 -0.008186459 0.003046572 -0.008772075 0.007273375 -0.004302263 -0.001355826 0.006015241 -0.005905628 -0.001479566 0.006753265 -0.004903793 -0.0033831 0.00849682 2.68581e-5 -0.001414537 0.008394718 0.001396894 -9.09512e-4 0.008475184 -5.40792e-4 -0.001062154 -0.007361829 -0.004161775 -0.001316249 -0.007220685 -0.004387378 -0.001454472 -0.006402134 -0.005498707 -0.001423358 -0.006476104 -0.005343675 -0.002326488 -0.005201518 -0.006625711 -0.001514375 -0.006205201 -0.005620062 -0.002689063 -0.005303919 -0.006346166 -0.004092752 -0.005250453 -0.00635159 -0.00457102 -0.005271375 -0.006324172 -0.004713118 -0.005217075 -0.005998015 -0.009489715 -0.005245804 -0.006384313 -0.004194319 -0.00531131 -0.00628215 -0.004845619 -0.005558848 -0.00604099 -0.005301952 -0.005677342 -0.005922913 -0.005479991 0.006996095 -0.00457412 -0.003303349 0.007800638 -0.003155589 -0.002791404 0.008111655 -0.002446055 -0.001211404 0.008097231 -0.002385854 -0.002460896 0.008461415 -6.43913e-4 -0.001692533 0.005944073 -0.005333065 -0.009459137 0.005861401 -0.005416274 -0.00942558 0.004360854 -0.006556332 -0.009552299 0.004921853 -0.006243228 -0.008851468 0.002534508 -0.007376313 -0.009613275 0.004496276 -0.006557822 -0.008489668 0.003431439 -0.007218837 -0.007317721 0.003234267 -0.007331311 -0.006969034 0.003195643 -0.007360577 -0.00680077 0.003213703 -0.007370054 -0.006588041 0.00323379 -0.007366299 -0.006531715 0.002550065 -0.00800395 -0.001637935 0.003259718 -0.007359683 -0.006478488 0.003296732 -0.007348716 -0.006420493 0.00319308 -0.007368683 -0.00671184 0.003197014 -0.007370591 -0.006667554 0.003200411 -0.007371008 -0.0066455 0.003204703 -0.007370948 -0.006623446 0.003206908 -0.007370829 -0.006613731 0.003209173 -0.00737065 -0.006604731 0.004457354 -0.006860554 -0.005005657 0.004679501 -0.006736695 -0.004773437 0.004409968 -0.007163763 -0.001575469 0.005641877 -0.006061851 -0.003931164 0.005879342 -0.005854547 -0.003772199 -0.0083642 -8.9697e-4 -0.009082138 -0.008462607 -3.41816e-4 -0.007634639 -0.008506536 0.001133561 -0.00892204 -0.008471369 0.001495301 -0.007958233 -0.008295059 0.002575755 -0.008176147 -0.006511509 -0.004981517 -0.006517827 -0.006760001 -0.00465244 -0.00676769 -0.006670594 -0.004568696 -0.00937438 -0.007434844 -0.003584444 -0.007274329 -0.007740199 -0.002834975 -0.009235858 -0.007742762 -0.002966821 -0.007390379 -0.008258283 -0.00148791 -0.007478833 -0.003448009 -0.007668197 -0.001599848 -0.003463506 -0.0070405 -0.009575188 -0.001495599 -0.008263647 -0.001650512 -0.001511156 -0.00763601 -0.009625852 5.42967e-4 -0.00837779 -0.001663446 5.27424e-4 -0.007750093 -0.009638786 0.007651031 -0.002958655 -0.009143769 0.007403433 -0.003424704 -0.009311795 0.008151471 -0.001634299 -0.00917232 -0.00727725 0.004459142 -6.37964e-4 -0.006019175 0.006062567 -5.14225e-4 -0.006764829 0.005370557 -0.002548158 -0.008502244 1.92171e-4 -0.001368403 -0.008398592 -0.001240015 -0.001084268 -0.008479058 6.9771e-4 -9.31658e-4 0.007357895 0.004318714 -6.77541e-4 0.007216334 0.004563093 -7.78206e-4 0.00639826 0.005655646 -5.70452e-4 0.006468653 0.005643784 -0.001486957 0.005197644 0.00678265 -4.79416e-4 0.006196439 0.005973398 -0.001800775 0.005289912 0.006909906 -0.003070116 0.005234658 0.006990075 -0.003541409 0.005254983 0.006985187 -0.003686189 0.005182087 0.007410287 -0.00845474 0.00523144 0.006963491 -0.003164231 0.005294442 0.006964445 -0.003823757 0.005540132 0.00679773 -0.00431317 0.005657851 0.006708979 -0.004507958 -0.00700742 0.00503242 -0.002520024 -0.007810473 0.003551006 -0.002233147 -0.00811553 0.002602994 -7.82416e-4 -0.008105993 0.002738952 -0.002026021 -0.008467733 8.98184e-4 -0.001538217 -0.003322839 0.008315205 -0.005870878 -0.003232181 0.008333802 -0.00562936 -0.002569496 0.008788585 -0.00833112 -0.003457605 0.008273661 -0.006084978 -0.005979061 0.006745338 -0.008485317 -0.00589621 0.006822288 -0.008439481 -0.004395842 0.007968544 -0.008392095 -0.004954159 0.007549524 -0.007746696 -0.004527151 0.007803797 -0.007341802 -0.003240287 0.008306741 -0.005330741 -0.003319323 0.00826168 -0.005179047 -0.002553939 0.008160889 -3.55837e-4 -0.003234922 0.008310377 -0.005348622 -0.003216326 0.008328318 -0.005478918 -0.003219306 0.008323311 -0.005430936 -0.003226459 0.008316636 -0.005384087 -0.00322932 0.00831443 -0.005370914 -0.003230929 0.008313238 -0.005363941 -0.003232836 0.008311867 -0.00535649 -0.004474639 0.007557809 -0.003853499 -0.004695892 0.007399082 -0.003642678 -0.004413843 0.007320702 -4.18339e-4 -0.005655229 0.006600439 -0.00291258 -0.005892097 0.006370782 -0.002787113 0.008329212 0.002309203 -0.008862316 0.008433103 0.001534461 -0.0075199 0.008471608 2.78688e-4 -0.009022414 0.008440017 -2.29402e-4 -0.008126914 0.008262515 -0.001262485 -0.00851047 0.006487727 0.005941808 -0.005683481 0.006735146 0.005655884 -0.005982697 0.006635606 0.005980968 -0.008570015 0.007407724 0.004680514 -0.006652772 0.007705211 0.004247248 -0.008708596 0.007714927 0.004088759 -0.006865203 0.008229732 0.002642035 -0.007185935 0.003444075 0.007825136 -3.93953e-4 0.003428578 0.008452773 -0.008369266 0.001491725 0.008420586 -3.43282e-4 0.001476168 0.009048283 -0.008318603 -5.46853e-4 0.008534729 -3.30328e-4 -5.62396e-4 0.009162366 -0.008305609 -0.00641936 0.003865301 3.16721e-4 -0.007159054 0.002227485 1.89264e-4 -0.002435207 0.001746237 1.42179e-4 -0.002984941 2.98288e-4 2.92932e-5 0.007192671 0.002179622 1.57523e-4 0.006493985 0.003741383 2.818e-4 0.002734899 0.001229584 9.14412e-5 0.005647242 0.004921019 3.76291e-4 0.001751959 0.002427995 1.87674e-4 -0.001232922 0.002726256 2.16967e-4 2.99666e-4 0.002975821 2.3362e-4 -4.80803e-4 0.007461369 5.88165e-4 0.004587888 0.005915462 4.56616e-4 0.003040611 0.006835281 5.32025e-4 0.001317918 0.007360696 5.76735e-4 0.00641936 -0.003865301 -3.16722e-4 0.007159054 -0.002227485 -1.89264e-4 0.002435207 -0.001746237 -1.42179e-4 0.002984941 -2.98288e-4 -2.92934e-5 -0.002251803 0.007131576 5.65657e-4 -0.003892838 0.006390213 5.10509e-4 -0.005309283 0.005280077 4.25903e-4 0.007479846 -5.46398e-4 -5.75803e-5 0.007408797 0.001163363 7.712e-5 0.007267713 0.00188446 1.3415e-4 0.005309283 -0.005280077 -4.25903e-4 0.001232922 -0.002726256 -2.16968e-4 0.003892838 -0.006390213 -5.10509e-4 -2.99666e-4 -0.002975821 -2.3362e-4 4.80803e-4 -0.007461369 -5.88165e-4 0.002251803 -0.007131576 -5.65657e-4 -0.001751959 -0.002427995 -1.87674e-4 -0.003040611 -0.006835281 -5.32025e-4 -0.001317918 -0.007360696 -5.76735e-4 -0.007192671 -0.002179622 -1.57523e-4 -0.006493985 -0.003741383 -2.81801e-4 -0.002734899 -0.001229584 -9.14414e-5 -0.005647242 -0.004921019 -3.76291e-4 -0.004587888 -0.005915462 -4.56617e-4 -0.007479846 5.46398e-4 5.758e-5 -0.007408797 -0.001163363 -7.71202e-5 -0.007267713 -0.00188446 -1.3415e-4 -0.003004372 0.001082837 -0.009939849 -0.00275433 -4.45004e-4 -0.01006054 -0.007384181 -6.29911e-4 -0.01006609 -0.00177139 -0.001643359 -0.01015681 -0.005889832 -0.003869652 -0.010324 -0.006833612 -0.002339899 -0.01020175 0.002965509 4.86303e-4 -0.00999844 0.002715468 0.00201416 -0.009877681 0.007345318 0.002199053 -0.009872138 0.001732528 0.003212571 -0.009781479 0.00585097 0.005438864 -0.009614288 0.00679475 0.003909111 -0.009736478 2.80237e-4 0.003760397 -0.009735524 0.00302118 0.007619857 -0.009437084 0.004568457 0.006700038 -0.009512484 -0.003882646 0.007192611 -0.00945729 -0.002271234 0.007916152 -0.009403467 -0.001252353 0.003510832 -0.009752154 -5.00232e-4 0.008246004 -0.009380936 0.001298487 0.008145272 -0.00939238 -3.19095e-4 -0.002191245 -0.01020276 -0.003060042 -0.006050705 -0.01050114 -0.004607319 -0.005130827 -0.01042574 -0.0052796 0.00611329 -0.009539484 -0.002454638 0.002530813 -0.009826958 -0.006436049 0.004656732 -0.009651899 -0.007509768 0.001161694 -0.009924829 -0.007227301 0.002849698 -0.009792566 -0.006567299 0.004429459 -0.009669482 0.003843784 -0.005623459 -0.01048099 0.002232372 -0.00634694 -0.01053476 0.00121349 -0.00194168 -0.01018607 4.61374e-4 -0.006676793 -0.01055729 -0.001337349 -0.00657612 -0.01054584 0.005240738 -0.004544138 -0.01039874 0.002415776 -9.61653e-4 -0.01011133 0.006375133 -0.003124535 -0.01028925 0.007470905 4.07434e-4 -0.0100134 0.007188439 -0.001280486 -0.01014572 0.006528437 -0.002860307 -0.01026874 -0.01390343 -0.004765868 -0.002465665 -0.01199644 -0.005025029 -0.002891182 -0.0119602 -0.004689693 -0.002598285 -0.01009315 -0.005339801 -0.003335356 -0.1218241 0.008198499 -0.003495335 -0.121089 0.007928967 -0.003485143 -0.1218054 0.00821495 -0.003422319 -0.1199206 0.007591545 -0.003392815 -0.111365 0.005261242 -0.003385663 -0.09718328 0.001655459 -0.003155708 -0.09709656 0.001634418 -0.00315392 -0.1123255 0.005549609 -0.003296077 -0.006977438 -0.005922555 -0.004086613 -0.005939841 -0.006122112 -0.004338979 -0.006846249 -0.005485534 -0.003311872 -0.009181797 -0.002596676 -0.001942813 -0.009214818 -0.002463877 -0.001959264 -0.01165258 -0.001692891 -0.002012133 -0.00488466 0.007565438 -0.004315137 -0.00368148 0.008255779 -0.005487203 -0.01109784 0.008842468 -0.007312059 -0.1181686 0.01730871 -0.00404638 -0.1191394 0.01541024 -0.003578245 -0.1113372 0.01547139 -0.003631412 -0.126406 0.01269489 -0.003663063 -0.1231938 0.01303762 -0.003209412 -0.1263756 0.01299786 -0.003661632 -0.1258344 0.01376122 -0.003712594 -0.1263617 0.01313894 -0.003681063 -0.121903 0.01665586 -0.003927767 -0.123596 0.01580083 -0.00384885 -0.123001 0.01500672 -0.003589808 -0.1244117 0.01517403 -0.003802239 -0.1247314 0.01432436 -0.003639757 -0.1205827 0.01699733 -0.003974854 -0.1211034 0.01531887 -0.003573954 -0.1107233 0.01796191 -0.004270613 -0.09572154 0.01546013 -0.003821611 -0.09591633 0.01907891 -0.004820227 -0.08125782 0.01979172 -0.005520105 -0.0801022 0.0151996 -0.004154801 -0.07888936 0.01985913 -0.005650043 -0.0665912 0.01995217 -0.006413578 -0.06448948 0.01459634 -0.00467956 -0.06292819 0.01988506 -0.006672799 -0.04294902 0.0184133 -0.008364915 -0.04906219 0.01914095 -0.007808923 -0.04890698 0.01352447 -0.005461752 -0.05161345 0.01934248 -0.00758028 -0.06201279 0.0198605 -0.006740093 -0.0273053 0.01369071 -0.009188175 -0.03191864 0.01553553 -0.009096801 -0.02577084 0.01144587 -0.008111774 -0.03323042 0.01399689 -0.007949531 -0.03349745 0.01116704 -0.006338596 -0.01566195 0.009483575 -0.008226454 -0.0161733 0.009578287 -0.008309125 -0.0183888 0.008739292 -0.007457494 -0.01980978 0.01041096 -0.008731663 -0.02210235 0.009944558 -0.007947802 -0.02026778 0.01054555 -0.008767187 -0.02299976 0.01166462 -0.00899434 -0.01082688 0.006755828 -0.004867255 -0.006359755 0.006529033 -0.003525912 -0.01075792 0.007548928 -0.005592882 -0.006113052 0.006713271 -0.003599524 -0.005115151 0.007415771 -0.004140555 -0.007588446 0.005345284 -0.003410696 -0.007295966 0.005739271 -0.0034343 -0.007260262 0.005785048 -0.003435671 -0.009318053 -0.001981496 -0.002022027 -0.009471535 8.91176e-6 -0.002346396 -0.01127207 0.002206206 -0.003006994 -0.009412288 7.72687e-4 -0.00250411 -0.007145345 -0.005222558 -0.003010332 -0.007984578 -0.004362106 -0.002323865 -0.008060276 -0.004510819 -0.002437174 -0.1251345 0.0106486 -0.003613352 -0.1240343 0.009505391 -0.00355488 -0.1235837 0.009167253 -0.003477632 -0.1235957 0.00915569 -0.003537774 -0.1235677 0.009317159 -0.00336939 -0.1235792 0.009208798 -0.003431558 -0.1264201 0.01255643 -0.00370115 -0.1251385 0.01065355 -0.003613591 -0.1264203 0.01255506 -0.00370264 -0.126421 0.01254904 -0.003714621 -0.1217999 0.00826621 -0.003366768 -0.1217865 0.008398473 -0.003291249 -0.1250538 0.0111922 -0.003387391 -0.1250976 0.01089394 -0.003454327 -0.1234933 0.01004129 -0.003181636 -0.1235433 0.009552478 -0.003285348 -0.1197985 0.008763432 -0.003002345 -0.1198659 0.008108556 -0.003138124 -0.1121714 0.007043421 -0.002817392 -0.1264173 0.01258373 -0.003686606 -0.1264186 0.01257115 -0.003691315 -0.06575053 0.001667618 -0.001531243 -0.06510639 0.008228182 -0.002693295 -0.08122372 0.003755271 -0.001904666 -0.08065235 0.009546935 -0.00265783 -0.09663808 0.006138682 -0.00229597 -0.09617203 0.01084673 -0.002752006 -0.1120007 0.008739173 -0.002693235 -0.1116638 0.01213437 -0.002938866 -0.119663 0.01009809 -0.002890467 -0.1193961 0.01277554 -0.003057479 -0.1233927 0.01103788 -0.00309354 -0.01091319 0.005863785 -0.004405438 -0.0185433 0.007056295 -0.006090223 -0.01109129 0.00405699 -0.003667652 -0.01887798 0.003485918 -0.003701448 -0.03734594 0.01720941 -0.008800566 -0.04064559 0.01798224 -0.00855571 -0.04115593 0.01261883 -0.005940556 -0.04177403 0.006157398 -0.003126084 -0.04954612 0.006877958 -0.00291264 -0.008937835 0.002778351 -0.00295782 -0.008567631 0.003679633 -0.003150761 -0.02642256 0.004485547 -0.003645539 -0.02227932 0.008029162 -0.006472408 -0.01846432 0.007908165 -0.006752073 -0.01459896 0.007985174 -0.006640195 -0.008192598 -0.00568968 -0.003791511 -0.008131861 -0.005155324 -0.003046691 -0.01002579 -0.004726171 -0.002719581 -0.01184213 -0.003570258 -0.002085804 -0.01192235 -0.004332065 -0.002398073 -0.008234798 -0.004064798 -0.00217241 -0.008677482 -0.003478765 -0.001983523 -0.01179844 -0.00315088 -0.001974523 -0.01175159 -0.002692878 -0.001911938 -0.01554387 -0.001909315 -0.00178796 -0.01544749 -9.231e-4 -0.002010941 -0.01925265 -4.37247e-4 -0.001920342 -0.03518885 -0.006356537 -2.54327e-4 -0.0273965 -0.005578279 -4.11976e-4 -0.0273621 -0.005236506 -3.84307e-4 -0.02349978 -0.00474894 -7.31691e-4 -0.0234695 -0.004448115 -7.11705e-4 -0.01963156 -0.004289805 -0.001254439 -0.01960545 -0.004031836 -0.001220941 -0.01579391 -0.004382491 -0.001933276 -0.01577162 -0.004166841 -0.001862883 -0.01386362 -0.00439006 -0.002221345 -0.02206283 -0.004760742 -0.001023948 -0.02741318 -0.005739986 -4.66554e-4 -0.02892875 -0.006165146 -5.15391e-4 -0.03524887 -0.006944298 -3.88357e-4 -0.03526455 -0.007086992 -5.32702e-4 -0.04294323 -0.00580722 -4.36901e-4 -0.03510779 -0.005545139 -2.57799e-4 -0.02729409 -0.004551887 -4.2818e-4 -0.02340984 -0.003846585 -7.59501e-4 -0.01955384 -0.003514647 -0.001229763 -0.01572716 -0.003730654 -0.001784205 -0.01563739 -0.002843499 -0.001729965 -0.01945245 -0.002488493 -0.00136578 -0.02329373 -0.002661705 -9.89466e-4 -0.04309552 -0.007308125 -6.69797e-4 -0.03967118 -0.007392287 -6.78576e-4 -0.03553211 -0.007113158 -5.38855e-4 -0.0505675 -0.00355041 -8.02942e-4 -0.04276919 -0.004055261 -5.40111e-4 -0.03494852 -0.003932893 -4.45727e-4 -0.02716135 -0.003200292 -6.67119e-4 -0.08185267 -0.001831769 -0.002761363 -0.08178311 -0.001775026 -0.002590656 -0.06640011 -0.00476998 -0.002167344 -0.06638908 -0.004677951 -0.001980781 -0.06092971 -0.005637109 -0.001899302 -0.05089735 -0.006819069 -0.001130878 -0.04955136 -0.007078468 -0.001229941 -0.0433554 -0.007441461 -8.55147e-4 -0.0352295 -0.006757616 -3.12307e-4 -0.04307502 -0.007112264 -5.74378e-4 -0.05087739 -0.006629884 -0.001018524 -0.0663715 -0.004514276 -0.001855313 -0.08176845 -0.001639902 -0.002470612 -0.09707874 0.001789391 -0.002912521 -0.1123175 0.005622267 -0.003219723 -0.04303127 -0.00668323 -4.84958e-4 -0.05083358 -0.006203651 -8.98894e-4 -0.06633138 -0.00412774 -0.001704514 -0.08173394 -0.001309871 -0.002317547 -0.0970512 0.002051293 -0.002777397 -0.1122979 0.005807876 -0.003117024 -0.05074459 -0.005323231 -7.9684e-4 -0.06624841 -0.003314018 -0.001536786 -0.08166176 -6.05937e-4 -0.002130389 -0.09699314 0.002615213 -0.002603709 -0.1122564 0.006210029 -0.002980649 -0.06608158 -0.001657307 -0.001408636 -0.08151555 8.38626e-4 -0.001941621 -0.09687495 0.003778874 -0.002408027 -0.1198988 0.007793128 -0.003249168 -0.1199142 0.007647991 -0.003332018 -0.04987782 0.003460943 -0.001916646 -0.03404849 0.005361199 -0.003373026 -0.02598172 0.009181082 -0.006541132 -0.01580256 -0.004583835 -0.002068161 -0.05021882 -2.23224e-5 -0.001198053 -0.04242819 -5.87185e-4 -0.001109719 -0.03433799 0.002343237 -0.002141714 -0.02307027 -3.55161e-4 -0.001703202 -0.02690482 -5.58093e-4 -0.001428663 -0.0346384 -7.60264e-4 -0.001153588 -0.008037447 -0.004300951 -0.002289474 -0.04883575 0.01665186 -0.007338643 -0.04917764 0.01316785 -0.006701409 -0.06470656 0.01432865 -0.005912661 -0.007306635 0.007033526 -0.007534742 -0.007351815 0.006584227 -0.007679998 -0.01120668 0.006696343 -0.007613599 -0.03943377 -0.007225155 -0.001000106 -0.0433411 -0.007265329 -0.001189708 -0.04332518 -0.007092654 -0.001325786 -0.124388 0.009940505 -0.003666043 -0.1235846 0.009277343 -0.00365138 -0.1235898 0.009222507 -0.003622114 -0.1250644 0.01116639 -0.003796637 -0.123514 0.009998798 -0.003830969 -0.1235617 0.009512901 -0.003729343 -0.08126229 0.01976835 -0.005617022 -0.07889413 0.01983517 -0.005746841 -0.0799781 0.0179041 -0.005450308 -0.02027863 0.01048982 -0.008849084 -0.01981914 0.01035469 -0.008813321 -0.01871532 0.008613049 -0.008039712 -0.008328378 -0.003161728 -0.006501078 -0.007963716 -0.003674268 -0.006459712 -0.01214343 -0.003104448 -0.005087912 -0.11237 0.005565106 -0.003469169 -0.09717929 0.001705467 -0.003255248 -0.1243932 0.009895563 -0.003641664 -0.1199429 0.007602512 -0.003528952 -0.08191788 -0.001759052 -0.002888381 -0.06657087 -0.004680275 -0.002320647 -0.05112808 -0.006861865 -0.001490235 -0.04335248 -0.007396519 -0.001015782 -0.03553128 -0.007089436 -6.92812e-4 -0.03162026 -0.00661534 -6.3291e-4 -0.005657732 -0.006175994 -0.004407525 -0.005654513 -0.006181776 -0.004341542 -0.005784571 -0.006152987 -0.004359841 -0.005656778 -0.006166815 -0.004506587 -0.01232409 -0.004999935 -0.002909123 -0.01229077 -0.004635035 -0.003613114 -0.00594455 -0.005926191 -0.004945695 -0.01231849 -0.004928648 -0.003168106 -0.005694925 -0.006134927 -0.004615902 -0.01232337 -0.004983842 -0.003043889 -0.005666017 -0.00615406 -0.004570066 -0.007215678 -0.004601895 -0.006139993 -0.006949245 -0.004906713 -0.005951762 -0.01222324 -0.003935277 -0.004412412 -0.00606817 -0.0058133 -0.005093634 -0.00929737 0.001738786 -0.006972908 -0.009227752 -2.99702e-4 -0.006679892 -0.01205378 -0.002154231 -0.00550121 -0.008960425 -0.001580178 -0.00654447 -0.008500158 -0.002901732 -0.006491005 -0.008507072 0.004908621 -0.007514595 -0.009133875 0.002945184 -0.007176101 -0.011684 0.00174123 -0.006557464 -0.007998108 0.005905866 -0.00767827 -0.01130235 0.005709588 -0.007452905 -0.00797379 0.005932986 -0.007683157 -0.007579922 0.006333291 -0.00770992 -0.006724834 0.006996095 -0.007540345 -0.006611108 0.00707072 -0.007499933 -0.007267475 0.007415831 -0.007329702 -0.005618333 0.007642865 -0.006990671 -0.01565867 0.009427607 -0.008306801 -0.01480984 0.009283065 -0.008159101 -0.01494586 0.007900655 -0.00778979 -0.01108425 0.008805036 -0.007389366 -0.01112252 0.007551014 -0.007555484 -0.009074687 0.008631646 -0.006912052 -0.01617145 0.009521722 -0.008389532 -0.03351134 0.01387709 -0.008360862 -0.03193747 0.0154922 -0.009184718 -0.02606832 0.01133841 -0.008496224 -0.02732551 0.01364314 -0.009273529 -0.02301836 0.01161241 -0.00907731 -0.04296296 0.01837712 -0.008456945 -0.04111695 0.01565301 -0.007922649 -0.03736239 0.01716995 -0.008890807 -0.03331017 0.0159648 -0.009126842 -0.06438106 0.01762151 -0.00627464 -0.06293588 0.01985675 -0.006768286 -0.06202071 0.01983189 -0.00683546 -0.051624 0.01931017 -0.007674157 -0.04907357 0.01910752 -0.007902324 -0.06659811 0.01992499 -0.006509423 -0.09591913 0.01905864 -0.00491786 -0.09559822 0.01767963 -0.0048092 -0.1107251 0.01794487 -0.004368782 -0.1113958 0.01539415 -0.00430268 -0.1191724 0.01535421 -0.004109799 -0.11817 0.01729339 -0.004144847 -0.1211299 0.01526808 -0.00405693 -0.1205831 0.01698267 -0.004073321 -0.1219019 0.01664155 -0.004026234 -0.1230192 0.01496416 -0.003987312 -0.1235921 0.0157873 -0.003947019 -0.1244066 0.01516121 -0.00390011 -0.12474 0.01429754 -0.00389117 -0.125829 0.01375091 -0.003809809 -0.1232182 0.01297336 -0.004041135 -0.1263644 0.01312172 -0.003778457 -0.05086708 -0.00411576 -0.002853095 -0.06631851 -0.002044498 -0.003442585 -0.06600493 0.00117135 -0.004237592 -0.08169227 5.8568e-4 -0.003776609 -0.08141368 0.003429949 -0.004347622 -0.09699416 0.003623127 -0.003918409 -0.09676653 0.005939066 -0.004307627 -0.1122353 0.006955385 -0.00391525 -0.1120705 0.008628308 -0.004155993 -0.1197042 0.01002031 -0.004047632 -0.1198355 0.008700549 -0.003870546 -0.1234165 0.01098436 -0.00395888 -0.1198997 0.008050203 -0.003731548 -0.1218174 0.008280038 -0.003598153 -0.1227262 0.008692383 -0.003607928 -0.1227206 0.008754372 -0.003640949 -0.1251075 0.01086992 -0.003733098 -0.1264193 0.01256793 -0.003730714 -0.1264196 0.01256525 -0.003729403 -0.1258117 0.0115748 -0.003678023 -0.1264207 0.01255303 -0.003720521 -0.1264159 0.01260262 -0.003741323 -0.1264086 0.01267749 -0.003755807 -0.01929563 0.002559363 -0.005691587 -0.02682226 0.003512322 -0.005637228 -0.01967054 -0.001386344 -0.003868818 -0.01232475 -0.005001306 -0.002978146 -0.01608151 -0.004607319 -0.002145051 -0.01613599 -0.004603326 -0.002160429 -0.02368468 -0.003519117 -0.002297699 -0.01984584 -0.003249228 -0.002728104 -0.01992619 -0.004109978 -0.002056956 -0.01612937 -0.004524052 -0.002342402 -0.01613461 -0.004585146 -0.002224266 -0.02731108 -0.001594722 -0.00344634 -0.02348554 -0.001406013 -0.003520786 -0.01975989 -0.002335309 -0.003330707 -0.01996892 -0.004587471 -0.001485466 -0.02003335 -0.004591882 -0.001471757 -0.02383053 -0.005106568 -0.001010835 -0.02382785 -0.005072772 -0.00107938 -0.02771353 -0.005877137 -8.41875e-4 -0.0238198 -0.004980206 -0.001200616 -0.02770322 -0.005761265 -9.70887e-4 -0.02765321 -0.005218625 -0.001402974 -0.02383059 -0.005114674 -9.36326e-4 -0.02771902 -0.005947172 -6.86747e-4 -0.02771747 -0.005924165 -7.68192e-4 -0.0316177 -0.006581127 -7.19972e-4 -0.03161275 -0.006523728 -7.96649e-4 -0.03552198 -0.00698024 -8.61872e-4 -0.03550821 -0.006828606 -9.98112e-4 -0.01996719 -0.004564404 -0.001549959 -0.01996093 -0.004491627 -0.001666426 -0.02377814 -0.004523694 -0.001605212 -0.02754324 -0.004045724 -0.002143263 -0.03530752 -0.004702329 -0.002201378 -0.0350216 -0.001712799 -0.003509759 -0.04278218 -0.001426517 -0.003694653 -0.0505402 -7.39943e-4 -0.003925561 -0.04310005 -0.00472635 -0.002479374 -0.03544449 -0.006147384 -0.001446306 -0.04334801 -0.00734204 -0.001110911 -0.03944021 -0.007297456 -9.21489e-4 -0.03552782 -0.007045984 -7.83254e-4 -0.1218113 0.008346915 -0.003633916 -0.1199305 0.007735073 -0.00362581 -0.1199375 0.007661759 -0.003586351 -0.1123544 0.005732595 -0.003593206 -0.1123632 0.005639791 -0.003542661 -0.09715813 0.001934111 -0.003433108 -0.09717017 0.001806855 -0.003359973 -0.08189243 -0.00148195 -0.003114879 -0.08190697 -0.001636803 -0.003020405 -0.06654274 -0.004372477 -0.002589643 -0.06655889 -0.004545331 -0.002475559 -0.05109947 -0.006545901 -0.001792371 -0.05111604 -0.006724536 -0.001661479 -0.1123159 0.00613141 -0.003731191 -0.0971052 0.002484321 -0.003636479 -0.08182793 -8.09847e-4 -0.003385543 -0.06647068 -0.003617703 -0.002928853 -0.05102503 -0.005760729 -0.002200484 -0.1263935 0.01282984 -0.003772914 -0.04325324 -0.006329894 -0.001761674 -0.1194381 0.01268571 -0.004170119 -0.1117345 0.01200807 -0.00434482 -0.09630173 0.01062726 -0.004684031 -0.08084321 0.009202897 -0.005002081 -0.06536066 0.0077219 -0.005288481 -0.04986542 0.006170392 -0.005527675 -0.04212379 0.005350232 -0.005609631 -0.03442573 0.004460453 -0.005652904 -0.01890659 0.006617188 -0.007265508 -0.02631813 0.008742451 -0.00751841 -0.02240914 0.009833097 -0.00831139 -0.01116269 0.007144987 -0.007601857 -0.009197592 0.007465898 -0.007441997 -0.007201373 0.008034825 -0.006859481 -0.005167305 0.007858514 -0.00667113 -0.004030823 0.008281767 -0.005617678 -0.00715053 0.008494555 -0.006427049 -0.04145115 0.01222991 -0.007119715 -0.03381466 0.01075035 -0.007428944 -0.0802657 0.0150085 -0.005270898 -0.09583216 0.01533192 -0.004742801 -0.1263558 0.01320457 -0.003744184 -0.1263554 0.01320755 -0.003735601 -0.1258614 0.01378226 -0.003765642 -0.1263558 0.01320165 -0.003712534 -0.1263566 0.01319259 -0.003702938 -0.1258492 0.01377373 -0.003724217 -0.126358 0.01317811 -0.003693461 -0.1263554 0.01320749 -0.003725528 -0.1258589 0.01378124 -0.003743231 -0.1263556 0.01320397 -0.00371617 -0.1263585 0.01317971 -0.00376594 -0.1263567 0.0131967 -0.003754436 -0.1258564 0.0137766 -0.003786921 -0.1263603 0.01316207 -0.003772616 -0.003870427 0.00827223 -0.005569636 -0.01108348 0.008821904 -0.007384836 -0.01108419 0.008836269 -0.007374942 -0.003844916 0.00827068 -0.005561828 -0.003759503 0.008265256 -0.005534768 -0.01108634 0.008846461 -0.007360875 -0.003697335 0.008261024 -0.005513846 -0.003677845 0.008259534 -0.005506753 -0.01108962 0.00885111 -0.007344365 -0.003646612 0.008256971 -0.005493938 -0.01109361 0.00884974 -0.007327377 -0.003636777 0.00825566 -0.005487263 -0.003638505 0.008256077 -0.005489587 -0.003634929 0.008255481 -0.005486309 -0.003636598 0.008255004 -0.005483984 -0.1244252 0.01518911 -0.003813922 -0.1236082 0.0158177 -0.003860414 -0.1219104 0.016676 -0.003939092 -0.1205871 0.01701849 -0.003986179 -0.118171 0.01733022 -0.004057824 -0.1107255 0.01798343 -0.004282295 -0.09591823 0.01910036 -0.004832506 -0.08125919 0.019813 -0.005533039 -0.07889062 0.01988029 -0.005663096 -0.06659191 0.01997298 -0.006427347 -0.06292867 0.01990574 -0.006686866 -0.06201326 0.01988112 -0.006754219 -0.05161327 0.01936256 -0.007595241 -0.04906183 0.0191608 -0.007824122 -0.04294723 0.01843249 -0.008380889 -0.03734236 0.01722747 -0.008817493 -0.03735631 0.01719403 -0.008894085 -0.04295903 0.0184018 -0.008459031 -0.04907155 0.01913243 -0.007903397 -0.05162227 0.01933509 -0.007674932 -0.06201994 0.01985687 -0.006835043 -0.06293523 0.01988172 -0.006767809 -0.06659775 0.01994997 -0.006508588 -0.07889467 0.01986002 -0.005745053 -0.081263 0.01979315 -0.005615115 -0.09592062 0.01908326 -0.004915058 -0.110727 0.01796913 -0.004364967 -0.1181721 0.01731741 -0.004140436 -0.1205874 0.01700621 -0.004068613 -0.1219095 0.01666402 -0.004021227 -0.1236049 0.01580649 -0.003941476 -0.1244211 0.01517856 -0.00389415 -0.1258448 0.01376539 -0.003802716 -0.03191339 0.0155521 -0.009114682 -0.0272988 0.01370567 -0.00920701 -0.02299153 0.01167762 -0.009013772 -0.02026212 0.01055914 -0.008786857 -0.01980435 0.01042443 -0.008751332 -0.01616805 0.009589791 -0.008328318 -0.01565676 0.009494662 -0.008245468 -0.1244342 0.01519817 -0.003833532 -0.1236163 0.01582801 -0.003880202 -0.1219155 0.01668858 -0.003959178 -0.1205903 0.01703178 -0.004006385 -0.1181728 0.01734375 -0.004078149 -0.1107273 0.01799678 -0.004302918 -0.0959199 0.01911324 -0.004853665 -0.08126074 0.01982533 -0.005554616 -0.07889211 0.01989251 -0.005684792 -0.06659328 0.01998454 -0.00644946 -0.06293004 0.01991707 -0.006709098 -0.06201457 0.01989239 -0.006776452 -0.05161452 0.01937288 -0.00761801 -0.04906302 0.01917088 -0.007847011 -0.0429477 0.01844173 -0.008404195 -0.03734189 0.01723551 -0.008841156 -0.03191202 0.01555854 -0.009138762 -0.02729672 0.01371037 -0.009231328 -0.02298796 0.01168036 -0.00903809 -0.02025938 0.01056194 -0.008811116 -0.01980167 0.01042717 -0.008775532 -0.01616424 0.009591341 -0.008350908 -0.01565277 0.009496092 -0.008267641 -0.1244366 0.01519936 -0.003856718 -0.1236186 0.01582944 -0.003903806 -0.1219172 0.01669073 -0.003983259 -0.1205915 0.01703411 -0.004030644 -0.1181737 0.01734602 -0.004102528 -0.1107283 0.01799863 -0.004327476 -0.09592103 0.01911443 -0.004878401 -0.08126211 0.01982569 -0.005579531 -0.07889354 0.01989275 -0.005709648 -0.06659501 0.01998394 -0.006474375 -0.06293189 0.01991617 -0.006733953 -0.06201642 0.01989144 -0.006801366 -0.05161684 0.01937097 -0.007642805 -0.04906553 0.01916867 -0.007871806 -0.04295033 0.01843869 -0.008428871 -0.03734457 0.01723146 -0.008865714 -0.03191483 0.01555323 -0.009163022 -0.02729952 0.01370376 -0.009255111 -0.02298992 0.01167231 -0.009061396 -0.02026033 0.0105533 -0.008834064 -0.01980233 0.01041841 -0.00879836 -0.01616251 0.009582698 -0.008372068 -0.0156508 0.009487628 -0.008288502 -0.1244319 0.01519227 -0.003878533 -0.1236145 0.01582169 -0.003925859 -0.1219151 0.01668184 -0.00400573 -0.1205905 0.01702481 -0.004053175 -0.1181735 0.01733648 -0.004125118 -0.1107281 0.01798862 -0.004349946 -0.09592127 0.01910352 -0.004900693 -0.08126288 0.01981401 -0.005601465 -0.07889443 0.01988095 -0.005731582 -0.06659662 0.01997137 -0.006495833 -0.06293374 0.01990336 -0.006755292 -0.06201839 0.0198785 -0.006822645 -0.0516197 0.0193572 -0.007663488 -0.04906857 0.01915466 -0.00789231 -0.0429545 0.01842415 -0.008448839 -0.03734987 0.01721638 -0.008884906 -0.03192114 0.01553755 -0.00918132 -0.02730649 0.01368737 -0.009272515 -0.0229969 0.01165533 -0.009077966 -0.02026462 0.01053529 -0.008850216 -0.01980614 0.01040035 -0.008814454 -0.0161634 0.009565651 -0.008387446 -0.01565128 0.009470939 -0.008303761 -0.03192937 0.01551532 -0.009189248 -0.02731591 0.01366537 -0.009279191 -0.02300721 0.01163357 -0.009083747 -0.02027124 0.01051229 -0.00885564 -0.01981222 0.01037728 -0.008819878 -0.01616656 0.009543776 -0.008393704 -0.01565408 0.009449481 -0.008310317 0.03524923 0.006930291 5.66207e-4 0.02892839 0.006178677 3.43339e-4 0.02741295 0.005750656 3.3093e-4 0.02206015 0.004869043 -3.52064e-4 0.02573573 -0.01002818 -0.009902238 0.03319513 -0.01257085 -0.01016992 0.0334692 -0.01002776 -0.008137226 0.1251163 -0.0099141 -0.005719423 0.1235621 -0.00852096 -0.005308568 0.1235508 -0.008637666 -0.005264103 0.1218072 -0.007513642 -0.005206704 0.1210722 -0.007249236 -0.005151689 0.1217887 -0.007541298 -0.005137145 0.1199042 -0.006930768 -0.005003154 0.1113495 -0.00463289 -0.004598438 0.09716981 -0.001111805 -0.003752291 0.09708315 -0.001091301 -0.003746926 0.1123102 -0.00493139 -0.004558801 0.006963372 0.006491065 -0.003136754 0.00592488 0.006727337 -0.003350853 0.006835043 0.005938231 -0.002439439 0.009174942 0.002871394 -0.00154823 0.009207904 0.002742826 -0.001585364 0.01164519 0.001990377 -0.001767635 0.0161218 -0.008152961 -0.00976473 0.01976317 -0.008908271 -0.01032829 0.01835715 -0.007459461 -0.008803963 0.04331636 -0.01693475 -0.0112856 0.048204 -0.01758426 -0.01095652 0.04888129 -0.01248866 -0.007699608 0.126387 -0.01192706 -0.006093502 0.1231765 -0.0123375 -0.00568664 0.1263566 -0.01222652 -0.006139338 0.1261677 -0.01257622 -0.006224036 0.1263425 -0.01236283 -0.006180644 0.122187 -0.01568973 -0.006928443 0.1229259 -0.01535475 -0.006844639 0.1229816 -0.01422286 -0.00636965 0.1245936 -0.01418197 -0.006572127 0.124712 -0.01354062 -0.006318926 0.1250882 -0.01372605 -0.006470501 0.1203336 -0.01616877 -0.00706464 0.1210839 -0.01453429 -0.006395459 0.09570127 -0.01464277 -0.006563842 0.1135544 -0.01680624 -0.007339894 0.1113176 -0.01467889 -0.006438255 0.1184431 -0.01639932 -0.007150352 0.11912 -0.01462447 -0.006406366 0.08008086 -0.01433807 -0.006791651 0.08370196 -0.0185945 -0.008730411 0.09863853 -0.01789784 -0.007987499 0.06408524 -0.01861709 -0.009869098 0.06501859 -0.01864463 -0.00981009 0.06446641 -0.01366496 -0.00715512 0.06875312 -0.01872301 -0.009579062 0.08131021 -0.01865792 -0.008858621 0.05799454 -0.01835352 -0.01026755 0.02206838 -0.008572101 -0.009491205 0.0202136 -0.009033143 -0.01038521 0.02293986 -0.01009678 -0.0107938 0.01073384 -0.006577789 -0.00674659 0.01080584 -0.005907893 -0.005906105 0.006344079 -0.005895137 -0.004528522 0.006097018 -0.006065666 -0.004629075 0.005096793 -0.006675183 -0.005269467 0.01102846 -0.007583737 -0.008638918 0.004865586 -0.006795823 -0.005464434 0.003657698 -0.007294654 -0.00672537 0.007573544 -0.004743576 -0.004234254 0.007280826 -0.005129158 -0.004318118 0.007245123 -0.00517416 -0.004326462 0.009310781 0.002276241 -0.001723229 0.009462356 3.6115e-4 -0.002355575 0.01125967 -0.001705229 -0.003358721 0.009402275 -3.6857e-4 -0.002630591 0.007135272 0.005631387 -0.002183914 0.00797683 0.004674375 -0.001643776 0.00805217 0.004839003 -0.001732707 0.06656795 0.005042731 -0.001664936 0.06638234 0.004950463 -0.001481711 0.08184194 0.002266168 -0.002757847 0.08177298 0.002183437 -0.002597928 0.1235783 -0.008451819 -0.005405247 0.1235665 -0.008472681 -0.005347609 0.1240167 -0.008794426 -0.00547856 0.126401 -0.01178431 -0.006109535 0.1251204 -0.009918987 -0.005720436 0.1264012 -0.0117827 -0.006110787 0.1264019 -0.01177489 -0.006121695 0.1217834 -0.007600605 -0.005090236 0.1217703 -0.00774306 -0.005036294 0.1250362 -0.01048636 -0.005580902 0.12508 -0.0101813 -0.005600571 0.123477 -0.009382307 -0.005191683 0.1235267 -0.008883237 -0.00521779 0.1197833 -0.008149325 -0.004800319 0.1198503 -0.007481276 -0.004832267 0.1121575 -0.006481766 -0.004319071 0.1263982 -0.01181358 -0.006099462 0.1263996 -0.01179879 -0.006102621 0.06574362 -0.001387476 -0.002027928 0.06509292 -0.00768572 -0.004199504 0.0812146 -0.003386318 -0.002783358 0.08063858 -0.008989036 -0.004431009 0.09662657 -0.005674481 -0.003602325 0.09615737 -0.01025336 -0.004787504 0.1119868 -0.008176088 -0.00446099 0.1116479 -0.01149117 -0.005233466 0.1196478 -0.009485065 -0.004898071 0.1193794 -0.01210355 -0.005480885 0.1233764 -0.01038038 -0.005260109 0.01089423 -0.005099117 -0.005310714 0.01851743 -0.006011068 -0.007190883 0.01107573 -0.003429949 -0.004300057 0.01886242 -0.002858221 -0.004274308 0.04953235 -0.006322562 -0.004144608 0.04175972 -0.005579829 -0.004212617 0.04112875 -0.01152163 -0.00800085 0.03787696 -0.01575994 -0.01151484 0.0325368 -0.01414299 -0.01155108 0.02718603 -0.01204293 -0.01131659 0.008925497 -0.002278745 -0.003390669 0.00855422 -0.00313878 -0.00372076 0.02640688 -0.00385195 -0.004404723 0.0222516 -0.006910979 -0.007735013 0.01843565 -0.006748914 -0.007977545 0.01457071 -0.006843626 -0.007864058 0.01559418 -0.008070111 -0.009662806 0.008179605 0.006215274 -0.002886474 0.008121609 0.005570948 -0.00223416 0.01008182 0.005798935 -0.00249803 0.01001662 0.005096495 -0.001985549 0.0119515 0.005042076 -0.001878976 0.01389527 0.00509715 -0.001743614 0.01231157 0.00535959 -0.002051711 0.01198673 0.005419135 -0.002115905 0.01183503 0.003856182 -0.001547455 0.01191431 0.004657506 -0.001737058 0.008227527 0.004357099 -0.001541674 0.008669912 0.003750145 -0.001448512 0.0117917 0.003424525 -0.00150299 0.01174491 0.00296241 -0.001512646 0.01553744 0.002170264 -0.001527488 0.01543986 0.001231014 -0.001901566 0.0192452 7.38142e-4 -0.001902818 0.0351895 0.006328761 6.06872e-4 0.02739638 0.005582392 3.59605e-4 0.02736198 0.005240499 3.33606e-4 0.02349817 0.004812121 -7.08085e-5 0.02346795 0.004511833 -9.80163e-5 0.01962786 0.004439175 -6.43995e-4 0.01960182 0.004179179 -6.51156e-4 0.0157876 0.00463581 -0.001285076 0.01576554 0.004411756 -0.001249134 0.01385623 0.004687726 -0.001560926 0.042943 0.005817174 3.10576e-4 0.0351082 0.005527913 4.76827e-4 0.02729362 0.004571139 1.83436e-4 0.02340793 0.003925144 -2.39092e-4 0.01955002 0.003669738 -7.40569e-4 0.01572126 0.003968596 -0.001239538 0.01563143 0.003083944 -0.001324415 0.01944774 0.00267744 -0.001035034 0.02329051 0.002790808 -6.51126e-4 0.04309481 0.00733608 3.14758e-4 0.03967052 0.007419466 3.3251e-4 0.03553193 0.007120728 4.42883e-4 0.05056512 0.003647685 -4.33535e-4 0.042768 0.004102885 -6.47529e-5 0.03494775 0.003964841 3.96229e-5 0.02715957 0.003273546 -2.63476e-4 0.06639266 0.005070567 -0.001651704 0.06092363 0.005883395 -0.00123012 0.05089467 0.006927549 -2.47376e-4 0.04954838 0.00719887 -2.99435e-4 0.04335403 0.007496833 1.51543e-4 0.0352301 0.006734013 6.12198e-4 0.0430746 0.007127642 3.78435e-4 0.05087506 0.006723105 -1.65933e-4 0.06636518 0.004769146 -0.001383423 0.08175873 0.002031147 -0.002500414 0.09706616 -0.001282155 -0.003532648 0.1123024 -0.005015134 -0.004494726 0.04303109 0.006689965 3.99813e-4 0.05083161 0.006283402 -1.14273e-4 0.06632554 0.004363775 -0.001294732 0.08172476 0.001681208 -0.002400755 0.0970391 -0.001561999 -0.003440022 0.1122832 -0.005214512 -0.004422187 0.05074274 0.005397796 -1.5086e-4 0.06624299 0.00353384 -0.001256048 0.08165311 9.56646e-4 -0.002325713 0.09698158 -0.002146124 -0.003356516 0.1122421 -0.005633056 -0.004350244 0.06607615 0.001877427 -0.001388013 0.0815072 -4.99704e-4 -0.002364695 0.09686374 -0.003326058 -0.003344774 0.119883 -0.007152318 -0.004892766 0.1198981 -0.006996035 -0.004951894 0.04986894 -0.003103256 -0.00262767 0.03403353 -0.004757165 -0.004302084 0.02595341 -0.008036851 -0.007997453 0.01579582 0.004855751 -0.001386821 0.05021381 2.24782e-4 -0.001374363 0.04242378 7.66497e-4 -0.001168549 0.03432869 -0.00196886 -0.002614915 0.0230636 6.24268e-4 -0.001716017 0.02689921 7.82922e-4 -0.001428008 0.03463393 9.41928e-4 -0.001154601 0.008029818 0.004608631 -0.001619637 0.04880189 -0.01528394 -0.01004236 0.0491473 -0.01194244 -0.00886923 0.06467878 -0.01320761 -0.008331954 0.007275283 -0.005765974 -0.008570492 0.007319986 -0.005299508 -0.008643865 0.01117509 -0.005419433 -0.008610725 0.03943181 0.007304668 -1.03234e-5 0.04333835 0.00737524 -2.06421e-4 0.0433219 0.00722593 -3.67777e-4 0.1243699 -0.009206712 -0.005657732 0.1235667 -0.00855422 -0.005536437 0.1235721 -0.008504688 -0.005499005 0.1250454 -0.01039683 -0.005981147 0.1234952 -0.009238719 -0.005826413 0.1235435 -0.008774757 -0.005650162 0.1250822 -0.01369899 -0.006564974 0.124588 -0.01415419 -0.00666666 0.1247196 -0.01347476 -0.006563067 0.02022409 -0.008965253 -0.01045745 0.01977217 -0.008839964 -0.01040017 0.0186814 -0.007243633 -0.009360551 0.008304059 0.004142343 -0.005958616 0.007939755 0.004642009 -0.005836188 0.01212459 0.003865838 -0.004586637 0.112354 -0.004919648 -0.00473231 0.0971654 -0.001145601 -0.003858387 0.1243751 -0.009166121 -0.005626738 0.119926 -0.006920278 -0.00513941 0.06656277 0.005005955 -0.001817762 0.08190661 0.002214193 -0.002894937 0.05112403 0.007026076 -5.96526e-4 0.04335051 0.007477581 -1.41772e-5 0.03553044 0.007121324 2.87111e-4 0.0316196 0.00664258 2.87266e-4 0.005642533 0.006791174 -0.003408968 0.005639493 0.006786525 -0.003342926 0.005769491 0.006761014 -0.003365993 0.005641162 0.006797611 -0.003508329 0.01231426 0.00539726 -0.002138853 0.01227807 0.00514698 -0.002891123 0.005927145 0.006628751 -0.003980755 0.01230764 0.005367279 -0.002405762 0.005678892 0.006783187 -0.003621339 0.012313 0.005402386 -0.002274453 0.005650162 0.006794929 -0.003573 0.007193207 0.005507946 -0.005372405 0.006927609 0.005779445 -0.005137801 0.01220726 0.004580795 -0.003789782 0.006050169 0.006540358 -0.004144966 0.009269773 -6.23749e-4 -0.007195055 0.009201884 0.001343786 -0.006586492 0.01203304 0.002991974 -0.005143165 0.008935511 0.002587199 -0.006251335 0.00847584 0.003884017 -0.005990028 0.008476436 -0.003670036 -0.008222877 0.009105145 -0.001783549 -0.007583796 0.01165801 -6.90411e-4 -0.006794333 0.007966518 -0.004629552 -0.008538544 0.01127165 -0.004469931 -0.008298099 0.00794214 -0.004655599 -0.008547484 0.007548093 -0.005046904 -0.008635044 0.006693422 -0.005728363 -0.008567929 0.006579875 -0.005808413 -0.008539259 0.007236778 -0.006175696 -0.008427679 0.005588889 -0.006453514 -0.008121907 0.01559048 -0.00800234 -0.009733438 0.01477533 -0.007887899 -0.009568154 0.0149132 -0.006580233 -0.008987665 0.01101452 -0.00753498 -0.008709311 0.01109087 -0.006272733 -0.00868678 0.009045183 -0.007441341 -0.008212327 0.01611959 -0.008084535 -0.009835302 0.02603173 -0.009861767 -0.0102663 0.02720594 -0.0119825 -0.01139348 0.02295815 -0.01003223 -0.01086759 0.03255492 -0.01408684 -0.0116316 0.03347444 -0.01238811 -0.01055854 0.0332697 -0.01433032 -0.01164084 0.03789281 -0.01570719 -0.01159816 0.04108119 -0.01420837 -0.01043295 0.04332977 -0.01688486 -0.01137101 0.04821532 -0.01753634 -0.01104336 0.06502544 -0.01860231 -0.009900271 0.06409233 -0.01857459 -0.009959161 0.0643509 -0.01640331 -0.009203374 0.058003 -0.01830917 -0.01035654 0.07995092 -0.01680666 -0.008493781 0.09557348 -0.01668047 -0.007885992 0.09864073 -0.01786309 -0.008081018 0.08370578 -0.01855677 -0.008822739 0.08131432 -0.01861965 -0.008950769 0.06875926 -0.0186817 -0.00966978 0.09580838 -0.01437199 -0.007454037 0.1113736 -0.01449757 -0.007089376 0.1135556 -0.01677471 -0.007434427 0.1191509 -0.01448595 -0.006922721 0.118444 -0.01636886 -0.007245182 0.1211086 -0.01440852 -0.006864666 0.1203337 -0.01613879 -0.00715959 0.1221851 -0.01566028 -0.007023394 0.1229983 -0.01411867 -0.00675565 0.1229228 -0.01532566 -0.006939589 0.1261625 -0.01255232 -0.006318688 0.1231977 -0.0121439 -0.006498157 0.1263448 -0.01233059 -0.006274163 0.05085688 0.004526972 -0.002371132 0.06630527 0.002578079 -0.003337204 0.06598764 -4.73938e-4 -0.004624307 0.0816769 3.72285e-5 -0.004138171 0.08139514 -0.002682805 -0.005145967 0.09697711 -0.002935945 -0.004812657 0.09674727 -0.005162596 -0.00555849 0.1122172 -0.006223082 -0.005389869 0.1120508 -0.007837772 -0.00588876 0.1196845 -0.009227216 -0.006029009 0.1198169 -0.007951378 -0.005648195 0.1233968 -0.01019215 -0.006106495 0.1198819 -0.007330775 -0.005409419 0.1218 -0.007578074 -0.005321025 0.1227086 -0.007983565 -0.00539869 0.1227029 -0.008039593 -0.00544095 0.1250888 -0.01011395 -0.00587213 0.1264001 -0.01179105 -0.00614053 0.1264003 -0.0117886 -0.006138861 0.1257929 -0.01081818 -0.005930423 0.1264015 -0.01177793 -0.006128132 0.1263967 -0.01182365 -0.006156444 0.1263892 -0.01189529 -0.006182432 0.01927268 -0.001631617 -0.006096541 0.02679914 -0.002579092 -0.006221175 0.01965582 0.001980483 -0.003680527 0.01231461 0.005409419 -0.002206861 0.01607447 0.004891037 -0.001460194 0.01612889 0.004889488 -0.001476168 0.02367663 0.003842473 -0.00181061 0.01983612 0.003642082 -0.002263128 0.01991933 0.004387259 -0.001465857 0.0161215 0.004839658 -0.001668274 0.01612728 0.00488156 -0.001542091 0.02729803 0.002122581 -0.003260195 0.02347213 0.001946628 -0.003348469 0.01974755 0.002833604 -0.003000915 0.01996439 0.004769444 -8.26891e-4 0.02002894 0.004771709 -8.12955e-4 0.02382797 0.005209147 -2.91871e-4 0.02382504 0.005186438 -3.64873e-4 0.0277118 0.005944907 -1.94744e-5 0.02381646 0.005113959 -4.99042e-4 0.02770096 0.005850672 -1.6498e-4 0.02764916 0.005382239 -6.7645e-4 0.02382838 0.005205452 -2.16989e-4 0.02771794 0.005989849 1.44679e-4 0.0277161 0.005979835 6.06434e-5 0.03161668 0.006622374 1.95935e-4 0.03161138 0.00657767 1.11244e-4 0.03552055 0.007039964 1.03094e-4 0.03550612 0.006911456 -5.51417e-5 0.01996243 0.004756808 -8.94212e-4 0.01995569 0.004703104 -0.00102061 0.02377313 0.00472635 -9.69919e-4 0.02753597 0.004339635 -0.001590609 0.03530013 0.004999577 -0.001575469 0.03500831 0.002251446 -0.003334224 0.042768 0.001999974 -0.003591716 0.05052489 0.001360297 -0.003957211 0.04309153 0.005069136 -0.001876473 0.0354405 0.006308734 -6.04152e-4 0.04334557 0.0074386 -1.16646e-4 0.0394386 0.007363796 7.86571e-5 0.03552663 0.007092595 1.91002e-4 0.1217938 -0.007638573 -0.005366742 0.1199132 -0.007036089 -0.005255758 0.1199204 -0.006969869 -0.005205392 0.1123379 -0.005065619 -0.004880964 0.1123469 -0.004981875 -0.004816532 0.09714353 -0.001343607 -0.004069805 0.09715586 -0.001229345 -0.003977656 0.08188021 0.001975953 -0.003161907 0.08189517 0.002114117 -0.003044486 0.06653356 0.004744052 -0.002131462 0.06655019 0.004896938 -0.001991808 0.05109417 0.006761252 -9.44293e-4 0.05111128 0.006917238 -7.87127e-4 0.1122987 -0.00543797 -0.005079448 0.09708958 -0.001855254 -0.004356443 0.0818144 0.001354396 -0.003534138 0.06645989 0.004051625 -0.002584338 0.05101788 0.006049573 -0.00146985 0.1263741 -0.01204311 -0.006223082 0.04324799 0.006540715 -9.17326e-4 0.1194171 -0.01184076 -0.006565868 0.1117131 -0.01114648 -0.006602644 0.09627962 -0.009734332 -0.006661891 0.08082044 -0.008282423 -0.006693243 0.0653373 -0.006779611 -0.006684482 0.04984176 -0.005214512 -0.006618022 0.04210013 -0.004393994 -0.006540656 0.03440225 -0.003510713 -0.006414413 0.01887631 -0.005393385 -0.008284449 0.02628612 -0.00745064 -0.008895337 0.02237379 -0.008405029 -0.009834051 0.01113098 -0.005864441 -0.008669137 0.009166419 -0.006206989 -0.008553862 0.007172286 -0.006860613 -0.008059799 0.005138993 -0.006716609 -0.007838308 0.004006505 -0.007299721 -0.00685966 0.007122993 -0.007382392 -0.007704436 0.0414195 -0.01095288 -0.009105741 0.03378236 -0.009445548 -0.009150147 0.08024007 -0.01397466 -0.007864773 0.126339 -0.01238983 -0.006270766 0.1263408 -0.01237136 -0.00627464 0.1263387 -0.01239955 -0.006199002 0.1263373 -0.01241236 -0.006210565 0.1263372 -0.01240837 -0.006262063 0.1263363 -0.01241773 -0.006253182 0.1263362 -0.01242154 -0.006225466 0.1263359 -0.01242351 -0.006235241 0.126336 -0.01242208 -0.006245195 0.003616392 -0.007294595 -0.00672394 0.003613471 -0.007294535 -0.006726682 0.00361979 -0.007294714 -0.006730556 0.0110138 -0.007552266 -0.008707404 0.1261951 -0.01258879 -0.00627923 0.1261925 -0.012591 -0.006256997 0.1261827 -0.01258647 -0.006237328 0.1261901 -0.01258033 -0.006299376 0.003865778 -0.007298171 -0.006816208 0.003643274 -0.007295131 -0.006741046 0.01102012 -0.007587254 -0.008671998 0.003651559 -0.00729525 -0.006744325 0.01101678 -0.007580101 -0.008687555 0.00372231 -0.007296323 -0.006769716 0.01101458 -0.007567942 -0.008699834 0.003611922 -0.007294416 -0.006722271 0.003611743 -0.007294476 -0.006725132 0.01102417 -0.007588505 -0.00865513 0.003619313 -0.007294416 -0.006721258 0.003633439 -0.007294476 -0.006722152 0.03788697 -0.01573055 -0.01160502 0.04332607 -0.01690888 -0.01137685 0.04821312 -0.01756078 -0.01104843 0.05800187 -0.01833379 -0.01036047 0.06409174 -0.01859933 -0.009962499 0.06502497 -0.0186271 -0.00990349 0.06875908 -0.0187065 -0.009672701 0.08131498 -0.01864445 -0.008952736 0.08370661 -0.01858156 -0.008824586 0.09864228 -0.01788783 -0.008081853 0.1135576 -0.01679921 -0.007434189 0.1184464 -0.01639324 -0.007244586 0.1203377 -0.01616287 -0.007158696 0.1221936 -0.01568287 -0.007021903 0.1229338 -0.01534688 -0.006937623 0.1246027 -0.01417183 -0.006663382 0.1250976 -0.01371568 -0.00656116 0.1261785 -0.01256728 -0.006313502 0.1251025 -0.01373773 -0.006484329 0.1246074 -0.01419454 -0.006586015 0.1229364 -0.01537102 -0.006858825 0.1221952 -0.01570737 -0.006942749 0.1203375 -0.01618796 -0.007079184 0.1184456 -0.01641881 -0.007165014 0.1135566 -0.01682567 -0.007354736 0.09864044 -0.01791715 -0.008002877 0.08370339 -0.01861351 -0.008746445 0.08131152 -0.01867687 -0.008874773 0.06875389 -0.01874148 -0.009595811 0.06501919 -0.01866292 -0.009827017 0.06408578 -0.01863539 -0.009886145 0.05799472 -0.01837146 -0.01028496 0.04820346 -0.01760143 -0.0109747 0.04331469 -0.01695132 -0.01130431 0.0378735 -0.01577526 -0.01153433 0.03253167 -0.01415681 -0.01157122 0.02717947 -0.01205474 -0.01133751 0.02293157 -0.01010656 -0.0108149 0.02020788 -0.009043455 -0.01040679 0.01975768 -0.008918523 -0.01034981 0.01611649 -0.008161306 -0.009785473 0.01558893 -0.008078098 -0.00968331 0.1251118 -0.01374274 -0.006504774 0.1246164 -0.01420021 -0.006606757 0.1229434 -0.01537913 -0.006880283 0.1222008 -0.01571643 -0.006964504 0.1203403 -0.01619803 -0.007101237 0.1184474 -0.01642894 -0.007187187 0.1135584 -0.01683574 -0.007377088 0.09864205 -0.01792669 -0.008025705 0.08370488 -0.01862245 -0.008769631 0.08131301 -0.01868563 -0.008898019 0.0687552 -0.01874959 -0.009619355 0.06502044 -0.01867079 -0.00985074 0.06408703 -0.01864314 -0.009909808 0.05799591 -0.01837873 -0.0103088 0.0482046 -0.01760768 -0.0109989 0.04331517 -0.01695686 -0.01132869 0.03787302 -0.01577967 -0.01155894 0.0325303 -0.01415961 -0.01159602 0.02717733 -0.01205557 -0.01136225 0.02292793 -0.01010549 -0.0108394 0.02020508 -0.009042441 -0.01043117 0.01975488 -0.008917391 -0.01037412 0.01611256 -0.008159279 -0.009807944 0.01558482 -0.008076012 -0.009705424 0.1251141 -0.01374012 -0.006527483 0.1246187 -0.01419764 -0.006629765 0.1229454 -0.0153771 -0.006904125 0.1222025 -0.01571464 -0.006988525 0.1203414 -0.01619648 -0.007125616 0.1184483 -0.01642739 -0.007211625 0.1135593 -0.0168339 -0.007401585 0.09864306 -0.01792407 -0.008050322 0.08370608 -0.01861906 -0.008794248 0.08131426 -0.01868212 -0.008922636 0.06875675 -0.0187453 -0.009643912 0.06502211 -0.0186662 -0.009875178 0.06408876 -0.01863849 -0.009934306 0.05799788 -0.01837354 -0.01033318 0.04820698 -0.01760154 -0.01102304 0.04331773 -0.01695007 -0.01135265 0.03787565 -0.01577192 -0.01158255 0.03253298 -0.01415073 -0.01161921 0.02718001 -0.01204526 -0.01138478 0.02292978 -0.01009386 -0.01086109 0.02020585 -0.009030342 -0.0104525 0.01975542 -0.008905231 -0.01039528 0.01611077 -0.008147418 -0.009827554 0.01558279 -0.008064389 -0.009724676 0.125109 -0.0137304 -0.006547749 0.1246138 -0.01418745 -0.00665009 0.1229419 -0.01536548 -0.006924808 0.1221999 -0.01570254 -0.007009327 0.1203404 -0.01618379 -0.007146418 0.1184478 -0.01641446 -0.007232427 0.113559 -0.01682066 -0.007422327 0.09864312 -0.01791 -0.008070707 0.08370673 -0.01860421 -0.008814215 0.08131498 -0.01866716 -0.008942484 0.06875818 -0.01872962 -0.009663283 0.06502372 -0.01865029 -0.00989443 0.06409043 -0.01862257 -0.009953439 0.05800002 -0.01835721 -0.01035195 0.04821008 -0.01758444 -0.01104104 0.04332166 -0.0169326 -0.01137018 0.03788071 -0.0157541 -0.01159936 0.03253906 -0.01413244 -0.011635 0.02718687 -0.01202636 -0.01139938 0.0229367 -0.01007449 -0.01087486 0.02021008 -0.009010016 -0.01046562 0.01975917 -0.008884847 -0.01040834 0.01611155 -0.008128225 -0.009840011 0.01558321 -0.008045554 -0.009737133 0.03254705 -0.01410919 -0.01163953 0.02719634 -0.0120036 -0.01140254 0.02294701 -0.01005214 -0.01087719 0.0202167 -0.008986413 -0.01046741 0.01976525 -0.008861243 -0.01041013 0.01611471 -0.008105635 -0.009842813 0.01558595 -0.008023381 -0.009740293 -0.003404617 0.008239805 -0.005260527 -0.003591477 0.008223891 -0.00596112 -0.003735125 0.008208453 -0.005839049 -0.00357747 0.008246183 -0.00571227 -0.003883302 0.008228003 -0.005723178 -0.003460288 0.008267939 -0.00557208 -0.003427505 0.008268952 -0.005488455 -0.003587007 0.008236885 -0.005415737 -0.003424942 0.008266925 -0.005462706 -0.003426611 0.008263707 -0.005438148 -0.003427922 0.008262574 -0.005431354 -0.003428757 0.008261919 -0.005427718 -0.00342971 0.008261203 -0.005423963 -0.003430902 0.008260369 -0.005419969 -0.003434121 0.008258402 -0.005410909 -0.003494262 0.00823152 -0.005339801 -0.004771113 0.007531106 -0.004212677 -0.005389213 -0.006286144 -0.004249989 -0.005337595 -0.006317436 -0.004230558 -0.005251646 -0.006379544 -0.004196703 -0.005548179 -0.006213307 -0.004306435 -0.005542933 -0.006215155 -0.004304647 -0.005418539 -0.006266176 -0.0042001 -0.005436956 -0.006260752 -0.004267454 -0.006476223 -0.005462169 -0.00303179 -0.005554735 -0.006210982 -0.00430864 -0.008286535 -0.002147555 -0.00134778 -0.008238792 -0.002040088 -0.001053273 -0.008390069 -0.00170958 -0.001410186 -0.00857675 1.20683e-4 -0.001735746 -0.006323993 -0.005519688 -0.002863764 -0.006592929 -0.005239784 -0.002522766 -0.007323503 -0.00429064 -0.001727521 -0.007880687 -0.003269672 -0.001335918 -0.007814466 -0.003293633 -0.001113891 -0.008149683 -0.002376198 -0.001044094 -0.007724404 -0.004277348 -0.002183735 -0.006938457 -0.005177259 -0.002875804 -0.006653547 -0.005450546 -0.00318396 -0.008350253 -0.003359198 -0.001872718 -0.008826315 -0.002355813 -0.001898229 -0.008929908 -0.00189352 -0.001956939 -0.009099423 2.18603e-5 -0.002263128 -0.009053468 7.60676e-4 -0.00241214 -0.008630275 0.002710342 -0.002841293 -0.008288979 0.003588318 -0.003024339 -0.007369756 0.005209267 -0.003271639 -0.007091701 0.005589842 -0.003294289 -0.008546352 8.28053e-4 -0.001893579 -0.008189439 0.002689421 -0.002347528 -0.007890045 0.003520548 -0.002540886 -0.007066249 0.005045831 -0.002806425 -0.006814539 0.005397439 -0.002831816 -0.005966067 0.006353735 -0.003003895 -0.005734443 0.006576597 -0.003110408 -0.004784524 0.00736773 -0.003778994 -0.00456357 0.007527232 -0.003978967 -0.004663228 0.007518231 -0.004099667 -0.004885792 0.007359981 -0.003909766 -0.005840599 0.006588041 -0.003296375 -0.00607264 0.006375551 -0.003206193 -0.006926596 0.00547266 -0.003087699 -0.007190585 0.005106508 -0.003064334 -0.00805521 0.003533422 -0.002813875 -0.008371055 0.002679526 -0.002629935 -0.008750915 7.80017e-4 -0.002198815 -0.008785963 6.10175e-5 -0.002049148 -0.008602797 -0.001797676 -0.00174129 -0.008498728 -0.002244174 -0.0016824 -0.008072316 -0.003286242 -0.001646816 -0.007496893 -0.004252731 -0.001978516 -0.006750345 -0.0051831 -0.002709805 -0.004997014 0.007376194 -0.004031419 -0.005968749 0.006634294 -0.003461956 -0.006206214 0.006435036 -0.003383338 -0.004662096 0.007738292 -0.007153332 -0.005442678 -0.006236016 -0.00453639 -0.005547642 -0.006195366 -0.004520773 -0.007718384 0.004430472 -0.008153796 -0.00729382 0.005089044 -0.008646786 -0.007209599 0.005352437 -0.008320331 -0.007181227 0.005273938 -0.008657574 -0.006867051 0.005831599 -0.008375048 -0.00681746 0.005805432 -0.008656561 -0.006105363 0.006672561 -0.008188664 -0.006004273 0.00672096 -0.008492708 -0.005559563 -0.006178975 -0.004602968 -0.005590379 -0.006152987 -0.004669129 -0.00583589 -0.005931377 -0.005027174 -0.005956709 -0.005815505 -0.005181431 -0.006812393 -0.004888594 -0.006073057 -0.007067978 -0.004574 -0.006270766 -0.007769882 -0.00360471 -0.006608426 -0.008101224 -0.003070294 -0.006646931 -0.008686006 -0.001523971 -0.00668168 -0.008340954 0.00265032 -0.007816076 -0.008524894 0.001556932 -0.007613003 -0.008522868 -3.06046e-4 -0.007314324 -0.008316993 -0.001475453 -0.007172763 -0.007796049 -0.002968728 -0.007110416 -0.007496654 -0.003558278 -0.007029294 -0.00683552 -0.00459975 -0.006590962 -0.00658977 -0.004926681 -0.006360948 -0.005759298 -0.005870878 -0.005376577 -0.005641222 -0.005989313 -0.005206942 -0.0053972 -0.006227135 -0.004784822 -0.00536096 -0.006264567 -0.004674971 -0.005343198 -0.006288349 -0.004553198 -0.008927106 -2.83793e-4 -0.00680983 -0.008965611 0.001686811 -0.00708729 -0.008791327 0.002848625 -0.007279217 -0.008163809 0.004733204 -0.007598578 -0.0076406 0.005712211 -0.007756352 -0.007280945 0.006113648 -0.007810711 -0.006486475 0.006817758 -0.007681965 -0.006379127 0.006899595 -0.007644236 -0.005428791 0.007529854 -0.007135748 -0.00499171 0.007766485 -0.006807982 -0.004819989 0.007725596 -0.006971895 -0.005246698 0.00747478 -0.007318913 -0.006168842 0.006795287 -0.00786519 -0.006272196 0.00670582 -0.007906258 -0.007031023 0.005937755 -0.008043944 -0.007371008 0.005507409 -0.007981121 -0.007886528 0.004565119 -0.007823288 -0.008514344 0.002745628 -0.007502794 -0.008696854 0.00162357 -0.007309973 -0.008683443 -2.85987e-4 -0.007029175 -0.008464336 -0.00148791 -0.006898164 -0.007918894 -0.003004193 -0.006855726 -0.007610738 -0.003565192 -0.006802439 -0.00693953 -0.004573225 -0.006423115 -0.006691217 -0.004895329 -0.006210982 -0.005853056 -0.005834817 -0.005276381 -0.005734145 -0.005952596 -0.005114793 -0.00549066 -0.006183862 -0.004725694 -0.00545746 -0.006215989 -0.004638075 -0.005084753 0.007481515 -0.00752741 -0.006002128 0.006768584 -0.008139789 0.003471076 -0.00729376 -0.006575286 0.003563523 -0.007287144 -0.006651461 0.004752457 -0.006777942 -0.005357384 0.00537467 0.006875216 -0.003235161 0.005323112 0.006903111 -0.003210842 0.00523734 0.00695914 -0.00316739 0.005533337 0.006812155 -0.003302872 0.005528092 0.006813764 -0.003300786 0.005404174 0.006847679 -0.003189086 0.005422294 0.006852865 -0.003256559 0.00646609 0.005871176 -0.002165079 0.005539894 0.006810188 -0.003305435 0.008281946 0.002334475 -0.001027345 0.008235275 0.002182304 -7.53079e-4 0.008385062 0.001911699 -0.001157879 0.008569896 1.54948e-4 -0.001766443 0.006314516 0.005901634 -0.001989543 0.006584703 0.005571901 -0.00169754 0.007318079 0.004510283 -0.001063406 0.007876455 0.003440797 -8.38522e-4 0.007811129 0.00342971 -6.15258e-4 0.008146286 0.002512753 -6.91103e-4 0.007717192 0.004568636 -0.001517653 0.006928801 0.005565524 -0.002057373 0.006642818 0.005883574 -0.002317845 0.008343935 0.003613352 -0.001356482 0.008819639 0.002626419 -0.001540482 0.008922815 0.002179026 -0.001671195 0.009090602 3.35216e-4 -0.002273917 0.009043812 -3.71206e-4 -0.002536475 0.008618354 -0.002229869 -0.003263711 0.008276104 -0.003068506 -0.00358051 0.007355451 -0.004631102 -0.004074811 0.007077157 -0.005003511 -0.004155576 0.008538663 -5.19031e-4 -0.002032876 0.008179485 -0.002286612 -0.002771079 0.007879078 -0.003077328 -0.003090858 0.007053792 -0.004542529 -0.003588557 0.006801843 -0.004885911 -0.003667712 0.005952417 -0.005803763 -0.003983974 0.005720376 -0.006007254 -0.004123151 0.004767596 -0.006684362 -0.004903554 0.004545807 -0.006810724 -0.005125105 0.003381669 -0.007314383 -0.006497919 0.004644989 -0.006782948 -0.00524336 0.004868388 -0.006656289 -0.005031883 0.005825757 -0.005989432 -0.004308998 0.006058216 -0.005793631 -0.004187583 0.006912946 -0.004920125 -0.003932595 0.007177054 -0.004562079 -0.003853261 0.008043169 -0.003047287 -0.003363192 0.008359968 -0.002232551 -0.003049135 0.008742094 -4.23767e-4 -0.00232768 0.008777916 2.62976e-4 -0.002067506 0.008596539 0.002050578 -0.001471936 0.008492827 0.002482354 -0.001343548 0.008066833 0.003505885 -0.001143693 0.007490456 0.00451219 -0.001317918 0.006741344 0.005545258 -0.001891732 0.004979133 -0.006653189 -0.005155026 0.005953252 -0.006009221 -0.004480302 0.006191134 -0.005824625 -0.004372358 0.003415286 -0.007301986 -0.006768107 0.003402471 -0.007308304 -0.006719648 0.003401279 -0.007309854 -0.006696105 0.003401994 -0.007310152 -0.006684541 0.003403723 -0.007310211 -0.006673097 0.003404796 -0.007310092 -0.00666809 0.003405988 -0.007309973 -0.006663501 0.00340861 -0.007309556 -0.006654977 0.003421902 -0.007306814 -0.006627023 0.003441333 -0.007301926 -0.006601631 0.003565907 -0.007189035 -0.007188081 0.003473222 -0.007279217 -0.006862998 0.003709971 -0.00719285 -0.007065653 0.003858625 -0.007230222 -0.006954848 0.004631996 -0.006522595 -0.008293807 0.005426943 0.006870567 -0.003526031 0.005531966 0.00682795 -0.003517389 0.007685363 -0.00309807 -0.008776307 0.007234215 -0.003711581 -0.009373307 0.007175683 -0.003982782 -0.009083032 0.007145464 -0.00385344 -0.009404003 0.006832778 -0.004447519 -0.009210765 0.006782174 -0.004377603 -0.009484469 0.006071567 -0.005307555 -0.009155273 0.005969285 -0.005307793 -0.009462714 0.005543589 0.006824672 -0.003601193 0.005574107 0.006809353 -0.003670692 0.005818188 0.006646573 -0.00405997 0.005938351 0.006556272 -0.004230916 0.006790339 0.005780518 -0.005259871 0.00704503 0.005500793 -0.005505383 0.007745325 0.004596471 -0.005993187 0.008076369 0.004074752 -0.006116151 0.008660554 0.002553105 -0.006394624 0.008309841 -0.001392424 -0.00816673 0.008494853 -3.44258e-4 -0.00779581 0.008494555 0.001449048 -0.00720936 0.008289635 0.002581894 -0.006885826 0.007769346 0.004046857 -0.006588637 0.007470428 0.004616379 -0.006415128 0.00681132 0.005576252 -0.005816698 0.006566584 0.00586307 -0.00553739 0.005740225 0.006641387 -0.00441426 0.005622863 0.006731867 -0.004227757 0.005380511 0.006900608 -0.003772616 0.005344688 0.006920397 -0.003658115 0.005327403 0.006924808 -0.003534078 0.008900761 0.001348316 -0.006716132 0.008937597 -5.5467e-4 -0.007298588 0.00876218 -0.001672148 -0.00766921 0.008132874 -0.003483772 -0.008276998 0.007608771 -0.004426181 -0.008584022 0.007248759 -0.004814267 -0.008699119 0.006454586 -0.005530118 -0.008679032 0.006347358 -0.005616903 -0.008654117 0.005398809 -0.006319224 -0.008246779 0.004962921 -0.006604313 -0.007958412 0.004790604 -0.006538391 -0.008113265 0.005216062 -0.006236195 -0.00841844 0.006136238 -0.005479395 -0.008855223 0.006239473 -0.005384564 -0.008882164 0.006998002 -0.00460416 -0.00890094 0.007338345 -0.004188835 -0.008772909 0.007854759 -0.003282666 -0.008471608 0.008484363 -0.001535534 -0.007872819 0.008667945 -4.57428e-4 -0.007507622 0.008656203 0.001384675 -0.006931483 0.00843805 0.002551257 -0.006613194 0.007893145 0.004042088 -0.00633198 0.007585465 0.004587769 -0.006190419 0.006915986 0.00552386 -0.005655467 0.006668627 0.005808711 -0.005394577 0.005834341 0.006590187 -0.004321277 0.005716085 0.006681144 -0.00414282 0.00547415 0.006848692 -0.003721356 0.005441308 0.006866633 -0.003629684 0.005053281 -0.006210267 -0.008624732 0.005968451 -0.005410075 -0.009121596 0.005889952 -0.005248963 -0.009836256 0.006695806 -0.003321528 -0.01023274 0.007336258 -0.003357708 -0.009690225 0.007158875 -0.003637969 -0.009738981 0.007285475 -0.003320395 -0.009804904 0.006970286 -0.003501355 -0.01003998 0.006862699 -0.003052234 -0.01020812 0.006965219 -0.003113806 -0.01015514 0.007146358 -0.003226876 -0.01000499 0.005849123 -0.005198657 -0.009949922 0.005509316 -0.004822015 -0.0103448 0.00559169 -0.004909873 -0.01029384 0.005737245 -0.005069494 -0.01014727 -0.005774974 0.00659275 -0.00920701 -0.005886018 0.006689369 -0.00899142 -0.004327774 0.007893323 -0.008899688 -0.00592637 0.006721258 -0.008871138 0.008021712 -0.001558184 -0.009667634 0.008336782 3.24655e-4 -0.009520053 0.008196711 0.00232315 -0.009362518 0.007582545 0.004230678 -0.009211182 0.006529808 0.005937039 -0.009074807 0.005099177 0.007343828 -0.008961319 0.003373265 0.008369922 -0.008877217 0.001451671 0.008956015 -0.008827328 -5.54779e-4 0.00906831 -0.008814573 -0.002530276 0.00870037 -0.008839666 -0.005547881 0.006379246 -0.009441673 -0.005630016 0.006458044 -0.0093773 -0.004139959 0.007609307 -0.009289562 -0.002421081 0.008381068 -0.009232223 -5.32025e-4 0.008732914 -0.009208202 0.001386582 0.008625507 -0.009220361 0.003224134 0.008065044 -0.009268045 0.004874587 0.007083892 -0.009348511 0.006242573 0.005738615 -0.009457051 0.007249295 0.004106879 -0.009587407 0.00783658 0.002282857 -0.009732127 0.007970511 3.71779e-4 -0.009882807 0.00766927 -0.001428663 -0.01002389 0.004290878 -0.006402611 -0.01004165 -0.007372677 0.004830002 -0.009017169 -0.008058667 0.003048896 -0.009273707 -0.008373737 0.001166045 -0.009421288 -0.008233606 -8.32473e-4 -0.009578824 -0.00761944 -0.002739965 -0.00973016 -0.006566703 -0.004446327 -0.009866476 -0.005136072 -0.005853116 -0.009980022 -0.00341016 -0.00687921 -0.01006412 -0.001488566 -0.007465302 -0.01011401 5.17863e-4 -0.007577598 -0.01012676 0.002493321 -0.007209658 -0.01010161 0.004101634 -0.006061136 -0.01038151 0.002382755 -0.006832897 -0.01043891 4.93687e-4 -0.007184743 -0.01046293 -0.001424968 -0.007077336 -0.01045078 -0.003262519 -0.006516873 -0.01040303 -0.004912912 -0.005535721 -0.01032263 -0.006280899 -0.004190444 -0.01021409 -0.007287621 -0.002558708 -0.01008367 -0.007874906 -7.34723e-4 -0.009939014 -0.008008897 0.001176357 -0.009788334 -0.007707595 0.002976834 -0.00964719 -0.00732243 0.004811108 -0.009136438 -0.007184088 0.004750132 -0.009349286 -0.007003545 0.004661917 -0.009515941 -0.006901264 0.004609465 -0.009578347 -0.006758391 0.004841625 -0.009563505 -0.007220983 0.005074799 -0.009021461 -0.007033407 0.004988074 -0.00934267 0.00792253 0.002058207 -1.14659e-4 0.008137643 0.002131581 -4.02887e-4 0.00804162 0.002456784 -3.53105e-4 0.008320212 0.001355111 -5.28792e-4 0.008263289 0.001336932 -4.12433e-4 0.008106708 0.001295983 -2.07599e-4 0.007902443 0.001251399 -5.12998e-5 0.007786691 0.00122869 5.16959e-6 0.007618904 0.00197196 7.27715e-5 0.007827758 0.002375304 -7.75139e-5 0.007532119 0.002278804 1.00302e-4 0.007292747 0.004250705 -2.98899e-4 0.007242918 0.004212617 -1.84118e-4 0.006825208 0.003938257 2.20294e-4 0.006926655 0.004001319 1.67026e-4 0.007105708 0.004117131 1.63793e-5 -0.0081079 -0.001250028 -3.76381e-4 -0.007902979 -0.001230359 -2.15823e-4 -0.007978737 5.93336e-4 -7.21425e-5 -0.007786989 -0.001216709 -1.56941e-4 0.006023466 0.005259633 2.67816e-4 0.004893481 0.006320297 3.53496e-4 0.003243088 0.007301449 4.33932e-4 0.001405537 0.007861912 4.81622e-4 -5.13116e-4 0.007969319 4.93815e-4 -0.002402186 0.007617473 4.69806e-4 -0.004152655 0.006826698 4.10981e-4 -0.005663514 0.005642592 3.20735e-4 -0.00684762 0.004133522 2.04275e-4 -0.007636547 0.00238651 6.83205e-5 -0.008322656 -0.001258194 -7.02032e-4 -0.008265256 -0.001258432 -5.84483e-4 -0.008344471 6.4872e-4 -4.34229e-4 -0.007986664 0.002523958 -2.87339e-4 -0.007161617 0.0043509 -1.45165e-4 -0.00592333 0.005928993 -2.33759e-5 -0.00434333 0.007167279 7.09994e-5 -0.002512753 0.007994234 1.32515e-4 -5.37292e-4 0.008362174 1.57623e-4 0.001469135 0.008249878 1.44872e-4 0.003390729 0.007663786 9.50004e-5 0.005116641 0.006637752 1.08842e-5 0.006298363 0.005528509 -7.87163e-5 0.0079782 -5.72313e-4 -1.9498e-4 -0.006825506 -0.003926336 -3.72065e-4 -0.006023943 -0.005238592 -5.34939e-4 -0.004893958 -0.006299316 -6.20619e-4 -0.003243565 -0.007280468 -7.01055e-4 -0.001406013 -0.007840931 -7.48745e-4 5.12596e-4 -0.007948338 -7.60938e-4 0.002401649 -0.007596492 -7.36929e-4 0.004152119 -0.006805717 -6.78104e-4 0.005662977 -0.005621612 -5.87858e-4 0.006847083 -0.004112482 -4.71398e-4 0.00763607 -0.002365529 -3.35443e-4 0.008342564 -5.70261e-4 -5.62687e-4 0.007984697 -0.002445518 -7.09576e-4 0.00715965 -0.004272401 -8.51751e-4 0.005921363 -0.005850553 -9.7354e-4 0.004341363 -0.00708884 -0.001067876 0.002510845 -0.007915794 -0.001129388 5.35349e-4 -0.008283734 -0.001154482 -0.001471102 -0.008171439 -0.001141786 -0.003392696 -0.007585346 -0.001091897 -0.005118608 -0.006559252 -0.001007795 -0.00630027 -0.005450069 -9.182e-4 -0.006927192 -0.003980338 -4.34149e-4 -0.00710684 -0.004071176 -6.00359e-4 -0.007244825 -0.004134178 -8.12798e-4 -0.007295131 -0.004153847 -9.31926e-4 -0.007923543 -0.002017319 -4.0453e-4 -0.008139789 -0.002044796 -6.99859e-4 -0.008043646 -0.002373754 -7.01933e-4 -0.007619142 -0.00196135 -2.07093e-4 -0.007828712 -0.002336323 -4.1782e-4 -0.007532358 -0.002268731 -2.2824e-4</float_array>
          <technique_common>
            <accessor source="#Prop_CCW-mesh-positions-array" count="1781" stride="3">
              <param name="X" type="float"/>
              <param name="Y" type="float"/>
              <param name="Z" type="float"/>
            </accessor>
          </technique_common>
        </source>
        <source id="Prop_CCW-mesh-normals">
          <float_array id="Prop_CCW-mesh-normals-array" count="10677">-0.8747021 0.3880663 -0.290346 0.7873026 -0.6162701 -0.01912677 0.9930604 0.03234577 0.1130705 -0.7992403 -0.5848104 0.1386075 -0.8041597 -0.5933227 -0.03599059 -0.6855471 -0.7248192 -0.06828153 -0.7107578 -0.7034186 0.005070269 -0.6752063 -0.7357252 -0.05296409 -0.6177574 -0.7840342 -0.06054937 -0.6155491 -0.7857602 -0.06066507 -0.6212758 -0.7812607 -0.06040036 -0.6376727 -0.7679734 -0.05992084 -0.6567891 -0.7515775 -0.06131315 0.8085158 -0.5875434 -0.03309309 0.8772356 -0.4764977 -0.05837649 0.9111891 -0.4119496 0.005653023 0.936698 -0.3490478 -0.02761369 0.9823673 -0.1858595 -0.02027308 0.9775873 -0.210127 0.01302945 0.9988019 -0.04684847 -0.01414233 0.5824374 -0.7260335 -0.365571 0.6065955 -0.7833582 -0.1356164 0.4059581 -0.910237 0.08165115 0.4706054 -0.8605703 -0.1948056 0.4351575 -0.8937652 -0.1087287 0.3771699 -0.9223165 -0.08411461 0.3594183 -0.9298017 -0.07929342 0.3697192 -0.9265721 -0.06907969 0.3741807 -0.924842 -0.06823623 0.3790088 -0.9229443 -0.06727772 0.3547145 -0.9322146 -0.07178956 0.3600317 -0.9302473 -0.07083177 0.3627604 -0.9292229 -0.07035511 0.3644248 -0.9285982 -0.06999945 0.3653365 -0.9282456 -0.06992352 0.3664984 -0.9278069 -0.06966727 0.4420264 -0.8953954 -0.05366492 0.4972278 -0.8675236 -0.01293748 0.4125649 -0.9068291 -0.08632165 0.6051183 -0.7942297 -0.05505627 0.6178804 -0.7850355 -0.04408234 0.677811 -0.7330605 -0.05652028 0.7468829 -0.6623296 -0.05903911 -0.9968874 -0.06655955 -0.04225307 -0.9993541 0.001560926 0.03590089 -0.9855917 0.1670206 -0.02670598 -0.9869391 0.1484213 -0.06262773 -0.9346793 0.3413415 0.09930145 -0.708221 -0.7026957 -0.06813216 -0.7532265 -0.6491563 -0.1060477 -0.7022692 -0.7103646 -0.04690641 -0.834413 -0.5491946 -0.04626363 -0.8515523 -0.5200802 -0.06614655 -0.8919345 -0.4509265 -0.03343904 -0.9521575 -0.3047353 -0.02307772 -0.9414346 -0.3317925 -0.06012266 -0.9844892 -0.175445 3.50368e-4 -0.619605 -0.7825978 -0.0602526 -0.6140077 -0.7869598 -0.06073617 -0.5122784 -0.8562496 -0.06639009 -0.512278 -0.8562498 -0.06638991 -0.292692 -0.9533036 -0.07445621 -0.292692 -0.9533036 -0.07445627 -0.05621659 -0.9953494 -0.0782265 -0.05621659 -0.9953495 -0.07822602 0.1835025 -0.9799609 -0.0774824 0.1835026 -0.9799609 -0.07748216 0.3389318 -0.9378588 -0.07447153 0.3435578 -0.9360902 -0.07552069 0.8734533 -0.3375999 -0.3508641 -0.7871831 0.6114348 0.08056396 -0.9926247 -0.04993867 0.1104656 0.7999509 0.5561718 0.2252815 0.8041949 0.5918936 0.05415457 0.6854988 0.7267855 0.04329305 0.7109858 0.6941829 0.112291 0.6752206 0.7351581 0.06016546 0.6177591 0.7840405 0.06045126 0.615538 0.7857719 0.06062817 0.6212829 0.7812741 0.06015312 0.6376683 0.7680879 0.05848443 0.6567784 0.7521138 0.05446976 -0.8084565 0.5852431 0.06235879 -0.87731 0.4794954 0.02028131 -0.9110351 0.4057149 0.07355636 -0.9366911 0.3487857 0.03095883 -0.9823817 0.1864427 0.01285737 -0.9774655 0.2052028 0.04952764 -0.9988349 0.04818099 -0.00276947 -0.3669769 0.9278743 0.06616151 -0.3808918 0.9226124 0.06089329 -0.5836493 0.7740895 -0.2452326 -0.6068776 0.7947438 -0.009052932 -0.4053605 0.8861342 0.2246088 -0.4710959 0.8803052 -0.05595928 -0.4353023 0.8996379 0.03411167 -0.3754522 0.9234797 0.07887256 -0.3673887 0.926805 0.07783406 -0.351755 0.9330025 0.07599252 -0.3603292 0.929643 0.0769872 -0.363736 0.928282 0.07738649 -0.3648442 0.9278354 0.07752519 -0.3655046 0.9275655 0.07764536 -0.3663569 0.9272213 0.07773983 -0.4419575 0.892632 0.08877974 -0.4970118 0.8587145 0.1248556 -0.4126192 0.9090426 0.05819916 -0.6050854 0.7928792 0.07221078 -0.617807 0.7820781 0.0816608 -0.6777952 0.732676 0.06147825 -0.7469052 0.663182 0.04819232 0.9967365 0.0726549 -0.03518229 0.9994853 -0.006853401 0.0313428 0.9854301 -0.1604845 -0.05632275 0.9866438 -0.1364967 -0.08889704 0.9349523 -0.3523895 0.04106009 0.7081658 0.7049186 0.03988933 0.7530071 0.657984 -0.006109058 0.7022991 0.7091704 0.06207638 0.8343945 0.5499254 0.0369867 0.8514484 0.5242841 0.01272791 0.891936 0.4508773 0.03405773 0.9521538 0.304884 0.02118879 0.9412962 0.3373987 -0.01112502 0.9845366 0.1735305 0.02397763 0.6196049 0.7825779 0.06051284 0.6140011 0.786965 0.06073671 0.5122784 0.8562495 0.06638997 0.5122778 0.8562499 0.06639003 0.2926921 0.9533036 0.07445609 0.2926922 0.9533035 0.07445633 0.05621659 0.9953494 0.0782262 0.05621659 0.9953494 0.07822644 -0.183503 0.9799609 0.07748216 -0.1835025 0.9799609 0.0774824 -0.3389022 0.9378696 0.07447254 -0.351309 0.9335659 0.07097101 0.001942873 -0.07845908 0.9969155 0.001942873 -0.07845908 0.9969155 0.001942873 -0.07845908 0.9969155 0.001942873 -0.07845908 0.9969155 0.001942873 -0.07845908 0.9969155 0.001942873 -0.07845908 0.9969155 0.001942873 -0.07845908 0.9969155 0.001942813 -0.07845908 0.9969155 0.001942932 -0.07845902 0.9969155 0.001942873 -0.07845908 0.9969154 0.001942873 -0.07845908 0.9969155 0.001942873 -0.07845908 0.9969155 0.001942813 -0.07845908 0.9969155 0.001942873 -0.07845908 0.9969155 0.001942873 -0.07845908 0.9969155 0.001942873 -0.07845908 0.9969155 0.001942873 -0.07845908 0.9969155 0.001942873 -0.07845908 0.9969155 0.001942873 -0.07845908 0.9969155 0.001942873 -0.07845908 0.9969155 0.001942873 -0.07845908 0.9969155 0.001942873 -0.07845914 0.9969154 0.001942932 -0.07845908 0.9969155 0.001942873 -0.07845902 0.9969155 0.001942873 -0.07845908 0.9969155 0.001942813 -0.07845908 0.9969155 0.001942873 -0.07845908 0.9969155 0.001942873 -0.07845908 0.9969155 0.001942873 -0.07845908 0.9969154 0.001942932 -0.07845908 0.9969155 0.001942873 -0.07845902 0.9969155 0.001942873 -0.07845908 0.9969155 0.001942873 -0.07845908 0.9969155 0.001942873 -0.07845908 0.9969154 0.001942813 -0.07845908 0.9969155 0.001942873 -0.07845908 0.9969155 0.001942873 -0.07845908 0.9969155 0.001942873 -0.07845908 0.9969155 0.001942873 -0.07845914 0.9969154 -0.001942515 0.0784592 -0.9969155 -0.001942753 0.07845938 -0.9969154 -0.001943767 0.0784592 -0.9969155 -0.001942455 0.0784592 -0.9969155 -0.001942873 0.0784586 -0.9969155 -0.001942753 0.07845944 -0.9969154 -0.00194329 0.07845926 -0.9969155 -0.001942932 0.0784592 -0.9969155 -0.001942217 0.07845908 -0.9969155 -0.001943945 0.07845914 -0.9969155 -0.001942574 0.07845884 -0.9969155 -0.001942932 0.07845932 -0.9969154 -0.001943051 0.0784592 -0.9969155 -0.001942217 0.07845914 -0.9969155 -0.00194323 0.07845908 -0.9969155 -0.001942932 0.0784589 -0.9969155 -0.00194323 0.07845908 -0.9969155 -0.00194329 0.07845914 -0.9969155 -0.00194329 0.0784589 -0.9969155 -0.00194323 0.07845884 -0.9969155 -0.001943349 0.07845926 -0.9969154 -0.001942098 0.07845938 -0.9969154 -0.001943051 0.07845914 -0.9969155 -0.001942873 0.07845866 -0.9969155 -0.001943349 0.07845854 -0.9969155 -0.001942932 0.0784595 -0.9969154 -0.001943767 0.07845622 -0.9969157 -0.001942932 0.07845896 -0.9969155 -0.001943409 0.07845902 -0.9969155 -0.00194323 0.07845896 -0.9969155 -0.001942574 0.0784589 -0.9969155 -0.001941919 0.0784589 -0.9969155 -0.00194323 0.07845884 -0.9969155 -0.001942813 0.07845926 -0.9969155 -0.001942217 0.07845932 -0.9969154 -0.001942873 0.07845866 -0.9969155 -0.001943349 0.0784592 -0.9969155 -0.001942455 0.07845914 -0.9969155 -0.001942455 0.07845896 -0.9969155 -0.001942515 0.07845956 -0.9969154 0.07687091 -0.6605643 0.7468239 0.0653668 -0.6604001 0.7480635 -0.3332001 -0.8979439 0.2875315 -0.2574043 -0.9456465 -0.1987354 -0.1630108 -0.6058118 0.7787294 -0.04589468 -0.8667334 0.496656 0.01888597 0.1277167 0.9916309 -0.04628616 0.8807786 0.4712609 0.00476104 0.2371287 0.9714666 -0.1408093 0.009352385 0.9899926 -0.1407929 0.1649962 0.9761934 -0.1147431 0.146962 0.9824644 -0.08264762 0.252593 0.9640364 -0.1187356 0.226451 0.9667584 -0.1183027 0.2293052 0.9661385 -0.02756339 0.2402994 0.9703075 -0.04592186 0.2298043 0.972153 -0.03998345 0.1932926 0.9803262 -0.1064426 0.1986291 0.9742774 -0.1437293 0.1551148 0.9773849 -0.1920822 0.2536109 0.9480433 0.007523298 0.2468481 0.969025 0.01198339 0.2458048 0.9692453 0.01564586 0.2667607 0.9636359 0.03297007 0.2675139 0.9629898 0.02525198 0.2907308 0.9564717 0.04397594 0.294865 0.9545264 0.0570771 0.2915575 0.954849 0.04426586 0.323404 0.9452251 0.07263451 0.3328984 0.9401612 0.128974 0.3854058 0.9136893 0.1125411 0.3857905 0.9156966 0.07197767 0.3706637 0.925974 0.09223109 0.3250216 0.9411985 0.07800102 0.3313586 0.9402751 0.2342085 0.5458369 0.8044927 0.1835383 0.4822186 0.8566089 0.1807236 0.4736463 0.8619735 0.01273679 0.6955343 0.71838 0.05581426 0.6348287 0.7706344 0.117717 0.663337 0.739004 0.1290969 0.6393374 0.7580118 0.1690407 0.575169 0.8003786 -0.1813694 0.6723388 0.7176808 -0.2208799 0.602232 0.7671563 -0.1539139 0.7307947 0.6650184 -0.2933385 0.2727426 0.9162772 -0.2980447 0.2596041 0.9185724 -0.2444025 0.4028373 0.8820372 0.02068442 0.133353 0.9908528 0.02428519 0.1626312 0.9863881 -0.04793912 0.2513281 0.966714 -0.1020843 0.2087383 0.9726291 0.01903498 -0.6121243 0.7905325 -0.4051849 -0.3466626 0.8459613 -0.6074628 -0.7489429 0.264714 -0.4650321 -0.4027953 0.7883535 -0.5925826 -0.5680492 0.5711095 -0.3779853 -0.6686512 0.640338 -0.4625947 -0.8490497 0.2551882 -0.4583001 -0.8346946 0.3053621 -0.04357606 0.01743042 0.9988982 -0.7285591 -0.4681549 0.5000328 -0.7952436 -0.5215565 0.3091383 -0.2735796 -0.8020553 0.5309065 -0.2423807 -0.7010862 0.670619 -0.3747342 -0.6627799 0.6483033 -0.272439 -0.4560284 0.8472397 -0.2726925 -0.4566465 0.8468252 -0.2551152 -0.1759423 0.9507684 -0.2549431 -0.1756008 0.9508777 -0.1146733 -0.1948639 0.9741038 -0.1138257 -0.1904909 0.9750677 -0.06789273 -0.1958835 0.9782742 -0.4565697 -0.2706729 0.8475142 -0.6204847 -0.3866996 0.6822481 -2.30588e-4 0.1744385 0.9846681 0.0130946 0.1276689 0.9917305 -0.005152583 0.1294484 0.9915729 0.002016663 0.09622436 0.9953577 -0.009261012 0.09732621 0.9952095 -0.005982041 0.07275915 0.9973317 -0.01265043 0.07341283 0.9972215 -0.01005977 0.06325298 0.9979468 -0.03767335 0.06595301 0.9971114 0.005169332 0.1934154 0.9811034 0.001817584 0.2030235 0.9791722 0.01207417 0.2020468 0.9793015 0.00696659 0.2251998 0.9742877 0.02451306 0.2235106 0.9743933 0.01545017 0.2545644 0.9669324 0.04223018 0.2519293 0.9668238 0.02722573 0.2952377 0.9550359 0.0679236 0.2910627 0.9542897 -0.1409382 0.3861415 0.9116091 -0.04455232 0.5583946 0.8283783 -0.0289157 0.3385476 0.9405049 0.1933897 0.4751482 0.8583908 0.1705862 0.4506631 0.8762438 0.1838591 0.4731329 0.8615922 0.1271274 0.4249085 0.8962653 0.1208173 0.3866853 0.9142636 0.06168168 0.3936215 0.917201 -0.07862788 0.2376064 0.968174 -0.07911354 0.2396326 0.9676349 -0.1385614 0.3449195 0.9283487 -0.1596053 0.2431319 0.9567722 -0.2083165 0.3872749 0.8981216 -0.1861521 0.4659071 0.8650307 -0.1208074 0.4656237 0.8766985 0.08059787 0.5622931 0.8230009 0.05842143 0.5513269 0.8322414 0.07723206 0.6072604 0.7907403 -0.09980589 0.6162543 0.7811976 -0.03352659 0.786484 0.6167001 -0.1214993 0.6757251 0.727072 -0.04550057 -0.866778 0.4966142 -0.08632183 -0.8061455 0.585387 -0.00948286 -0.8121222 0.5834105 -0.03774005 -0.7057771 0.7074281 0.03074437 -0.7096953 0.7038376 -0.008152961 -0.3785467 0.9255464 -0.03177833 -0.3282987 0.9440393 -0.01125848 -0.1342783 0.9908797 0.004317581 -0.1358506 0.99072 0.07581675 0.2128097 0.9741478 0.05073386 0.2154961 0.9751859 0.02849382 -0.08351874 0.9960988 0.1005218 -0.09034562 0.9908244 0.09881639 -0.07585167 0.9922106 0.1428123 -0.07989591 0.9865199 0.1443459 -0.1418058 0.9793137 0.1690077 -0.1437544 0.975075 0.1454198 -0.3206707 0.9359612 0.1385827 -0.3203414 0.9371107 0.2050223 -0.7961646 0.5692871 0.05789053 -0.3151455 0.9472761 0.1018345 -0.7129392 0.6937921 -0.0230714 0.006582915 0.9997122 0.01622456 0.002658307 0.9998649 0.0138058 0.06257843 0.9979447 0.07228207 0.05663233 0.9957752 0.07179611 0.07192993 0.9948223 0.1233384 0.06644612 0.9901376 0.1206494 0.004888772 0.9926832 0.1651473 3.37225e-4 0.9862689 0.1303758 -0.1887594 0.9733304 0.1596355 -0.1908777 0.9685465 0.09531366 -0.3486807 0.9323825 0.08722108 -0.3856976 0.9184933 0.08003389 -0.06889051 0.9944088 0.1388827 -0.07442551 0.9875083 0.1054416 0.1204183 0.9871077 0.1100162 0.1199082 0.9866704 0.08777654 0.1814976 0.9794661 0.05001324 0.1855667 0.9813581 -0.009446144 -0.4763415 0.8792096 0.02162224 -0.685144 0.7280868 0.05364441 -0.713011 0.6990978 -0.02962881 0.06171721 0.9976539 -0.02485656 0.06125241 0.9978128 -0.01381665 0.1171153 0.9930223 0.007029831 0.1150919 0.99333 0.0117287 0.172959 0.9848593 0.05858731 0.1682066 0.9840093 -0.2140149 -0.8975244 0.3855484 -0.1869538 -0.9068873 0.3776292 -0.1830223 -0.8773798 0.4435173 -0.1614583 -0.8812788 0.4441609 -0.1370253 -0.7223701 0.6777947 -0.1382757 -0.8863008 0.4419851 -0.0858196 -0.7116222 0.6973012 -0.08363538 -0.7496493 0.6565296 -0.01809704 -0.7994499 0.6004603 0.06798756 -0.3825172 0.9214436 -0.01395153 -0.376059 0.9264907 -0.01200467 -0.4368366 0.8994607 -0.07778608 -0.4299582 0.8994917 -0.08236014 -0.5023655 0.8607241 -0.1144484 -0.4982202 0.8594639 -0.1257694 -0.5948276 0.7939535 -0.1422708 -0.5923459 0.793023 -0.1516512 -0.6472449 0.7470448 -0.1659722 -0.6448335 0.7460852 -0.2018292 -0.8173382 0.5396511 -0.2156935 -0.8143721 0.5387712 -0.1868476 -0.7018195 0.6874135 -0.02359187 -0.2016919 0.9791649 -0.06403017 -0.1973753 0.9782347 -0.07102352 -0.2628091 0.9622303 -0.08497005 -0.2611843 0.961542 -0.09844046 -0.352905 0.9304664 -0.1015195 -0.3525134 0.9302839 -0.1124315 -0.4083462 0.9058768 -0.1166687 -0.4077739 0.9055987 -0.1251662 -0.4445046 0.8869888 -0.1291305 -0.4439405 0.886703 -0.1355211 -0.4688479 0.8728206 -0.05934375 -0.10902 0.9922667 -0.06145238 -0.1087955 0.992163 -0.07679754 -0.1937724 0.9780361 -0.07182341 -0.1943348 0.9783024 -0.08378881 -0.2480141 0.9651262 -0.08195328 -0.2482302 0.9652283 -0.09108805 -0.2845361 0.9543282 -0.09059566 -0.2845955 0.9543573 -0.09757137 -0.3105314 0.9455423 -0.05676931 -0.07130551 0.9958378 -0.04611861 -0.07241445 0.9963079 -0.05982774 -0.1233757 0.9905549 -0.05382692 -0.1240172 0.9908192 -0.0638625 -0.1591928 0.9851799 -0.06042492 -0.1595678 0.985336 -0.06780713 -0.1851105 0.9803757 -0.06651169 -0.185256 0.9804369 -0.09706109 -0.310594 0.9455742 -0.1002398 -0.3210865 0.94173 -0.1375522 -0.4685446 0.8726658 -0.1406566 -0.4794741 0.8662104 -0.1967764 -0.6998804 0.6866195 0.05184417 0.2748062 0.9601009 0.05755418 0.2594162 0.9640492 0.0746501 0.4479879 0.8909176 0.1401276 0.439817 0.8870881 0.1676823 0.5512073 0.8173453 0.1877765 0.5478642 0.8152208 0.1757659 0.5207245 0.8354355 0.2450538 0.5940354 0.7662053 -0.07622164 -0.7876765 0.611356 -0.07327038 -0.680947 0.7286581 -0.02951598 -0.6850695 0.7278796 -0.02529758 -0.7021679 0.7115619 0.04524844 -0.4916362 0.8696243 0.09347254 -0.4938696 0.8644975 0.07831937 -0.5492319 0.831992 0.1211453 -0.5500648 0.8262885 0.1188443 -0.5561753 0.8225237 0.1317837 -0.5556514 0.8209048 0.1620549 -0.3937093 0.9048377 0.1726195 -0.4665244 0.8675007 0.1740656 -0.4535187 0.8740836 0.146722 -0.3299016 0.9325436 0.06091988 -0.3248444 0.9438035 0.03462344 -0.1464081 0.9886183 -0.02324521 -0.1407111 0.9897778 -0.02718979 -0.05203062 0.9982753 -0.04911369 -0.04978883 0.9975515 -0.04559266 0.007992565 0.9989283 -0.03812897 0.007248163 0.9992465 -0.03408116 0.04021674 0.9986096 -0.02808624 0.03962767 0.9988197 -0.02549147 -0.01011478 0.999624 -0.03215622 -0.009445607 0.9994382 -0.03217858 -0.04419875 0.9985044 -0.03606748 -0.04380309 0.998389 -0.03749853 -0.06923329 0.9968955 -0.03973007 -0.06900358 0.996825 -0.03973168 -0.07945394 0.9960464 -0.07447022 -0.07578104 0.9943398 -0.07437521 -0.08038133 0.9939856 -0.1799537 -0.06859934 0.9812802 0.003520369 0.2017108 0.9794389 0.03212779 0.251919 0.9672149 0.0403282 0.3741297 0.9264991 0.07562363 0.3704469 0.9257701 0.0897578 0.5166531 0.8514771 0.1428444 0.5097573 0.8483767 0.169407 0.5915464 0.788273 0.07731288 0.6039183 0.7932878 0.1062748 0.637784 0.7628481 -0.03493773 0.6485298 0.7603872 -0.004009962 0.7256082 0.6880964 -0.119862 0.6803693 0.7230012 -0.008536517 0.7982373 0.6022828 -0.1393665 0.7778444 0.6128093 -0.1040697 0.8187553 0.564632 0.01343303 -0.03844553 0.9991704 0.008241117 0.09887969 0.9950653 0.02013498 0.09769695 0.9950126 0.04947763 0.2423836 0.9689182 0.05341261 0.2374553 0.9699289 -0.01336503 0.4144139 0.9099904 0.06058043 0.4078316 0.9110453 0.06076347 0.4076637 0.9111081 0.04450666 0.3984183 0.9161235 0.06677109 0.3961308 0.9157631 0.02604043 0.3009976 0.9532693 0.01208049 0.3023058 0.9531344 -0.002248227 0.2405112 0.9706438 -0.008806884 0.234878 0.9719851 -0.006911516 0.1945429 0.9808697 -0.02679347 0.1816329 0.9830014 -0.03567451 0.06134814 0.9974787 -0.1469812 0.07178086 0.9865314 -0.1717775 0.02609258 0.9847902 -0.3626226 -0.1577472 0.9184883 -0.3590582 -0.1538795 0.9205424 -0.5990719 -0.370239 0.7099549 -0.458706 -0.4338033 0.7755021 -0.3736593 -0.2775617 0.885064 -0.1619341 -0.3171603 0.9344446 -0.09369921 -0.09737646 0.9908272 -0.1229695 -0.3181197 0.9400417 -0.1716332 -0.4752339 0.8629571 -0.1714888 -0.4745552 0.8633592 -0.2414336 -0.6985827 0.6735666 -0.1989365 -0.7078439 0.6777767 -0.2529061 -0.927684 0.2746651 -0.2340121 -0.8963818 0.3764812 0.1528821 0.4213203 0.8939331 0.1039807 0.411089 0.9056456 0.09826767 0.3481091 0.9322895 0.04388952 0.3540677 0.9341894 0.03750747 0.2762697 0.960348 0.004251837 0.1740103 0.9847347 9.65298e-4 0.201952 0.979395 -0.009106934 0.1121914 0.9936449 -0.003174126 0.1116164 0.9937463 -0.02260631 0.1642075 0.9861668 0.009135246 0.1612035 0.9868789 -0.01520252 0.2191541 0.9755718 0.02910488 0.214961 0.976189 0.001274943 0.2768432 0.9609143 0.05441719 0.2716655 0.9608521 0.03899055 0.2919483 0.9556391 0.0605514 0.289722 0.9551936 0.0830599 0.2525257 0.9640186 0.06652688 0.2543524 0.9648208 0.09967285 0.05169367 0.9936766 0.06786322 0.05503159 0.9961758 0.04062557 -0.26016 0.9647105 -0.01178181 -0.2552564 0.9668017 -0.05152028 -0.5246116 0.8497813 -0.1790304 -0.5530645 0.8136756 -0.1193595 -0.5626247 0.8180506 -0.06289523 -0.1735982 -0.9828062 -0.007418215 0.3082833 -0.9512656 0.04435968 -0.6208693 -0.7826581 -0.3309809 -0.4196201 -0.8452045 -0.1621564 -0.1868256 -0.9689177 -0.05082327 -0.1236496 -0.9910237 -0.05833327 -0.4359079 -0.8980988 -0.3343619 -0.3096253 -0.8901317 -0.1961917 -0.8033277 -0.5622931 -0.4348228 -0.3975015 -0.8080359 -0.7048358 -0.6872759 -0.1756657 -0.2358934 -0.8883559 -0.3939265 -0.26091 -0.9433985 0.204757 -0.1820138 -0.5277251 -0.829685 -0.1858833 -0.8693458 -0.4579141 -0.2025574 -0.8717758 -0.446069 -0.2138426 -0.869459 -0.4453228 -0.1923668 -0.890932 -0.411382 -0.153374 -0.889446 -0.4305374 -0.1610474 -0.91948 -0.3586369 -0.1250777 -0.9107353 -0.3935949 -0.04057478 -0.5932524 -0.8039934 -0.1192837 -0.9878576 -0.09954237 -0.02381521 -0.8346219 -0.5503084 -0.04004484 -0.9620848 -0.2697953 0.02574682 -0.9628462 -0.2688204 0.05615031 -0.7959054 -0.6028116 0.07159602 -0.9858384 -0.1516464 0.09964275 -0.9834806 -0.1511197 0.1210327 -0.9748976 -0.1868846 0.1261617 -0.875858 0.4657855 -0.2052579 -0.9758511 -0.07472568 -0.2113571 -0.9730408 -0.09230279 -0.2055193 -0.9747747 -0.08704167 -0.2104383 -0.9728972 -0.09584814 -0.02381724 -0.8386977 0.5440763 -0.2753015 -0.7945062 -0.5412661 -0.2453356 -0.8923158 -0.3789234 -0.248326 -0.8814896 -0.4016346 -0.2234293 -0.9413684 -0.2527946 -0.3177094 -0.683483 -0.6572 -0.3006397 -0.793307 -0.5294145 -0.2978083 -0.1457875 -0.943428 -0.2886373 -0.1600995 -0.943958 -0.2929329 -0.1402775 -0.9457868 -0.1853435 -0.1092042 -0.9765871 -0.06017631 -0.1240659 -0.9904477 -0.05780917 -0.1549661 -0.986227 -0.03023988 -0.03705459 -0.9988556 -0.01328229 0.1303573 -0.9913781 0.3311255 -0.1907382 -0.9241076 0.01057547 0.3066372 -0.9517678 0.02048164 0.4517737 -0.8918976 0.01895475 0.4710068 -0.881926 0.08900862 0.5715775 -0.8157062 0.1207941 -0.2673059 -0.9560106 0.1615573 -0.2695356 -0.9493418 0.07238167 0.1288193 -0.989023 0.2392385 0.1203383 -0.9634749 -0.01823693 -0.4155203 -0.9094011 0.03622668 -0.3225728 -0.9458512 0.1037949 -0.2751602 -0.955779 -0.1340744 -0.3435077 -0.9295303 -0.1777488 -0.4001634 -0.8990409 -0.1394097 -0.3838889 -0.9127948 -0.1062819 -0.2602598 -0.9596713 -0.133436 -0.2770653 -0.9515408 -0.123981 -0.2973645 -0.9466801 -0.1517218 -0.3275389 -0.9325765 -0.1520878 -0.3274877 -0.9325349 -0.07669305 -0.1674696 -0.9828897 -0.0892899 -0.2163612 -0.9722217 -0.1049521 -0.2321299 -0.9670061 -0.1154741 -0.2328354 -0.9656363 -0.05458372 -0.1215474 -0.9910838 -0.05996936 -0.1581651 -0.98559 -0.07263118 -0.1700623 -0.982753 -0.04164409 -0.1174308 -0.9922075 -0.03959399 -0.08767288 -0.9953622 -0.03049254 -0.08559429 -0.9958634 -0.02941358 -0.01818495 -0.9994019 -0.02469074 -0.01942998 -0.9995064 -0.02983939 -0.002646148 -0.9995512 -0.02680176 -0.004217624 -0.9996319 -0.02960765 -1.14562e-4 -0.9995617 -0.03620666 0.001991748 -0.9993425 -0.03706604 0.001508355 -0.9993117 -0.05289399 0.0120688 -0.9985272 -0.0859124 0.02288335 -0.9960399 -0.08313357 0.01729714 -0.9963883 -0.08222162 0.02036583 -0.996406 0.004801571 -0.2404321 -0.9706541 -0.01964497 -0.2381419 -0.9710317 -0.0215466 -0.1947537 -0.9806155 -0.02941715 -0.1939725 -0.9805658 -0.02918732 -0.1628872 -0.9862129 -0.03567337 -0.162232 -0.9861077 -0.03424233 -0.1390661 -0.989691 -0.0393114 -0.1385502 -0.9895749 -0.03554457 -0.1294302 -0.9909513 -0.05672687 -0.127228 -0.9902501 -0.07917606 -0.1967207 -0.9772575 -0.1936678 -0.4474812 -0.8730713 -0.4732336 -0.8786867 -0.06292659 -0.2200199 -0.287137 -0.9322788 -0.1825907 -0.2106438 -0.9603592 -0.1598401 -0.1847555 -0.9696992 -0.4504176 -0.3511925 -0.8208457 0.1522971 0.04219913 -0.9874335 -0.6291228 -0.4199959 -0.6540703 -0.7752526 -0.4993174 -0.3868665 -0.2906474 -0.1462381 0.945589 -0.5039951 -0.6594061 -0.5578284 -0.469743 -0.5800196 -0.6655215 -0.3311129 -0.4197735 -0.8450766 -0.4290365 -0.3917505 -0.8139159 -0.4269788 -0.3894208 -0.8161132 -0.480531 -0.3701266 -0.795045 -0.2254836 -0.1728619 -0.9587889 -0.3049443 -0.2515702 -0.9185431 -0.2151091 -0.1653475 -0.9624907 -0.1699087 -0.1412269 -0.9752876 -0.1665763 -0.2432845 -0.9555444 -0.135722 -0.247258 -0.9593973 -0.05897694 -0.4140076 -0.9083609 -0.2303855 -0.3899559 -0.8915475 -0.230196 -0.3698214 -0.9001345 -0.3191701 -0.3525334 -0.8796879 -0.3434497 -0.191424 -0.9194559 -0.2076059 -0.9744191 -0.08606684 -0.09580987 -0.9507973 0.294627 -0.1674066 -0.9856584 0.02127659 -0.09972149 -0.9947977 0.02081501 -0.09046691 -0.9939551 0.06220239 -0.04556769 -0.6116145 -0.7898427 -0.1999324 -0.5908126 -0.7816443 -0.1255294 -0.9467545 -0.2964769 -0.2048171 -0.8111243 -0.5478389 -0.1913778 -0.8681931 -0.4578378 -0.1809217 -0.8960369 -0.4054446 0.007903277 -0.5015023 -0.8651204 -0.07898682 -0.4938094 -0.8659755 -0.05535471 -0.5459758 -0.8359704 -0.2286125 -0.5207955 -0.8225014 -0.2099213 -0.7267785 -0.6540077 -0.2874948 -0.708467 -0.6445319 -0.2662878 -0.8604251 -0.4344645 -0.03038567 -0.9883088 -0.1494077 -0.1482772 -0.4897468 -0.8591635 0.1782175 -0.7921612 0.5837115 0.1275246 -0.7922933 -0.5966649 0.1106118 -0.7438545 -0.6591249 0.07986265 -0.6254052 -0.7762024 0.1207498 -0.9868739 -0.1072359 0.2016808 -0.9737285 -0.1057248 0.1826915 -0.9470038 -0.2642114 0.1569311 -0.9511509 -0.2658659 0.1271482 -0.7980572 -0.5890145 0.1032372 -0.7995392 -0.5916751 0.0905373 -0.6700513 -0.7367729 0.04738497 -0.8481873 -0.5275727 0.02758938 -0.7952901 -0.605601 -0.006437301 -0.6629368 -0.7486478 0.08054876 -0.6652267 -0.7422839 0.05224901 -0.5365183 -0.8422697 0.05168133 -0.5364971 -0.8423181 0.04100155 -0.4038703 -0.913897 0.007012546 -0.4014723 -0.9158443 -0.08587497 -0.8832732 -0.4609275 -0.100818 -0.8412473 -0.5311673 -0.1292476 -0.7034231 -0.6989213 -0.005206406 -0.7149561 -0.6991501 -0.03601032 -0.5648899 -0.8243802 0.04492318 -0.5697927 -0.8205598 0.02905577 -0.4713873 -0.8814476 0.01445561 -0.4704589 -0.8823035 -0.002630949 -0.3453621 -0.9384659 0.03448903 -0.3483048 -0.9367467 0.03298586 -0.4653413 -0.8845165 0.06055241 -0.4667922 -0.8822916 0.07052522 -0.5528814 -0.8302702 0.08823084 -0.6254349 -0.775272 0.08932548 -0.6336131 -0.768476 0.1156815 -0.7436233 -0.6585152 0.1329535 -0.8386575 -0.5281829 0.141207 -0.8378941 -0.5272516 0.1598236 -0.8878906 -0.4314011 0.06446671 -0.8960837 -0.439179 0.08530676 -0.9390442 -0.3330448 -0.06438767 -0.9392616 -0.3371081 -0.05221515 -0.9603188 -0.2739737 -0.1579748 -0.9489596 -0.2729827 -0.154765 -0.9539423 -0.2569864 -0.2237955 -0.9407147 -0.2548948 -0.2061584 -0.9647212 -0.163743 0.04187673 -0.7178105 -0.6949781 0.04030686 -0.7372087 -0.6744619 0.07112985 -0.7371947 -0.6719259 -0.1942353 -0.4485189 -0.8724125 -0.1445828 -0.4560526 -0.8781298 -0.1451578 -0.458093 -0.8769721 -0.11828 -0.4617981 -0.8790633 -0.1194173 -0.4662773 -0.8765415 -0.1076847 -0.4677826 -0.877259 -0.1125009 -0.4872121 -0.8660069 -0.09152853 -0.4897787 -0.8670291 -0.09649288 -0.5118455 -0.8536413 -0.06775009 -0.5150532 -0.8544765 -0.07354754 -0.5446236 -0.8354495 -0.03404188 -0.5483728 -0.835541 -0.04041093 -0.5881083 -0.8077719 -0.3250792 -0.7306455 -0.6004005 -0.2435646 -0.7522709 -0.6121802 -0.2242161 -0.6676765 -0.709884 -0.1765339 -0.6767343 -0.7147493 -0.1779049 -0.6820654 -0.7093213 -0.1641166 -0.6843867 -0.7104088 -0.1683215 -0.7008964 -0.6931177 -0.1435608 -0.7047914 -0.694737 -0.1470792 -0.7197334 -0.6784921 -0.1131383 -0.7244139 -0.6800178 -0.1173415 -0.7442514 -0.6575112 -0.07103884 -0.7493361 -0.6583684 -0.07581436 -0.7753272 -0.6269927 -0.418466 -0.6973282 -0.5819103 -0.2537692 -0.4365333 -0.863157 -0.253925 -0.436761 -0.862996 -0.1672165 -0.2950565 -0.940734 -0.08615636 -0.2090575 -0.9741007 -0.08118635 -0.2017582 -0.9760648 -0.09620141 -0.3082354 -0.9464335 -0.07845717 -0.3102907 -0.9473987 -0.08023136 -0.318911 -0.9443828 -0.07083415 -0.3199565 -0.9447807 -0.07494223 -0.339337 -0.9376748 -0.05815285 -0.3411505 -0.9382083 -0.06291973 -0.3676041 -0.9278515 -0.04003357 -0.3699378 -0.9281936 -0.04520159 -0.4059134 -0.912793 -0.01368772 -0.4088009 -0.912521 -0.01885652 -0.4596726 -0.8878883 -0.1387208 -0.09676814 -0.9855924 -0.1053664 -0.0700289 -0.9919646 -0.1100819 -0.1171446 -0.986995 -0.05413681 -0.1231923 -0.9909051 -0.08130979 -0.2006308 -0.976287 -0.05253255 -0.2037569 -0.9776111 -0.05376124 -0.2126874 -0.9756403 -0.04686027 -0.213407 -0.975839 -0.05039101 -0.2353658 -0.9705997 -0.03797644 -0.2366393 -0.9708551 -0.0415017 -0.2658266 -0.9631271 -0.02483332 -0.2674788 -0.9632438 -0.02800196 -0.3078477 -0.9510236 -0.005277574 -0.3099521 -0.9507376 -0.007237613 -0.3681619 -0.9297336 0.0252673 -0.3707498 -0.928389 0.01620048 -0.4623116 -0.8865696 0.01708805 -0.4972788 -0.8674225 0.006799757 -0.5914289 -0.8063285 0.004576683 -0.6192121 -0.7852106 -0.01622521 -0.7795224 -0.6261643 -0.01017266 -0.7161327 -0.6978902 -0.02919799 -0.8666098 -0.4981316 0.03392916 -0.867771 -0.495805 0.004467904 -0.7764876 0.6301167 0.07303714 -0.9001035 -0.4295108 0.1152751 -0.8971219 -0.4264788 -0.0889756 -0.9518757 0.2932849 -0.08602029 -0.9743602 0.2079008 0.008936166 -0.870854 0.4914606 -0.01701974 -0.9373293 0.3480289 0.02917027 -0.9806369 0.1936507 -0.09881389 -0.6967655 -0.7104602 0.189743 -0.8103924 0.5543121 0.1853135 -0.9677512 -0.1706365 0.216598 -0.8943584 0.3914185 0.1674962 -0.9834831 -0.06860089 0.1528577 -0.9212962 -0.357558 0.115869 -0.9256039 -0.3603219 0.1014307 -0.7669422 -0.6336494 0.07058101 -0.7678741 -0.6367007 0.06808125 -0.6701145 -0.739129 0.05333453 -0.5235695 -0.850312 0.05353456 -0.5523573 -0.8318868 0.04661083 -0.4989084 -0.8654004 0.04637968 -0.4117851 -0.9101 0.01170462 -0.4094398 -0.9122622 0.0218656 -0.3046316 -0.9522193 -0.01798325 -0.3011509 -0.9534069 -0.06977534 -0.01205754 -0.9974899 -0.08468133 -0.03275197 -0.9958698 -0.03374356 -0.03794538 -0.9987099 -0.03726965 -0.04214227 -0.9984163 -0.02214139 -0.04366987 -0.9988006 -0.02730959 -0.05305272 -0.9982183 -0.01935416 -0.05385154 -0.9983614 -0.02880936 -0.07716029 -0.9966024 -0.01542383 -0.07850283 -0.9967946 -0.03053832 -0.1096143 -0.993505 -0.009284555 -0.111736 -0.9936946 -0.0331037 -0.1551369 -0.9873383 3.4122e-4 -0.1584313 -0.98737 -0.0372948 -0.2222402 -0.9742785 0.008929014 -0.2266733 -0.97393 -0.03860509 -0.268253 -0.9625747 0.01284658 -0.273064 -0.9619101 -0.04276299 -0.3239824 -0.9450962 0.0127995 -0.3290444 -0.9442278 -0.04673665 -0.3900277 -0.9196164 0.001570165 -0.394367 -0.9189517 -0.07938784 -0.4389767 -0.8949844 -0.07689899 -0.4863395 -0.8703795 -0.2434328 -0.4610067 -0.8533542 -0.2369518 -0.5990644 -0.7648371 -0.3245709 -0.5777168 -0.7489306 -0.3379614 -0.5386087 -0.7718049 -0.07906639 -0.3851289 -0.9194695 -0.04299473 -0.1564859 -0.986744 -0.04544931 0.03059118 -0.9984982 0.01810163 0.02438753 -0.9995387 0.02563321 0.315562 -0.9485587 0.06342166 0.4665929 -0.8821954 0.06196683 0.5995633 -0.7979248 0.08177864 0.5973527 -0.7977982 0.1254554 0.7311806 -0.670549 0.1959851 0.8183884 -0.5402132 0.1258109 0.6722409 -0.7295642 0.2284524 0.6534621 -0.7216626 0.1515163 0.3957805 -0.9057598 0.07168722 0.4065044 -0.9108321 0.0632413 0.106999 -0.9922459 0.07048922 0.1062361 -0.9918393 -0.01864469 -0.3282126 -0.94442 -0.006416261 -0.3610844 -0.9325112 -0.04933327 -0.3570721 -0.9327731 -0.08435302 -0.4530175 -0.887502 -0.07410854 -0.1723934 -0.9822365 -0.1016163 -0.21776 -0.9706981 -0.08198601 -0.2199937 -0.9720499 -0.1187522 -0.2730047 -0.9546552 -0.08559626 -0.2769399 -0.9570672 -0.132314 -0.3382284 -0.931716 -0.09388917 -0.3430211 -0.9346237 -0.1315999 -0.4296234 -0.8933674 -0.09761023 -0.4215104 -0.9015549 -0.07766395 -0.1664552 -0.9829858 -0.07424581 -0.1017226 -0.9920384 -0.05436933 -0.1038057 -0.9931105 -0.04364722 -0.05745476 -0.9973936 -0.04011183 -0.05781412 -0.9975213 -0.03441214 -0.02482438 -0.9990994 -0.02836108 -0.02543252 -0.9992742 -0.07046192 0.01690536 -0.9973712 -0.05883878 0.007917881 -0.9982362 -0.06881165 0.03383165 -0.9970559 -0.04181295 0.03117591 -0.9986391 -0.03237217 0.02257984 -0.9992209 -0.02809578 0.02538394 -0.9992829 -0.02050495 0.02463293 -0.9994863 -0.02486902 0.01493912 -0.9995791 -0.0206741 0.0145207 -0.9996808 -0.02830582 -0.00965476 -0.9995527 -0.02151805 -0.01033419 -0.9997151 -0.03476417 -0.04278057 -0.9984795 -0.02268391 -0.04399585 -0.9987742 -0.04494953 -0.08955031 -0.9949675 -0.02454364 -0.09161996 -0.9954916 -0.06194418 -0.1591762 -0.985305 -0.02767455 -0.1627091 -0.986286 -0.07787287 -0.2064755 -0.9753481 -0.02994179 -0.2115065 -0.9769179 -0.08977288 -0.2625525 -0.9607326 -0.03152662 -0.2687641 -0.9626899 -0.09914404 -0.3283097 -0.9393526 -0.0490663 -0.3338539 -0.941347 -0.06996393 -0.3549096 -0.9322791 -0.142687 -0.3460122 -0.9273166 -0.04973 -0.2152839 -0.9752845 -0.08219182 -0.2118363 -0.9738429 -0.0596404 -0.1319331 -0.9894629 -0.7495831 0.6345027 -0.1884984 -0.6458322 0.5820558 0.4940769 -0.5385489 0.4952486 0.6816847 -0.3134303 0.3140088 0.8961919 -0.7559619 0.6544913 0.01275831 -0.7341871 0.6421933 0.2203566 -0.7002246 0.6191797 0.3553901 -0.6077046 0.4891934 -0.6256076 -0.7075885 0.5884957 -0.3911411 -0.2483399 0.1638195 -0.9547201 0.1230652 0.9676717 -0.2201513 0.2439133 0.2403107 -0.9395515 0.2395126 0.5626311 -0.7912522 0.2169522 0.7384107 -0.6384994 0.242267 0.5580995 -0.7936195 0.1433008 0.9506425 -0.2752161 0.1289506 0.9684413 -0.213292 0.2019117 0.8085202 -0.5527448 0.1090149 0.9863032 -0.1237812 0.09129422 0.9945315 -0.05072206 0.1371715 0.959957 -0.2442676 0.07501721 0.9970036 0.01887768 0.05595707 0.9939964 0.09402173 0.05548864 0.9937884 0.09646642 0.04281497 0.9885323 0.1448135 0.04652464 0.9886065 0.1431528 -0.03185594 0.906515 0.4209702 -0.007564783 0.9423727 0.3344793 0.02959913 0.9799321 0.1971219 0.01780933 0.9802011 0.197202 -0.3727279 0.3591126 0.8556354 -0.3395189 0.3961088 0.8531265 -0.3233419 0.3801935 0.8665466 -0.2748305 0.4218971 0.8639855 -0.2636075 0.4073265 0.874412 -0.1901593 0.4567072 0.8690558 -0.1773023 0.4317991 0.8843719 -0.08835774 0.4631412 0.8818692 -0.08658707 0.4563136 0.8855963 -0.03392857 0.4663007 0.8839755 -0.03386771 0.465716 0.884286 -0.01441264 0.4676612 0.8837904 -0.01527404 0.4762337 0.8791862 -0.003379344 0.477187 0.8787953 -0.005215764 0.4967567 0.8678743 0.01716619 0.4980677 0.8669683 0.01545077 0.5211567 0.8533211 0.0319314 0.5216596 0.8525559 0.03171634 0.5259996 0.8498933 0.04872334 0.5263837 0.84885 0.04755967 0.5523256 0.8322708 0.06891876 0.5520989 0.8309255 0.06872838 0.5613496 0.82472 0.075652 0.5612301 0.8241952 0.07566106 0.5635895 0.8225828 0.0943861 0.5630714 0.8210005 0.09421992 0.5949761 0.7982018 0.1182298 0.593325 0.7962332 0.1184363 0.6024741 0.7893021 0.1430379 0.6003473 0.7868438 0.1443208 0.6255785 0.7666962 0.1792907 0.6199975 0.7638443 -0.05583417 0.1001516 -0.9934045 -0.09215801 -0.06973284 -0.9932997 -0.09834831 -0.06874901 -0.9927745 -0.09466058 -0.03546637 -0.9948776 -0.09186714 -0.03573042 -0.99513 -0.09104871 -0.02344399 -0.9955706 -0.08158743 -0.02415704 -0.9963735 -0.07959324 0.01802712 -0.9966644 -0.07269924 0.0178467 -0.9971942 -0.07271254 0.02110117 -0.9971297 -0.0701189 0.02098906 -0.9973178 -0.06991964 0.03333908 -0.9969955 -0.06210732 0.03326624 -0.9975149 -0.06232935 0.06890684 -0.9956742 -0.05654126 0.0691123 -0.9960054 -0.05674999 0.07524818 -0.9955487 -0.05115056 0.07536435 -0.9958434 -0.05281585 0.1117792 -0.9923285 -0.04525017 0.1122201 -0.9926526 -0.04818624 0.1529518 -0.9870582 -0.04311823 0.153351 -0.9872306 -0.04515206 0.1770631 -0.9831632 -0.05184143 0.1764121 -0.9829503 -0.05312144 0.1859524 -0.9811217 -0.08172273 0.1806192 -0.9801521 -0.08365273 0.1878061 -0.9786374 -0.1321758 0.1709783 -0.9763688 -0.1406095 0.1875368 -0.9721415 -0.1796139 0.1608788 -0.9704931 -0.1895859 0.173555 -0.9664036 -0.213223 0.1533105 -0.9649 -0.2508202 0.1913231 -0.9489388 -0.2631341 0.1775705 -0.9482771 -0.4640483 0.3561671 -0.8110514 0.2058975 0.6462516 0.7348233 0.2367691 0.638061 0.7326791 0.2462961 0.6747106 0.6957758 0.2789381 0.6631164 0.6946008 0.2924316 0.698164 0.6534913 0.2979909 0.6958118 0.6534888 0.3126171 0.7226822 0.6164423 0.2562403 0.749516 0.6103825 0.2609692 0.7580219 0.5977441 0.1842811 0.7836008 0.5933046 0.1856644 0.7864199 0.5891286 0.1164892 0.8043791 0.5825845 0.1296593 0.8355451 0.5339035 0.07209533 0.8476704 0.5256019 0.07475823 0.852471 0.5174016 -0.6242184 0.5638505 0.5407626 -0.5773748 0.6148557 0.5372066 -0.5731244 0.6111191 0.5459504 -0.492973 0.6808298 0.5417088 -0.4884294 0.6753023 0.5526334 -0.3586567 0.7592356 0.5430716 -0.3529314 0.7489016 0.5608795 -0.1895416 0.8088119 0.5566844 -0.1887885 0.8061414 0.5607987 -0.08991569 0.8251214 0.5577544 -0.09001547 0.8257384 0.5568243 -0.05599731 0.8293238 0.5559553 -0.05687671 0.8362026 0.5454635 -0.0429176 0.8373866 0.5449236 -0.04472744 0.8511472 0.5230181 -0.0165283 0.8529314 0.5217614 -0.018368 0.8674966 0.4971039 0.002555131 0.8682782 0.4960711 0.002284586 0.8708943 0.4914652 0.02389436 0.8713641 0.4900549 0.02210474 0.8865562 0.4620925 0.04888898 0.8863638 0.4604013 0.04834753 0.891512 0.4504097 0.05705547 0.8913543 0.4497023 0.05697065 0.8926579 0.4471202 0.08046811 0.8917554 0.4453061 0.07853341 0.9090156 0.4092962 0.1082256 0.9070757 0.4068182 0.1077567 0.911826 0.3961842 0.1439565 0.9083783 0.3925884 0.1428294 0.9209429 0.3625798 0.2228326 0.9076936 0.3555814 0.2230616 0.9217722 0.317143 0.2957135 0.9028174 0.3122088 0.2978429 0.9177796 0.262622 0.3631823 0.8946394 0.2602289 0.3672172 0.9066255 0.2078018 0.4090301 0.8885236 0.2078949 0.414452 0.895251 0.1635706 0.3630461 0.9181535 0.1587193 0.3646878 0.9194701 0.1468935 0.2694421 0.9527711 0.1401005 0.2699829 0.9531007 0.1367791 0.2072148 0.9694187 0.1314895 0.2112532 0.9719301 0.1035573 0.1669413 0.9812245 0.09658783 0.1674789 0.9813782 0.09406226 -0.7501593 0.6509312 0.1164019 -0.6970947 0.7080281 0.1129385 -0.6977397 0.708451 0.1060966 -0.6034135 0.7910534 0.1006316 -0.6028939 0.7906306 0.1068757 -0.4457012 0.8898168 0.09786057 -0.4449129 0.888934 0.1088528 -0.2460185 0.9639212 0.1016412 -0.2459273 0.9637501 0.1034677 -0.1244383 0.9872205 0.0995537 -0.1245504 0.9875686 0.09589362 -0.08413517 0.9919424 0.09471851 -0.08466166 0.9932378 0.07944345 -0.07203072 0.9942655 0.07904344 -0.07322061 0.9960911 0.0494095 -0.04616332 0.9977773 0.04805678 -0.04762446 0.9987103 0.01759737 -0.02746224 0.9994888 0.0163719 -0.02770775 0.999556 0.01096999 -0.006875336 0.999926 0.01004683 -0.008840143 0.9996975 -0.02295672 0.01666885 0.9995584 -0.02459913 0.01591747 0.9992045 -0.03656518 0.0242176 0.9990233 -0.0369597 0.02407598 0.9989175 -0.03980118 0.04649043 0.9980614 -0.04137903 0.04320359 0.9956924 -0.08203744 0.07112419 0.993885 -0.08446305 0.0701121 0.9929153 -0.09593558 0.1088625 0.9890525 -0.09962016 0.1056152 0.9856189 -0.1319128 0.1978458 0.9702092 -0.1398254 0.1936885 0.9644091 -0.1800003 0.2806079 0.9416519 -0.1858791 0.275202 0.9320967 -0.2354991 0.3568812 0.9031889 -0.2385071 0.3510953 0.8905769 -0.2891451 0.4186499 0.8610176 -0.2887579 0.4146576 0.848326 -0.3292448 0.3813038 0.86295 -0.3315491 0.3809388 0.8604332 -0.3384381 0.2895764 0.8920542 -0.3469653 0.2896351 0.8914639 -0.3484302 0.248431 0.9026131 -0.3515279 0.2483485 0.9034736 -0.3493689 0.2265154 0.9078851 -0.3527541 0.2259702 0.9096529 -0.3485245 -0.7227209 0.6061415 -0.3320649 -0.6752234 0.657418 -0.3344773 -0.670185 0.6514014 -0.3557083 -0.5819138 0.7284364 -0.3616031 -0.5816347 0.7279777 -0.3629733 -0.4335017 0.8223671 -0.368495 -0.4336986 0.8228392 -0.3672076 -0.2448523 0.8933315 -0.376837 -0.2447052 0.8926573 -0.3785265 -0.1294049 0.9149234 -0.3823214 -0.1292129 0.9126498 -0.3877815 -0.09210538 0.9166583 -0.3889142 -0.09190076 0.909268 -0.4059385 -0.08367872 0.9099364 -0.4062188 -0.08367717 0.895677 -0.4367618 -0.06444519 0.8969708 -0.4373676 -0.06505453 0.8821042 -0.4665405 -0.0506702 0.8825958 -0.4673942 -0.05081546 0.8799947 -0.4722576 -0.03594517 0.8802247 -0.4731942 -0.03758823 0.8637738 -0.502476 -0.01972901 0.8636353 -0.503731 -0.02047777 0.8575347 -0.5140185 -0.01467287 0.8573412 -0.5145395 -0.01482737 0.8557959 -0.5171014 8.80235e-4 0.8553443 -0.5180592 -0.002905607 0.8334239 -0.5526267 0.01622915 0.8320714 -0.5544312 0.01492685 0.8253971 -0.5643552 0.04651892 0.8223701 -0.567048 0.04200023 0.8037146 -0.5935308 0.1233377 0.7900288 -0.6005351 0.1159228 0.766234 -0.6320185 0.1954451 0.7452399 -0.6375099 0.1841412 0.7145792 -0.6748843 0.2617995 0.6870113 -0.6778471 0.2482221 0.654362 -0.7142801 0.3247627 0.6208974 -0.7134534 0.3134611 0.5938354 -0.741014 0.3064886 0.5970283 -0.741365 0.3057426 0.5946354 -0.7435928 0.2398774 0.6161799 -0.7501876 0.2398661 0.6161653 -0.7502031 0.2301008 0.6189908 -0.7509354 0.2330091 0.6441696 -0.7285276 0.2383552 0.6431674 -0.727683 0.2381895 0.6520063 -0.7198288 -0.5486688 0.4364616 -0.7130665 -0.5157098 0.4727357 -0.7145379 -0.4963824 0.4521232 -0.7410731 -0.4332571 0.5066285 -0.7453966 -0.4292132 0.5012 -0.7513819 -0.3242111 0.5704793 -0.7546129 -0.3213869 0.5646851 -0.7601587 -0.1863032 0.6132124 -0.7676338 -0.1853917 0.6096468 -0.7706885 -0.1036416 0.625217 -0.7735388 -0.1028831 0.618804 -0.778779 -0.07797598 0.621285 -0.7796954 -0.07684224 0.6046946 -0.792742 -0.07503175 0.6048673 -0.7927836 -0.07353299 0.5747708 -0.8150041 -0.06686604 0.5752029 -0.8152734 -0.06633746 0.5465837 -0.8347728 -0.06131261 0.5467985 -0.8350164 -0.06128102 0.5417087 -0.8383295 -0.05609631 0.5418857 -0.8385779 -0.05694776 0.5123913 -0.8568618 -0.05120205 0.5122798 -0.8572909 -0.0517556 0.5020009 -0.8633173 -0.04990774 0.5019307 -0.8634667 -0.05001217 0.4990861 -0.8651081 -0.04496794 0.4990335 -0.8654152 -0.04829901 0.4624889 -0.8853086 -0.04275631 0.4621169 -0.8857878 -0.04397732 0.4513202 -0.8912778 -0.02749472 0.4499417 -0.8926346 -0.0321803 0.4203121 -0.9068089 0.0179091 0.4119348 -0.9110373 0.009135961 0.37615 -0.9265137 0.06130748 0.3625112 -0.9299608 0.0472002 0.3190363 -0.9465665 0.1014078 0.2997148 -0.9486241 0.08395284 0.2562255 -0.9629645 0.1506508 0.2273953 -0.9620789 0.1357029 0.1943228 -0.9715057 0.1563766 0.1842148 -0.9703666 0.1563669 0.1841663 -0.9703773 0.1322772 0.1916628 -0.9725061 0.1326348 0.1933211 -0.9721292 0.1564255 0.1865153 -0.9699192 0.1683819 0.2487405 -0.9538217 0.1999949 0.2428107 -0.949234 0.2016867 0.2610589 -0.9440185 0.1376078 -0.185768 -0.9729104 0.1238096 -0.1832755 -0.975234 0.11954 -0.2086906 -0.9706485 0.06821513 -0.1986986 -0.9776839 0.04536646 -0.2902925 -0.955862 -0.006402671 -0.2759838 -0.9611411 -0.007265746 -0.2791965 -0.9602065 -0.03125345 -0.2718025 -0.9618455 -0.0323596 -0.2744709 -0.9610509 -0.07529044 -0.2529515 -0.964545 -0.06085067 -0.2226084 -0.9730072 -0.1011008 -0.2054069 -0.9734407 -0.08431679 -0.1625279 -0.9830948 -0.09597241 -0.1583884 -0.9827016 0.1960472 0.483816 0.8529289 -0.09059327 -0.1108225 -0.9897027 -0.0999785 -0.108404 -0.9890667 0.01934254 0.8614673 0.5074446 0.0391047 0.8986614 0.4368967 0.1223521 0.9887186 0.0864045 0.1176485 0.9871504 0.1081349 0.2005406 0.9140003 -0.3526854 0.1817385 0.9550928 -0.2340277 0.2378795 0.652048 -0.7198936 0.2234566 0.8061929 -0.5478324 0.226721 0.2564281 -0.939597 0.2376164 0.5585641 -0.7946978 0.2320539 0.3541828 -0.905928 0.2260141 0.2421829 -0.9435387 -0.9949872 0.09952753 0.009731471 -0.9950327 0.09910857 0.009347081 -0.9946602 0.1027016 0.01017737 -0.996019 0.08857011 0.01008272 -0.99507 0.09872698 0.009423553 -0.9934722 0.1136958 0.009292423 -0.9950864 0.09852868 0.009750187 -0.9950465 0.09890896 0.009981036 -0.9949799 0.09958285 0.009916841 -0.9949178 0.1002537 0.009385108 -0.9949989 0.09942883 0.009543359 -0.9950016 0.09938305 0.009746909 -0.9949844 0.09955483 0.00974071 -0.9949957 0.09944534 0.009710788 -0.9950091 0.09930157 0.009811162 -0.9949922 0.09947025 0.009816408 -0.9949673 0.09971803 0.009819328 -0.9948393 0.1009867 0.009830653 -0.9950072 0.09934842 0.009516596 -0.9950824 0.09858143 0.009629905 -0.9956812 0.09232431 0.009763062 -0.9950237 0.09918642 0.00948745 -0.9947631 0.1017584 0.009578764 -0.05412435 0.1630618 0.9851302 -0.2025732 0.6972467 0.6876126 -0.1775274 -0.602712 0.7779604 0.4682095 0.2746212 0.839859 0.3345906 0.8420046 0.4231754 0.2569206 0.9651704 -0.04937577 0.1664764 0.4761615 0.8634557 0.04808253 0.778383 0.6259457 -0.01508253 -0.2812754 0.9595087 -0.05261254 -0.7476018 0.66206 -0.1261906 -0.5222796 0.8433861 0.144641 -0.1640714 0.9757867 0.1446394 -0.3059363 0.9410008 0.1308728 -0.2996329 0.9450358 0.07218772 -0.388997 0.9184064 0.1245355 -0.3891781 0.9127055 0.1246728 -0.3841956 0.9147954 0.1727924 -0.3891382 0.9048284 0.03373336 -0.391895 0.9193913 0.04959732 -0.3789259 0.9240971 0.04372197 -0.3442546 0.9378579 0.110155 -0.3485594 0.9307913 0.1440976 -0.3099614 0.9397659 0.1851177 -0.3690168 0.9108008 -0.008299767 -0.3976171 0.9175139 -0.002955555 -0.3928769 0.9195864 -0.001069724 -0.3862303 0.9224019 -0.02154469 -0.4295464 0.9027878 -0.02554386 -0.4198424 0.9072375 -0.009768605 -0.4080815 0.9128932 -0.06947559 -0.4753296 0.8770604 -0.06426244 -0.4750408 0.8776142 -0.0404613 -0.4594927 0.8872596 -0.04908055 -0.4424364 0.8954558 -0.03644967 -0.4397582 0.8973763 -0.06956481 -0.5306622 0.8447239 -0.09795087 -0.4530171 0.8861046 -0.07788616 -0.4745282 0.8767878 -0.1150759 -0.7708482 0.6265388 -0.1260404 -0.750613 0.6486092 -0.1655238 -0.6935784 0.7011069 0.1839432 -0.7762749 0.6029613 0.2236663 -0.7147601 0.6626397 0.1562663 -0.8257827 0.5419076 0.1411747 -0.8648691 0.4817377 0.1062571 -0.8970586 0.428947 0.04797738 -0.9436753 0.3273764 0.2968025 -0.4126328 0.8611867 0.3015265 -0.4000224 0.8654847 0.2476948 -0.535784 0.8072069 -0.01688683 -0.2867211 0.9578654 -0.02051299 -0.3149411 0.9488896 0.05160701 -0.3994464 0.9153029 0.1057883 -0.3582906 0.9275973 -0.01578539 0.4809168 0.8766242 0.1853619 0.7892156 0.5854741 0.1877598 0.8370503 0.5138999 0.2157799 0.8262245 0.5203771 0.4655376 0.7978067 0.3831177 0.4583443 0.7776292 0.4303641 0.3806717 0.5603463 0.7355958 0.594953 0.471917 0.6506346 0.4085621 0.2101658 0.8882046 0.6086667 0.6985043 0.3763199 0.04642426 -0.1693122 0.9844685 0.7331047 0.383727 0.5615257 0.796158 0.467095 0.3846487 0.2758768 0.7092198 0.6487677 0.2451889 0.5876266 0.7710885 0.3774424 0.5533146 0.7425498 0.2758627 0.3179533 0.9070863 0.2761086 0.3186451 0.9067686 0.2588451 0.02513998 0.9655917 0.2586749 0.02476626 0.965647 0.1185056 0.04011428 0.9921428 0.1176599 0.03564715 0.9924139 0.07174193 0.04045718 0.9966025 0.4673143 0.1403408 0.8728815 0.6317893 0.2836841 0.7213638 0.003991842 -0.3263267 0.9452487 -0.009291708 -0.2812412 0.9595921 0.008954286 -0.2829692 0.9590872 0.001809835 -0.2507482 0.9680507 0.01308649 -0.25181 0.9676883 0.009823262 -0.227878 0.9736402 0.01649099 -0.2285049 0.9734031 0.0139063 -0.2185845 0.9757189 0.04151558 -0.2211112 0.9743646 -0.00142759 -0.3445131 0.9387804 0.001913666 -0.3537012 0.9353565 -0.008342087 -0.3527585 0.9356773 -0.00326091 -0.3748412 0.9270834 -0.02080649 -0.3731949 0.9275197 -0.01178187 -0.4026961 0.9152579 -0.0385614 -0.4000843 0.9156668 -0.02361583 -0.4410119 0.8971905 -0.06431519 -0.4367836 0.8972646 0.1443506 -0.5239518 0.8394268 0.04759079 -0.6810929 0.7306488 0.03245556 -0.481498 0.875846 -0.0582481 -0.5322754 0.8445651 -0.1173925 -0.524983 0.842978 -0.1263328 -0.5739147 0.8091118 -0.1862155 -0.6011299 0.777153 -0.1877487 -0.6027094 0.7755592 -0.1787679 -0.6060477 0.7750795 -0.2296421 -0.6645059 0.7111234 0.08230519 -0.3861124 0.9187726 0.08278846 -0.3880294 0.9179213 0.1420519 -0.4858562 0.8624182 0.1632367 -0.3897618 0.9063331 0.211676 -0.5229404 0.8256675 0.1893603 -0.5954335 0.78077 0.1240606 -0.5970001 0.7925907 -0.07758074 -0.6841404 0.7252126 -0.05536484 -0.6747474 0.7359692 -0.07435339 -0.7235062 0.686302 0.1026434 -0.7308429 0.6747837 0.03567546 -0.8732637 0.4859402 0.1241086 -0.781108 0.6119375 0.1218856 -0.7864068 0.6055645 0.01160031 -0.8821806 0.4707683 0.04768836 0.778433 0.6259138 0.0888344 0.704671 0.7039512 0.01199054 0.7108612 0.7032302 0.0406953 0.5864335 0.8089745 -0.02780097 0.5908439 0.8063068 -0.07370793 0.5397801 0.8385729 -0.06830656 0.5354188 0.8418201 -0.06226742 0.535228 0.8424096 0.01185363 0.229101 0.9733305 0.03560715 0.1768595 0.9835919 0.01510679 -0.0223757 0.9996356 -4.38472e-4 -0.02080529 0.9997835 -0.07210743 -0.3626029 0.9291501 -0.0470215 -0.3654107 0.929658 -0.02460938 -0.07334202 0.9970032 -0.09665518 -0.06579637 0.9931409 -0.09494858 -0.08032655 0.9922361 -0.1389642 -0.07545101 0.987419 -0.1405086 -0.01318252 0.9899917 -0.1651859 -0.0106039 0.9862055 -0.1416952 0.1702647 0.9751577 -0.1348538 0.1697576 0.9762156 0.02694195 -0.1628838 0.9862774 -0.01235198 -0.159044 0.9871943 -0.009958922 -0.2179247 0.9759148 -0.06844127 -0.2117312 0.9749286 -0.06796389 -0.2266902 0.9715928 -0.119522 -0.2205583 0.968023 -0.1168046 -0.1601538 0.9801568 -0.1613252 -0.1546695 0.9747059 -0.126547 0.03413361 0.9913732 -0.1558244 0.03696733 0.9870929 -0.09159457 0.1985019 0.9758112 -0.08354473 0.2372386 0.9678523 -0.07616013 -0.08754169 0.9932453 -0.1350334 -0.08101272 0.9875237 -0.1016536 -0.2733856 0.9565182 -0.1062298 -0.2728146 0.9561838 -0.08403694 -0.3325124 0.9393473 -0.04626774 -0.3368148 0.9404336 0.01299721 0.3329438 0.9428571 -0.01859265 0.5628005 0.8263837 -0.1033219 0.6442033 0.7578435 0.0334745 -0.2170157 0.9755941 0.02870309 -0.2165825 0.9758424 0.01762765 -0.2710119 0.9624146 -0.003216862 -0.269068 0.9631159 -0.00796616 -0.3248989 0.9457152 -0.0548262 -0.3200865 0.9458006 0.1702651 0.799852 0.5755403 0.163446 0.8009964 0.5759255 0.1398699 0.6074885 0.781917 0.1402581 0.8062902 0.5746511 0.08873677 0.593802 0.7997031 0.08640646 0.6377416 0.7653886 0.02066671 0.6956831 0.7180514 -0.06430077 0.2336414 0.9701945 0.01765507 0.2264962 0.973852 0.01562219 0.2907541 0.9566702 0.08140116 0.2839807 0.9553685 0.0858469 0.3615574 0.9283893 0.117928 0.3576755 0.92637 0.1290258 0.4633376 0.8767387 0.1455218 0.4610398 0.875366 0.1547418 0.5224609 0.8385044 0.1690584 0.5202413 0.8371191 0.2041676 0.7229146 0.6600834 0.2180265 0.7201278 0.658696 0.1897211 0.5857057 0.7880069 0.02744626 0.0460416 0.9985625 0.06787961 0.04193478 0.9968118 0.07483071 0.1090702 0.9912135 0.08877372 0.1075769 0.9902255 0.102152 0.2030284 0.9738299 0.1052298 0.2026755 0.9735755 0.1160639 0.2616395 0.9581618 0.1202996 0.2611201 0.957781 0.1287369 0.3003152 0.9451125 0.1327013 0.2998052 0.9447261 0.139043 0.326574 0.9348886 0.06322032 -0.04752767 0.9968672 0.06532859 -0.04773384 0.9967215 0.08064496 0.03841334 0.9960024 0.07567185 0.0389263 0.9963728 0.08760291 0.09400761 0.9917098 0.08576768 0.09420537 0.9918515 0.09487062 0.1317713 0.98673 0.09437876 0.1318252 0.9867699 0.1013291 0.1588279 0.9820927 0.06064832 -0.08533853 0.9945045 0.04999983 -0.08431971 0.9951835 0.06370216 -0.03308194 0.9974205 0.05770277 -0.03249067 0.997805 0.06772691 0.003136456 0.997699 0.06429022 0.00348258 0.9979252 0.07166087 0.02948713 0.9969931 0.07036602 0.02962023 0.9970814 0.1008186 0.1588857 0.982136 0.1039851 0.1698446 0.9799694 0.1410745 0.3262976 0.9346807 0.1441571 0.3381049 0.930002 0.1996466 0.5839251 0.7868754 -0.04820823 -0.4216309 0.9054851 -0.05389833 -0.4070499 0.9118143 -0.07133483 -0.5818651 0.8101508 -0.1368241 -0.5732158 0.8079004 -0.1646832 -0.6723328 0.7216981 -0.1847834 -0.6687043 0.7202011 -0.1733704 -0.6464033 0.7430381 -0.2419154 -0.7064827 0.6651009 0.07883024 0.6823663 0.7267476 0.07629948 0.5585981 0.8259218 0.03254419 0.5627789 0.8259667 0.02826792 0.5822193 0.8125402 -0.04172939 0.3495314 0.9359949 -0.08997172 0.3525258 0.9314669 -0.07492846 0.4122921 0.9079654 -0.117776 0.4139943 0.9026282 -0.1154883 0.4206246 0.8998541 -0.1284328 0.4203501 0.8982265 -0.1584288 0.247265 0.9559081 -0.1691166 0.3250192 0.9304634 -0.1705403 0.3111459 0.9349355 -0.1430074 0.1799112 0.9732322 -0.05716389 0.1731828 0.9832295 -0.03074884 -0.01005947 0.9994766 0.02712225 -0.01584917 0.9995065 0.03107255 -0.1047655 0.9940115 0.05299288 -0.1068613 0.9928608 0.04945957 -0.164147 0.9851952 0.04199737 -0.1634637 0.9856551 0.0379371 -0.1959278 0.9798843 0.0319432 -0.1953803 0.9802073 0.02936673 -0.1463773 0.9887928 0.03603047 -0.1470073 0.988479 0.03605979 -0.1125356 0.9929932 0.0399481 -0.1129075 0.9928022 0.04138118 -0.08755666 0.9952997 0.04361224 -0.08777153 0.9951855 0.0436142 -0.0773279 0.9960513 0.07834482 -0.08067649 0.9936566 0.07824975 -0.07607811 0.9940268 0.1837742 -0.08570379 0.9792252 2.12255e-4 -0.352446 0.9358322 -0.02845752 -0.4001328 0.9160153 -0.03685289 -0.5144722 0.8567149 -0.07214975 -0.5107309 0.8567079 -0.08661609 -0.6435198 0.760513 -0.1397123 -0.6362401 0.7587351 -0.1665323 -0.7076285 0.6866797 -0.07442319 -0.7206039 0.6893413 -0.1035144 -0.7493 0.6540905 0.03768545 -0.7594845 0.649433 0.008600056 -0.8201857 0.5720328 -0.0237025 -0.8322104 0.5539533 -0.009558796 -0.1181176 0.9929536 -0.004416465 -0.2533271 0.9673706 -0.01631027 -0.252154 0.9675496 -0.04579788 -0.3909864 0.9192563 -0.04972714 -0.3862783 0.921041 0.01676368 -0.5516615 0.8338997 -0.05717509 -0.5453473 0.836258 -0.05735784 -0.5451917 0.8363469 -0.04107898 -0.5368397 0.8426836 -0.06334382 -0.5345306 0.842772 -0.02243918 -0.4464235 0.8945404 -0.00848031 -0.4476906 0.8941483 0.005593538 -0.3883855 0.92148 0.01248794 -0.3837645 0.9233466 0.01065129 -0.3455921 0.9383244 0.03054589 -0.3331634 0.9423742 0.03951972 -0.2166222 0.9754554 0.1507796 -0.2251805 0.9625795 0.1755838 -0.1797609 0.9679134 0.3662229 0.01218312 0.9304474 0.3626657 0.008075535 0.9318844 0.6019216 0.2548058 0.756812 0.461834 0.3072867 0.8320362 0.3771753 0.1358208 0.9161285 0.1656509 0.1671251 0.9719203 0.09756672 -0.05879473 0.9934908 0.1267073 0.1671878 0.9777493 0.1751181 0.3344346 0.9260061 0.1749769 0.3337003 0.9262977 0.2442506 0.5846897 0.7736148 0.201781 0.5931646 0.7793846 0.2542471 0.8733579 0.415457 0.2357399 0.8265151 0.5111746 -0.1547896 -0.5574845 0.8156295 -0.1003745 -0.5454824 0.8320901 -0.09476166 -0.4896957 0.8667287 -0.04037815 -0.4958608 0.8674628 -0.03387117 -0.4231107 0.9054447 -4.90165e-4 -0.3259155 0.9453989 0.002767145 -0.3526767 0.9357411 0.01292186 -0.2662474 0.9638181 0.006989657 -0.2656971 0.9640313 0.0263763 -0.3164491 0.9482427 -0.005361318 -0.3136036 0.949539 0.01891475 -0.3690639 0.9292116 -0.02538859 -0.3650326 0.9306486 0.002362966 -0.423755 0.9057739 -0.05077737 -0.4186475 0.9067282 -0.03537732 -0.4378606 0.8983467 -0.05693912 -0.4355981 0.8983386 -0.07940179 -0.400247 0.912961 -0.06286633 -0.4021726 0.913403 -0.09583848 -0.2065317 0.9737349 -0.06402045 -0.210211 0.9755578 -0.03680896 0.1060311 0.9936813 0.01560491 0.1008763 0.9947766 0.05497145 0.3852334 0.9211805 0.1823492 0.4190208 0.8894776 0.1227029 0.4277634 0.8955236 0.05914038 0.3252242 -0.9437858 0.003639459 -0.1556752 -0.9878016 -0.04720187 0.7356458 -0.6757197 0.3278157 0.5467685 -0.7704422 0.1584591 0.3361503 -0.9283823 0.07862675 0.1353572 -0.9876722 0.05448877 0.5708072 -0.8192741 0.3310057 0.4451617 -0.8320254 0.1942578 0.881456 -0.4304642 0.4273431 0.5165686 -0.7419804 0.7043344 0.7065283 -0.06878113 0.2346293 0.9391161 -0.2510182 0.2619957 0.8998374 0.3487849 0.1789563 0.6510588 -0.7376294 0.1843734 0.930331 -0.3170027 0.2011082 0.9308813 -0.3049845 0.2123798 0.9284842 -0.3046507 0.1346956 0.9623495 -0.2360945 0.1574261 0.9589068 -0.2360401 0.1519768 0.945892 -0.2866904 0.1910414 0.9443767 -0.267686 0.1238291 0.9611338 -0.2467555 0.03764039 0.7117254 -0.7014486 0.1191982 0.9913035 0.05576258 0.02193778 0.9104425 -0.4130535 0.03929269 0.9924564 -0.1161316 -0.0264945 0.9930362 -0.1147916 -0.05824232 0.8803877 -0.4706648 -0.07188236 0.997402 0.004718363 -0.1215166 0.9925761 0.005162715 -0.1186799 0.7650645 0.6329229 0.2052675 0.975587 0.07807248 0.2112984 0.9755632 0.06024533 0.2054761 0.9764538 0.06570851 0.2103632 0.9759781 0.0566954 0.09040147 0.8942999 0.4382411 0.02618169 0.7432777 0.6684706 0.2734456 0.8694815 -0.4113752 0.244138 0.9406808 -0.235619 0.2470375 0.9335448 -0.2597434 0.2227328 0.9693916 -0.1032959 0.3153685 0.7779741 -0.5434143 0.2988287 0.86645 -0.3999574 0.2941949 0.2916678 -0.9101535 0.2850276 0.3058835 -0.9084022 0.2893096 0.286593 -0.913326 0.1815914 0.2606885 -0.948191 0.05637949 0.2775187 -0.9590646 0.05403566 0.3073552 -0.9500595 0.0263819 0.1928613 -0.9808713 0.009401679 0.02633833 -0.9996089 -0.3346564 0.3328484 -0.8815991 -0.01435953 -0.1539754 -0.9879704 -0.02407491 -0.3067035 -0.9515007 -0.02251547 -0.3272497 -0.9446697 -0.09234219 -0.4369637 -0.8947266 -0.1247665 0.4135441 -0.9018951 -0.1654336 0.4146815 -0.8948022 -0.07666307 0.02243882 -0.9968045 -0.2431301 0.03202444 -0.9694649 0.01487123 0.5527966 -0.8331835 -0.04038208 0.4657496 -0.8839947 -0.1080924 0.4208463 -0.900669 0.1356986 0.5225321 -0.8417519 0.1738933 0.5355302 -0.8264192 0.1284917 0.478989 -0.868366 0.148631 0.4693709 -0.8704021 0.1478615 0.4694928 -0.8704675 0.1195709 0.4382248 -0.890877 0.1290543 0.4228017 -0.8969859 0.1023265 0.4044882 -0.9088006 0.1121487 0.3790203 -0.9185675 0.06916141 0.3206102 -0.944683 0.07557451 0.3197756 -0.9444745 0.0355941 0.2517962 -0.9671256 0.03593599 0.2585465 -0.9653302 0.04416161 0.2752586 -0.9603555 0.05084133 0.2798644 -0.9586924 0.05311214 0.2978789 -0.953125 0.06515663 0.3195852 -0.9453148 0.02446365 0.1726672 -0.9846764 0.02085745 0.1693124 -0.9853417 0.02495121 0.1596426 -0.9868595 0.02293771 0.1603869 -0.9867877 0.02562218 0.1568353 -0.9872924 0.03294485 0.1536049 -0.9875831 0.0333417 0.1539385 -0.9875178 0.04531025 0.1477077 -0.9879927 0.07963848 0.1370058 -0.9873638 0.07879906 0.1382777 -0.9872538 0.07827776 0.134238 -0.9878526 -0.008488357 0.3893142 -0.9210659 0.0159558 0.3871186 -0.9218919 0.01780712 0.3457643 -0.9381524 0.0256775 0.3449875 -0.9382561 0.02541637 0.3151683 -0.9486954 0.03190267 0.3145067 -0.948719 0.03045052 0.2921859 -0.9558768 0.03551989 0.2916594 -0.9558626 0.03174513 0.2828669 -0.9586338 0.05292987 0.2805878 -0.9583678 0.0754494 0.3472007 -0.9347508 0.1904183 0.578626 -0.7930529 0.4732574 0.877857 0.07344722 0.2164938 0.4295051 -0.8767303 0.1789311 0.3583368 -0.9162852 0.1561425 0.334228 -0.9294683 0.4478426 0.4760712 -0.7568311 -0.1506395 0.1166111 -0.9816871 0.6263118 0.5175394 -0.5829979 0.7740145 0.5534824 -0.3075042 0.288478 -0.007890999 0.9574541 0.5020245 0.7387019 -0.4497677 0.4673396 0.677114 -0.568428 0.3279992 0.5469068 -0.7702659 0.4260272 0.5143852 -0.7442505 0.4239382 0.5124292 -0.7467883 0.477576 0.4900848 -0.7292038 0.2218247 0.3208047 -0.920803 0.3015359 0.3922505 -0.8690316 0.2114038 0.3139884 -0.9255917 0.1661729 0.292108 -0.9418383 0.1629478 0.3898195 -0.9063602 0.13208 0.3943375 -0.9094244 0.05558401 0.5510271 -0.8326341 0.2270488 0.5246935 -0.8204545 0.2268202 0.5061505 -0.8320843 0.3158673 0.4859043 -0.8149386 0.3399433 0.3330055 -0.8795146 0.2075696 0.9759467 0.06665658 0.09724128 0.893028 0.4393692 0.1677895 0.9702479 0.1745445 0.1001048 0.9793244 0.175792 0.0910077 0.9720167 0.216567 0.04269409 0.7276565 -0.6846119 0.1970829 0.7058758 -0.6803659 0.1246688 0.9815157 -0.1452062 0.2029407 0.8869028 -0.4149925 0.1898671 0.9291788 -0.3171392 0.1796236 0.9484854 -0.2609807 -0.01110172 0.6306598 -0.7759799 0.07578217 0.6232218 -0.7783648 0.05228233 0.6700452 -0.7404769 0.2255832 0.6431204 -0.7317845 0.2076079 0.8202036 -0.5330712 0.2852118 0.8006591 -0.5268769 0.264864 0.9178784 -0.2955441 0.03010743 0.9995226 0.006953477 0.1451061 0.6182992 -0.7724316 -0.1757173 0.6910769 0.7010964 -0.1295925 0.8758347 -0.4648866 -0.1129377 0.8377723 -0.5342122 -0.08267837 0.7391064 -0.6684954 -0.1208646 0.9914622 0.04893285 -0.2017921 0.9782169 0.04870027 -0.1834242 0.9766196 -0.1121155 -0.1576699 0.9809827 -0.1131953 -0.1291857 0.8803365 -0.4564194 -0.1052845 0.8822202 -0.4589147 -0.09318643 0.7770304 -0.6225271 -0.04917001 0.9202594 -0.3882076 -0.02969223 0.8802317 -0.4736144 0.003739237 0.7718894 -0.6357458 -0.08322054 0.7731287 -0.6287658 -0.05534785 0.6616582 -0.7477601 -0.05478042 0.6616431 -0.7478151 -0.04441845 0.5418502 -0.8393006 -0.01043784 0.5397964 -0.841731 0.08435869 0.9445274 -0.3174139 0.09901583 0.914017 -0.3934066 0.1267535 0.8041361 -0.5807743 0.002715945 0.8155262 -0.5787138 0.03298878 0.6869084 -0.725995 -0.04792773 0.6911268 -0.7211426 -0.0323264 0.6034627 -0.7967357 -0.01772987 0.6026853 -0.797782 -8.99214e-4 0.4879192 -0.8728885 -0.03801143 0.4905453 -0.8705863 -0.03627026 0.5979704 -0.8006972 -0.06382745 0.5990476 -0.7981655 -0.07357257 0.6759354 -0.7332792 -0.09104275 0.738987 -0.6675399 -0.09210854 0.7460017 -0.6595435 -0.1180051 0.8374456 -0.533629 -0.1347422 0.9109167 -0.3899683 -0.1429927 0.9100114 -0.3891435 -0.1612225 0.9443997 -0.2865599 -0.06589514 0.9537304 -0.2933536 -0.08630853 0.9795594 -0.1816986 0.06336891 0.980454 -0.1862639 0.05144464 0.9913695 -0.1205821 0.1572036 0.9800307 -0.1217659 0.1540592 0.9824455 -0.1051982 0.2230911 0.9690754 -0.1054677 0.2058175 0.9785215 -0.01160764 -0.04434967 0.8176793 -0.5739631 -0.04269409 0.8336281 -0.5506736 -0.07350772 0.8332123 -0.5480456 0.1909943 0.5795252 -0.7922574 0.1413204 0.587854 -0.7965276 0.141898 0.5896943 -0.7950633 0.1150115 0.5936577 -0.7964565 0.1161621 0.5976986 -0.7932608 0.1044242 0.5992897 -0.7936924 0.1092944 0.6167201 -0.7795583 0.08831828 0.6194118 -0.7800827 0.09334105 0.6391099 -0.7634304 0.06459641 0.6424034 -0.7636395 0.07047712 0.6686305 -0.7402475 0.030972 0.6723398 -0.7395945 0.03746086 0.7072395 -0.7059809 0.3229799 0.81566 -0.4799821 0.2414195 0.838852 -0.4878976 0.2216668 0.7705817 -0.5975514 0.1739762 0.7802672 -0.6007624 0.175363 0.7846814 -0.594578 0.1615689 0.787141 -0.5952348 0.1658503 0.8007466 -0.5755855 0.1410848 0.8048413 -0.5764769 0.1446695 0.817056 -0.5581132 0.1107227 0.821908 -0.5587555 0.1150208 0.8379833 -0.5334364 0.06871652 0.8431253 -0.5333083 0.07362139 0.8638915 -0.4982686 0.416416 0.779902 -0.4672801 0.2505515 0.5662413 -0.7852355 0.2507029 0.5664522 -0.7850351 0.1636645 0.4386332 -0.8836373 0.08244597 0.3588861 -0.929733 0.07746678 0.3519898 -0.9327927 0.09262782 0.4525244 -0.8869284 0.07488113 0.4546998 -0.8874914 0.07666963 0.4627432 -0.8831707 0.06727057 0.4638352 -0.8833639 0.07141304 0.4818653 -0.8733305 0.05462163 0.4837363 -0.8735077 0.05943703 0.5082455 -0.8591588 0.0365504 0.5105962 -0.8590435 0.04178905 0.5437228 -0.8382239 0.01027739 0.546521 -0.8373824 0.01555693 0.5929149 -0.8051148 0.1349343 0.2497785 -0.9588553 0.1015433 0.2243748 -0.9691981 0.1062925 0.2701388 -0.9569362 0.05033439 0.2767014 -0.9596369 0.07758891 0.3509105 -0.9331891 0.04880702 0.354196 -0.9338967 0.0500462 0.3627092 -0.9305577 0.0431447 0.3634493 -0.9306144 0.04670256 0.384318 -0.9220187 0.03428745 0.3856121 -0.9220238 0.03785157 0.4132319 -0.9098388 0.02118331 0.4148777 -0.9096307 0.02441149 0.4528382 -0.8912585 0.001689016 0.4548654 -0.8905587 0.003748178 0.5090736 -0.8607149 -0.02875053 0.5114096 -0.8588562 -0.01949387 0.5953039 -0.8032642 -0.02029657 0.6268461 -0.7788788 -0.009742915 0.7102817 -0.7038502 -0.00742948 0.7344244 -0.6786499 0.01403713 0.8678832 -0.49657 0.007687389 0.8164925 -0.5773048 0.02753216 0.9338724 -0.3565452 -0.03558522 0.9346365 -0.3538196 -0.001790046 0.6683483 0.7438464 -0.07442593 0.9561895 -0.2831299 -0.1166532 0.9527601 -0.2804287 0.08881169 0.9133714 0.3973227 0.07422971 0.9146271 0.3974258 -0.00676608 0.7832484 0.6216723 0.01865446 0.8713517 0.4903044 -0.02812051 0.938265 0.3447727 0.0962736 0.7993575 -0.5930929 -0.1873477 0.7136471 0.6749879 -0.1856776 0.9824742 -0.01638638 -0.2148066 0.8220467 0.5273495 -0.1674607 0.9820556 0.08673989 -0.1539613 0.9658433 -0.2084294 -0.1169811 0.9705346 -0.2106608 -0.1036511 0.8565963 -0.5054693 -0.07281345 0.8580052 -0.5084539 -0.07073992 0.7774695 -0.6249299 -0.0564686 0.6501266 -0.7577246 -0.05658835 0.6756761 -0.7350236 -0.0498107 0.6281293 -0.776513 -0.04977935 0.5490717 -0.8342916 -0.01511359 0.5471044 -0.836928 -0.02546125 0.4498339 -0.8927493 0.01438164 0.4465944 -0.894621 0.06591457 0.167966 -0.9835867 0.08083266 0.1881614 -0.9788062 0.02988666 0.1937218 -0.9806013 0.03341472 0.1978213 -0.9796684 0.01828527 0.1993857 -0.9797506 0.02345871 0.2085638 -0.9777274 0.01550281 0.2093723 -0.9777132 0.02497208 0.2321219 -0.9723661 0.01158618 0.2334737 -0.9722941 0.02672296 0.2636925 -0.9642366 0.005469143 0.2658106 -0.9640098 0.02932584 0.3076902 -0.9510347 -0.004117786 0.3109396 -0.9504209 0.03358823 0.3719256 -0.9276547 -0.01263272 0.3762365 -0.9264376 0.03495788 0.4155414 -0.9089024 -0.01648962 0.4201741 -0.9072938 0.0392003 0.4678519 -0.8829372 -0.01635688 0.4726986 -0.8810724 0.04329282 0.5290997 -0.8474546 -0.005009472 0.5332663 -0.8459327 0.07605367 0.5736024 -0.8155956 0.07367497 0.6165328 -0.7838747 0.2402657 0.5888994 -0.7716671 0.23417 0.7114079 -0.6626185 0.3218432 0.6878615 -0.6505872 0.3351333 0.6528178 -0.6793487 0.07562142 0.5242476 -0.8482017 0.03921949 0.3089323 -0.9502751 0.04157137 0.1259986 -0.9911591 -0.0219804 0.132269 -0.9909702 -0.0294035 -0.1632971 -0.9861387 -0.06698167 -0.322864 -0.9440723 -0.06524044 -0.4673783 -0.8816469 -0.08504986 -0.4652201 -0.8810998 -0.1282736 -0.617319 -0.7761852 -0.198326 -0.7238646 -0.660823 -0.1288403 -0.5498742 -0.8252507 -0.231445 -0.5325933 -0.8141115 -0.1551446 -0.2492639 -0.9559277 -0.07533901 -0.2590386 -0.9629243 -0.06711769 0.04952144 -0.9965153 -0.07436347 0.0502097 -0.9959664 0.01508599 0.4719176 -0.8815136 0.002913832 0.5025173 -0.8645622 0.04582834 0.4986085 -0.865615 0.08100444 0.5861855 -0.8061172 0.07035517 0.3239485 -0.9434552 0.0979219 0.3669609 -0.9250681 0.07828634 0.369372 -0.9259783 0.1151368 0.4190204 -0.9006472 0.08197236 0.4232744 -0.9022856 0.128807 0.4798567 -0.8678402 0.09037268 0.4850341 -0.8698131 0.1282821 0.5641551 -0.8156426 0.09386694 0.5576013 -0.8247848 0.02797281 0.1986272 -0.9796759 0.008098244 0.1831116 -0.9830588 0.03054904 0.1808228 -0.9830412 0.03626483 0.2131607 -0.9763439 0.03980088 0.2127873 -0.9762877 0.05055344 0.2579005 -0.9648481 0.07043349 0.2556819 -0.9641919 0.07419669 0.3236367 -0.9432678 0.09474658 0.3835816 -0.9186339 0.06477648 0.1381378 -0.9882925 0.05549341 0.1470063 -0.9875777 0.06493854 0.1225797 -0.990332 0.03793418 0.1254419 -0.9913755 0.02849423 0.1340202 -0.9905689 0.02421647 0.1312587 -0.9910523 0.01662558 0.13203 -0.9911064 0.02099215 0.1416209 -0.9896984 0.01679688 0.1420484 -0.9897172 0.02443641 0.1659087 -0.9858384 0.01764833 0.166603 -0.9858661 0.030909 0.1984606 -0.9796214 0.01882803 0.1997037 -0.9796755 0.04112213 0.2441083 -0.9688758 0.02071505 0.2462283 -0.9689905 0.0581752 0.3113709 -0.9485061 0.02390319 0.3150031 -0.9487897 0.07415717 0.3565348 -0.9313344 0.02622139 0.3617349 -0.9319122 0.08613085 0.4096388 -0.9081727 0.02787899 0.4160627 -0.9089086 0.09560436 0.4712445 -0.876806 0.04552114 0.4770178 -0.877714 0.06646013 0.4964017 -0.8655453 0.1391991 0.4868599 -0.8623173 0.04601722 0.3652165 -0.9297845 0.0784834 0.3615955 -0.9290258 0.05584734 0.2851122 -0.9568659 0.9949239 -0.100153 -0.009798526 0.9950598 -0.0987975 -0.009758949 0.9949899 -0.09950298 -0.00971204 0.9949995 -0.09940856 -0.009696841 0.9949924 -0.09947288 -0.009765625 0.9950087 -0.09930568 -0.009811401 0.9950145 -0.09924668 -0.009818375 0.9949381 -0.1000146 -0.00976473 0.9950931 -0.09845989 -0.009773075 0.9950534 -0.09885829 -0.009793221 0.9945616 -0.1037432 -0.009213328 0.994882 -0.100531 -0.01017516 0.994818 -0.101101 -0.01076167 0.9948306 -0.1010874 -0.00967592 0.9969005 -0.07787907 -0.01114881 0.9950374 -0.09902548 -0.009726643 0.9948961 -0.1004291 -0.009791254 0.9951037 -0.09835314 -0.009766161 0.9950339 -0.09906113 -0.009729206 0.9943777 -0.1053894 -0.01029193 0.9954124 -0.09513336 -0.01019841 0.9947468 -0.1019196 -0.009551048 -0.01927709 -0.9997932 0.006482839 -0.2478356 -0.09593278 -0.9640407 0.7607192 -0.58542 -0.2803387 0.7474089 -0.6550875 0.1106365 0.6719011 -0.6509164 0.3533509 0.5612668 -0.5878728 0.5825679 0.3345283 -0.4490153 0.8285385 0.761994 -0.6410183 -0.09198236 0.6201165 -0.3814122 -0.6855511 0.7179204 -0.5118061 -0.4718526 0.2525903 -0.01308917 -0.9674848 -0.1266235 -0.9173819 -0.3773288 -0.06931 -0.9909618 -0.1148517 -0.08317714 -0.9821666 -0.1686133 -0.1379182 -0.9107493 -0.3892484 -0.1012265 -0.9649459 -0.2421423 -0.2038112 -0.7142822 -0.6695237 -0.1329851 -0.9181804 -0.3731753 -0.2450748 -0.4309753 -0.8684462 -0.2201343 -0.6262169 -0.7479261 -0.2428114 -0.431426 -0.868858 -0.02863955 -0.9990062 0.03415405 -0.02276045 -0.9996915 0.009950935 -0.05559527 -0.9965415 -0.06176042 -0.03168404 -0.9990319 0.03051948 0.03371107 -0.9988445 0.03425604 -0.01025235 -0.9966526 0.08110898 0.03321957 -0.9613575 0.2732918 0.02555406 -0.9690979 0.2453498 0.00549066 -0.9853251 0.1706001 0.08880299 0.2218017 -0.9710397 0.09456425 0.220829 -0.9707174 0.0915724 0.1946316 -0.9765926 0.08400917 0.1954967 -0.9770995 0.08126127 0.1524326 -0.9849675 0.07100182 0.1530041 -0.9856717 0.0703321 0.1310964 -0.9888716 0.06633681 0.131272 -0.9891245 0.06633836 0.1280164 -0.989551 0.06381887 0.1281317 -0.9897017 0.06374591 0.1162233 -0.9911754 0.05620068 0.11628 -0.9916252 0.05665534 0.08133649 -0.9950752 0.05113565 0.08117091 -0.9953876 0.05139446 0.07511681 -0.9958495 0.04599279 0.07495158 -0.9961259 0.04787635 0.03788036 -0.9981347 0.04055237 0.03738015 -0.998478 0.04379469 -0.005643188 -0.9990247 0.03918534 -0.006030201 -0.9992138 0.04058665 -0.02214205 -0.9989308 0.04785394 -0.02145481 -0.998624 0.04885345 -0.02901363 -0.9983845 0.07949429 -0.02396142 -0.9965473 0.08245801 -0.03491485 -0.9959828 0.1218019 -0.0197916 -0.9923571 0.1249598 -0.02644962 -0.9918092 0.1651808 -0.005057275 -0.9862504 0.1827523 -0.03011071 -0.9826979 0.2084584 -0.007705748 -0.9780009 0.2194111 -0.01941043 -0.9754394 0.2307164 -0.008534908 -0.9729837 0.2697656 -0.04649549 -0.9618029 0.2766207 -0.03855609 -0.9602054 0.4745952 -0.2243219 -0.8511399 0.3798363 -0.472925 0.795026 0.3544555 -0.5020079 0.7888913 0.3545182 -0.501795 0.7889986 0.3267489 -0.5290995 0.7831277 0.3196099 -0.522259 0.7906296 0.2698198 -0.5648136 0.7798609 0.2487112 -0.5397515 0.8042458 0.173018 -0.5807449 0.7954875 0.1683166 -0.5712571 0.8033274 0.09620988 -0.5983504 0.7954373 0.09327942 -0.5885723 0.8030452 0.03667056 -0.5982689 0.800456 0.03666692 -0.5981671 0.8005321 0.01891994 -0.5999895 0.7997841 0.01943355 -0.6046922 0.7962223 0.009768605 -0.6055757 0.7957277 0.01156318 -0.6226385 0.7824243 -0.009770035 -0.6239907 0.7813708 -0.008038997 -0.6440684 0.7649258 -0.02386599 -0.6446093 0.7641396 -0.02365922 -0.6484309 0.7609059 -0.04024243 -0.648746 0.7599403 -0.03904938 -0.6710754 0.74036 -0.0598039 -0.6709374 0.7390984 -0.05958473 -0.6787469 0.7319511 -0.06624883 -0.6786277 0.7314886 -0.0662778 -0.6807985 0.729466 -0.0771082 -0.6803361 0.7288327 -0.0769239 -0.6951856 0.7147026 -0.1046536 -0.6935597 0.7127571 -0.104964 -0.7223703 0.6834938 -0.1413374 -0.7185941 0.6809158 -0.1424911 -0.735998 0.6618182 -0.1852194 -0.7288345 0.6591617 -0.1894654 -0.7534679 0.6295944 -0.2293055 -0.7432489 0.6284902 -0.2381701 -0.7726524 0.5884584 -0.2727563 -0.7606968 0.5890198 -0.2881531 -0.7933239 0.5362882 -0.2959716 -0.7899743 0.5369744 -0.3104838 -0.8103631 0.4969021 -0.2533206 -0.8361724 0.4864613 -0.2580632 -0.8426821 0.472536 -0.1816834 -0.8670665 0.4638826 -0.1831023 -0.8691619 0.4593813 -0.1141276 -0.8857514 0.4499105 -0.1275398 -0.9090346 0.3967239 -0.06982964 -0.9196954 0.3863731 -0.07255071 -0.9232699 0.3772387 0.634547 -0.6234676 0.4567694 0.6015438 -0.6608288 0.4488323 0.6061872 -0.6631951 0.4389868 0.562936 -0.7058969 0.4298985 0.5604193 -0.7040776 0.4361252 0.4762635 -0.7734681 0.4182345 0.4675514 -0.7659267 0.4413071 0.3335276 -0.8412007 0.4256064 0.3314146 -0.8378913 0.433708 0.1984391 -0.8859919 0.4190947 0.1970924 -0.882574 0.4268698 0.09091085 -0.9020471 0.4219555 0.09100753 -0.902527 0.4209071 0.0590986 -0.9057781 0.4196113 0.05962908 -0.9091384 0.4122037 0.04869103 -0.9099937 0.4117532 0.0504437 -0.9203386 0.3878563 0.02373093 -0.9219271 0.3866361 0.02548819 -0.9325283 0.3601962 0.005431652 -0.9331927 0.3593354 0.005684971 -0.9350313 0.3545197 -0.01547664 -0.9353466 0.3533939 -0.01381897 -0.9458604 0.3242795 -0.03988236 -0.9456771 0.3226519 -0.03937911 -0.9491288 0.3124163 -0.04774391 -0.9488744 0.3120226 -0.04768055 -0.9498696 0.308989 -0.06131464 -0.9492999 0.3083347 -0.06037831 -0.9555465 0.288592 -0.0951386 -0.9534263 0.286229 -0.09332358 -0.9647809 0.2459441 -0.1439429 -0.9594577 0.2423248 -0.1431776 -0.9655656 0.2172173 -0.2149816 -0.9531428 0.2128418 -0.2152407 -0.960777 0.174869 -0.2866986 -0.9422789 0.1729574 -0.2887153 -0.9493378 0.1241025 -0.3579523 -0.9253033 0.1252364 -0.3626667 -0.9297415 0.0636695 -0.40909 -0.9100213 0.0671333 -0.4146113 -0.9097071 0.02303242 -0.3617272 -0.9321767 0.01414728 -0.3633794 -0.931638 0.002456009 -0.2685939 -0.9632042 -0.009757697 -0.2691242 -0.9630156 -0.01316803 -0.2066876 -0.978181 -0.02103143 -0.2108476 -0.9762843 -0.04911512 -0.166401 -0.9843755 -0.0575807 -0.166962 -0.9841223 -0.06022357 0.76094 -0.6482698 0.02676874 0.727099 -0.6862713 0.01894485 0.7292737 -0.6842154 -0.003058075 0.6799281 -0.733149 -0.01379799 0.6799162 -0.7331699 -0.01326477 0.5792248 -0.8145242 -0.03238719 0.5783012 -0.8155735 -0.02019178 0.4170547 -0.9079289 -0.04160141 0.416805 -0.9082642 -0.03646808 0.2538654 -0.9658163 -0.05245518 0.2537502 -0.9660077 -0.04939681 0.1234402 -0.9907231 -0.05683577 0.1235166 -0.9905461 -0.05968302 0.08511841 -0.9944862 -0.06125497 0.08540678 -0.9937919 -0.07129794 0.07586193 -0.9945401 -0.07166004 0.07692575 -0.9918047 -0.1020098 0.0514031 -0.9933312 -0.1032032 0.05268794 -0.9896854 -0.1332172 0.0333926 -0.9903786 -0.1342948 0.03360271 -0.9896342 -0.1396248 0.01312547 -0.9899607 -0.1407328 0.01485478 -0.9849047 -0.1724594 -0.01000684 -0.9846923 -0.1740143 -0.009357571 -0.9827042 -0.1849462 -0.01732224 -0.9825019 -0.1854453 -0.01719868 -0.9819664 -0.1882719 -0.03021001 -0.9814544 -0.1893005 -0.02876949 -0.97733 -0.2097585 -0.06185376 -0.9753189 -0.2119603 -0.05832964 -0.9657199 -0.2529486 -0.1104847 -0.9601181 -0.2568393 -0.1080257 -0.9533409 -0.2819074 -0.1909403 -0.9388303 -0.2865996 -0.18717 -0.9276586 -0.3231362 -0.2723513 -0.9055373 -0.3253107 -0.2673195 -0.8893755 -0.3708793 -0.3538677 -0.8592303 -0.3694602 -0.3474678 -0.8360915 -0.4245198 -0.4208438 -0.8046605 -0.4188222 -0.4170988 -0.7860488 -0.4562412 -0.3818451 -0.8009678 -0.4611346 -0.3814849 -0.7973476 -0.4676603 -0.2906731 -0.8270297 -0.4811766 -0.2907066 -0.8262107 -0.4825615 -0.2499085 -0.8366082 -0.4874759 -0.2498088 -0.8379441 -0.485227 -0.2279112 -0.8417552 -0.4893922 -0.2273086 -0.8442016 -0.4854428 0.7331121 -0.5433151 -0.4090912 0.7062892 -0.5733613 -0.4152258 0.6983456 -0.5605375 -0.4450969 0.6529496 -0.6053085 -0.4552565 0.6518667 -0.6034228 -0.4592937 0.557623 -0.6806225 -0.4751943 0.5574184 -0.6799546 -0.4763892 0.4048413 -0.7661483 -0.4991194 0.4049566 -0.7665244 -0.4984482 0.2504779 -0.8220171 -0.5114183 0.2502713 -0.8207324 -0.5135782 0.1266028 -0.8436023 -0.5218303 0.1264194 -0.8411214 -0.5258641 0.09073615 -0.8447773 -0.5273692 0.09053593 -0.83829 -0.5376552 0.08469206 -0.8387738 -0.537853 0.08448874 -0.8195781 -0.5667041 0.06644916 -0.8206925 -0.567493 0.0668317 -0.8015366 -0.5941992 0.05307638 -0.8019317 -0.5950534 0.0531817 -0.7986823 -0.5993983 0.03849059 -0.7989973 -0.6001015 0.03981423 -0.7786757 -0.6261621 0.0223664 -0.7785105 -0.627233 0.02299475 -0.771153 -0.6362346 0.01743716 -0.7710415 -0.6365462 0.01755708 -0.7690878 -0.638902 0.008437752 -0.7687507 -0.639493 0.0100196 -0.7549154 -0.6557457 -0.01311641 -0.7535389 -0.6572726 -0.008753955 -0.725087 -0.6886017 -0.04939812 -0.7206712 -0.6915149 -0.04585319 -0.7024943 -0.7102108 -0.1191223 -0.6896911 -0.7142382 -0.1123678 -0.6627281 -0.7403816 -0.1898806 -0.64257 -0.742327 -0.1794623 -0.608111 -0.773301 -0.2616881 -0.5794884 -0.7718243 -0.2464172 -0.5358029 -0.8075852 -0.3285199 -0.5006439 -0.8008935 -0.3175492 -0.4701394 -0.8234875 -0.3087989 -0.4740701 -0.8245609 -0.3080683 -0.4713799 -0.8263745 -0.2426327 -0.4913789 -0.8364666 -0.2426426 -0.4914439 -0.8364254 -0.2331973 -0.4939623 -0.8376278 -0.236038 -0.5226312 -0.819233 -0.2414395 -0.5217474 -0.8182217 -0.2412388 -0.5320934 -0.8115914 0.5612848 -0.3241024 -0.7615229 0.5428517 -0.3450155 -0.7656869 0.5198653 -0.3183262 -0.7927223 0.4880067 -0.3495128 -0.7998064 0.4824691 -0.3427894 -0.8060516 0.4157198 -0.3994312 -0.8170874 0.4091325 -0.3885056 -0.8256356 0.2994493 -0.4482247 -0.8422735 0.2984908 -0.4457292 -0.8439365 0.1888096 -0.4866665 -0.85294 0.1873868 -0.4803273 -0.8568384 0.09961938 -0.4955335 -0.8628572 0.098993 -0.4900079 -0.8660789 0.07460016 -0.4924664 -0.8671284 0.07378333 -0.4802221 -0.8740383 0.07308167 -0.480302 -0.8740532 0.07127743 -0.4458245 -0.8922781 0.06516367 -0.4462317 -0.892542 0.06439566 -0.4147033 -0.9076753 0.05962532 -0.4148672 -0.9079262 0.05954527 -0.4095277 -0.9103525 0.05430394 -0.4096626 -0.9106194 0.05486327 -0.3783485 -0.9240359 0.04917728 -0.3782566 -0.9243937 0.04960083 -0.3673458 -0.928761 0.04785776 -0.3672705 -0.9288821 0.04793715 -0.3645244 -0.9299592 0.04499173 -0.3643936 -0.9301576 0.04629594 -0.3439327 -0.9378525 0.03892296 -0.3434809 -0.9383528 0.04300361 -0.3027776 -0.9520906 0.02409297 -0.3006806 -0.9534205 0.02783685 -0.2754866 -0.9609019 -0.01742959 -0.2678025 -0.9633162 -0.009434401 -0.2318063 -0.9727162 -0.05986875 -0.2186908 -0.9739559 -0.04679167 -0.1750247 -0.9834516 -0.104282 -0.1550742 -0.9823836 -0.0844019 -0.1030331 -0.9910907 -0.1551011 -0.07299602 -0.9851981 -0.1404092 -0.03941816 -0.9893087 -0.1598734 -0.0301789 -0.9866761 -0.1599243 -0.03030794 -0.9866639 -0.1360853 -0.03724271 -0.9899969 -0.1364527 -0.03890299 -0.9898825 -0.1604664 -0.03248047 -0.9865068 -0.1724299 -0.09702301 -0.980232 -0.2041434 -0.09188681 -0.9746191 -0.205893 -0.1114196 -0.9722108 -0.142006 0.3340029 -0.9318136 -0.1284071 0.331897 -0.9345352 -0.1239442 0.3573042 -0.9257276 -0.07241696 0.3485055 -0.9345052 -0.04935228 0.4361391 -0.8985249 0.002458333 0.4229144 -0.9061664 0.003313183 0.425949 -0.9047412 0.02732765 0.418924 -0.9076101 0.02853882 0.4215648 -0.9063491 0.07110017 0.4011233 -0.9132606 0.05680042 0.3729684 -0.9261038 0.09842973 0.3554499 -0.9294983 0.07932889 0.3082888 -0.9479794 0.09135085 0.3041461 -0.9482353 -0.2816112 -0.9219833 0.2657856 0.08628153 0.2599194 -0.9617679 0.09590464 0.2574145 -0.96153 -0.01710528 -0.930535 0.3658033 -0.03712427 -0.9561991 0.2903535 -0.1217604 -0.9901494 -0.0691272 -0.1168185 -0.9920588 -0.04661262 -0.2017865 -0.8478579 -0.4903258 -0.1821987 -0.9075556 -0.3783471 -0.2408276 -0.5321699 -0.8116633 -0.2253277 -0.7127833 -0.6642043 -0.2307983 -0.1075985 -0.967034 -0.2408469 -0.4312676 -0.8694833 -0.2355489 -0.2014583 -0.950753 -0.2302239 -0.09714782 -0.9682765 -0.33735 0.9357931 0.1024025 -0.1718268 0.9820196 -0.07818722 0.141448 0.9479796 -0.2851792 0.1460799 0.9472341 -0.2853212 -0.06133401 0.9684438 -0.2415676 -0.3288142 0.9440908 0.02395707 -0.04315865 0.9710487 -0.2349513 0.07353097 0.996787 -0.03176712 -0.02541089 0.9908456 -0.1325879 0.01173055 0.9862188 0.1650298 0.01209676 0.985957 0.1665606 -0.03773832 0.9992851 0.002255856 -0.001741588 0.9661011 0.2581581 -0.05994796 0.9401055 0.335571 -0.05970418 0.9521817 0.2996422 -0.06113964 0.9945529 0.08441895 -0.08376997 0.9561656 0.2805885 -0.06822043 0.9897779 0.125243 -0.07423382 0.9856206 0.1517943 -0.07663601 0.9839234 0.1613128 -0.07844179 0.9826917 0.1678212 -0.08054018 0.9812753 0.1749632 -0.06843185 0.9881896 0.1371074 -0.08362227 0.9788782 0.186561 -0.1413897 0.9263859 0.3490248 -0.1427124 0.9597166 0.2420275 -0.3003368 0.9513914 -0.06820684 -0.2347994 0.9709753 0.04556697 -0.2710323 0.9621775 0.02749902 -0.2559298 0.9626635 0.08819788 -0.2727482 0.9599763 0.06367158 -0.273488 0.9563972 0.1025127 -0.275385 0.9577247 0.08322632 -0.2780594 0.954688 0.1060851 -0.2780136 0.9560325 0.09332984 -0.2812451 0.9535918 0.1075357 -0.2797607 0.9548643 0.09984081 -0.2819068 0.9533032 0.1083589 -0.2804391 0.9544267 0.1020972 -0.282187 0.9531964 0.1085692 -0.2809804 0.9540701 0.1039252 -0.28258 0.952981 0.1094338 -0.2816344 0.9537144 0.1054093 -0.2829282 0.9528173 0.1099584 -0.282576 0.953086 0.108527 -0.2858529 0.9510241 0.1176493 -0.2841093 0.9323233 0.2237306 -0.215229 0.9199023 0.3278051 -0.5018632 -0.8630652 -0.05702489 -0.5782911 -0.8153362 -0.02839672 -0.6147269 -0.7867571 -0.05589354 -0.3099164 -0.9462167 -0.09287607 -0.4055852 -0.9132992 0.03721809 -0.4867907 -0.8712596 0.062783 -0.2484796 -0.9062469 0.3420156 -0.3519191 -0.8958231 0.2713925 -0.3943545 -0.8880856 0.2361961 -0.9548346 -0.1935448 0.2254584 -0.9545323 -0.1814652 0.2365136 -0.9918728 -0.08419793 0.09539008 -0.5689955 -0.8223251 -0.005058526 -0.5935481 -0.8040455 0.03480756 -0.6407402 -0.7677396 -0.005288362 -0.6828568 -0.7291325 0.045524 -0.6979042 -0.7152495 0.0367124 -0.7434257 -0.6624978 0.09173381 -0.7654611 -0.6405583 0.06127369 -0.8135008 -0.5722669 0.1035719 -0.862619 -0.5000551 0.07637619 -0.8487757 -0.4892687 0.2004898 -0.9142988 -0.328162 0.2374185 -0.9243126 -0.3494172 0.1534731 -0.9397552 -0.2425547 0.2408891 -0.2115539 -0.6112557 0.7626346 -0.1475784 -0.7007627 0.697963 -0.2597408 -0.7209435 0.6424758 -0.1736636 -0.8210518 0.5437968 -0.2065953 -0.818969 0.5353581 -0.154574 -0.4098777 0.8989479 -0.1476359 -0.4027013 0.9033467 -0.2223524 -0.5758894 0.7867088 -0.2525573 -0.1882063 0.9491012 -0.1072518 -0.02564018 0.9939013 -0.1758704 0.07795965 0.9813216 -0.1776129 0.08471983 0.980447 -0.1841165 0.08797448 0.9789595 -0.1941685 0.138068 0.9712033 -0.2209532 0.1402612 0.9651459 -0.2206025 0.206022 0.953357 -0.2358248 0.2140161 0.9479366 -0.231898 0.2568631 0.9382137 -0.2866405 0.2753725 0.9176096 -0.2795037 0.2988281 0.912458 -0.303741 0.3170965 0.8984382 -0.3063126 0.3109952 0.899697 -0.3450979 0.3394173 0.8750448 -0.3611484 0.3159616 0.8773483 -0.3634973 0.3222981 0.8740673 -0.9784384 -0.03029572 0.2043048 -0.9792678 0.09136754 0.1807943 -0.9762106 0.08634078 0.1988922 -0.9583415 0.2323449 0.1661251 -0.9493346 0.2333447 0.2105091 -0.9092162 0.3763155 0.1780804 -0.9066935 0.3726042 0.1976689 -0.8518529 0.4949543 0.1713683 -0.8478327 0.492249 0.1971561 -0.7902317 0.5827481 0.1895748 -0.7910481 0.580317 0.1935856 -0.7170671 0.670836 0.1891928 -0.7167653 0.6704316 0.1917529 -0.6421097 0.7497191 0.1600519 -0.6426038 0.7477791 0.1669934 -0.5730602 0.8088498 0.1317727 -0.5551843 0.813397 0.1736543 -0.4967392 0.8588175 0.1252311 -0.493025 0.8586419 0.1402166 -0.4382467 0.8940551 0.09276497 -0.3841385 0.9095908 0.158374 -0.3348638 0.9189878 0.2081536 -0.397236 0.8793461 0.2625912 -0.4023352 0.8778138 0.2599412 -0.4676172 0.8264557 0.3135368 -0.4651973 0.8267356 0.3163855 -0.5542197 0.7493306 0.3624143 -0.5457835 0.7525082 0.3685811 -0.6447361 0.645651 0.409207 -0.6150209 0.641813 0.4580671 -0.7031698 0.5370992 0.4659149 -0.7035707 0.5369472 0.4654849 -0.7398704 0.4814235 0.4699184 -0.739743 0.4814318 0.4701104 -0.7780789 0.3940747 0.4891812 -0.7795335 0.3933525 0.4874439 -0.8117884 0.2805457 0.5121464 -0.8176118 0.2779511 0.5042363 -0.8317745 0.1547065 0.53312 -0.8352544 0.1507504 0.5287953 -0.8328553 0.01347112 0.553327 -0.8420377 0.006385326 0.539381 -0.8215892 -0.1146158 0.5584394 -0.822754 -0.118521 0.5559035 -0.7744485 -0.27406 0.5701935 -0.801728 -0.3106266 0.5106304 -0.6947843 -0.5547397 0.4577541 -0.7156276 -0.5663439 0.4088177 -0.609346 -0.7294543 0.3107957 -0.6164213 -0.7288603 0.2979725 -0.5533331 -0.8026913 0.2225071 -0.5522392 -0.8026345 0.2254103 -0.4890729 -0.8594709 0.1487202 -0.4811643 -0.8623049 0.1578333 -0.3020247 0.9212378 0.2451576 -0.2239334 0.9210414 0.318648 -0.2961071 0.8752763 0.3823769 -0.2925783 0.8757559 0.3839917 -0.3707637 0.8139372 0.4472591 -0.3336609 0.8087743 0.4843084 -0.4429029 0.7139216 0.5423588 -0.4182061 0.7179517 0.5564612 -0.5382604 0.5882987 0.6034737 -0.4639364 0.5585145 0.6876224 -0.5578997 0.446838 0.6993454 -0.5550874 0.4472116 0.7013414 -0.5698674 0.4251713 0.7031933 -0.5498672 0.4218289 0.7209067 -0.5722885 0.3693966 0.7321422 -0.5596941 0.3719094 0.7405579 -0.5841525 0.2889589 0.7584648 -0.5634789 0.2923884 0.7726582 -0.5735766 0.193625 0.7959393 -0.5693596 0.1964451 0.7982726 -0.5686963 0.07957929 0.8186891 -0.5651015 0.08122807 0.821013 -0.5468519 -0.0171442 0.837054 -0.5462114 -0.01601153 0.8374944 -0.4992254 -0.1752824 0.8485576 -0.5701413 -0.2506332 0.7823823 -0.4531823 -0.5186236 0.725021 -0.516188 -0.5687721 0.6403502 -0.4021548 -0.7431134 0.5348403 -0.4455563 -0.7568678 0.4781536 -0.3791629 -0.8343124 0.4001982 -0.3860492 -0.8377771 0.3861289 -0.3178505 -0.8987604 0.3019947 -0.1283347 -0.8902714 0.4369751 -0.1162673 -0.8869163 0.4470586 -0.3697136 0.3141388 0.8744306 -0.2837688 0.3896231 0.8761673 -0.3707129 0.5403575 0.7553713 -0.2873544 0.6278752 0.7233259 -0.2915094 0.6650271 0.6875764 -0.1973964 0.7463924 0.6355572 -0.2523802 0.7894403 0.5595431 -0.1789405 0.8468067 0.5008981 -0.1834247 0.8527632 0.48903 -0.1082053 0.9002887 0.4216302 -0.1249759 0.9056707 0.405144 -0.2455198 0.9546587 -0.1683654 -0.4479453 -0.8911305 -0.07232856 -0.314115 -0.9460163 -0.0799064 -0.3081994 -0.9479472 -0.08005803 -0.255915 -0.9634279 -0.07946294 -0.2439396 -0.9671112 -0.07203745 -0.613292 -0.7875106 -0.06082874 -0.8661116 0.4918972 -0.08881378 -0.877209 0.4581972 -0.1433873 -0.8438021 0.5026883 -0.1878896 -0.8080552 0.5551559 -0.197101 -0.8093329 0.5543516 -0.1940996 -0.7069203 0.6818758 -0.1879069 -0.7285947 0.6714069 -0.1355087 -0.2629364 -0.960451 -0.09164339 -0.2683562 -0.9512609 -0.1519466 -0.268974 -0.9513124 -0.1505251 -0.2841441 -0.9350727 -0.2118996 -0.2804861 -0.9306408 -0.2350217 -0.3184307 -0.8912437 -0.3229346 -0.3005765 -0.88944 -0.3443114 -0.3289789 -0.8627889 -0.3838856 -0.3256049 -0.8605501 -0.3917079 -0.378352 -0.8032188 -0.4600971 -0.3393171 -0.7957745 -0.5016044 -0.4111446 -0.711339 -0.5700501 -0.3967614 -0.6973753 -0.5968654 -0.4642823 -0.5992521 -0.6521801 -0.3825573 -0.5385732 -0.7507256 -0.4656463 -0.3950867 -0.7918839 -0.4174299 -0.3201133 -0.8504586 -0.4451346 -0.2610481 -0.8565682 -0.4231648 -0.1799845 -0.8879963 -0.8920059 0.4212548 -0.1639209 -0.9447141 0.2954481 -0.1422168 -0.938583 0.2940053 -0.1806179 -0.9799209 0.1292936 -0.151784 -0.9757661 0.1316557 -0.1747778 -0.9885443 -0.03073847 -0.1477681 -0.9829353 -0.03017097 -0.1814604 -0.9677612 -0.1942921 -0.160278 -0.9653564 -0.1913753 -0.1773766 -0.9283008 -0.33346 -0.1645054 -0.9266464 -0.330753 -0.1786866 -0.8691208 -0.4649615 -0.168641 -0.8690856 -0.4647027 -0.1695336 -0.8051632 -0.5759137 -0.1415478 -0.7984162 -0.5779202 -0.1689376 -0.7449446 -0.6557058 -0.122912 -0.7414959 -0.6561149 -0.1403463 -0.6912736 -0.7164261 -0.09420478 -0.6587607 -0.7370084 -0.1511723 -0.6214656 -0.7768296 -0.1015695 -0.6181458 -0.7779062 -0.1129513 -0.6028829 -0.7925344 -0.09176886 -0.5900298 -0.799923 -0.1094913 -0.5785449 -0.8114298 -0.08287143 -0.5770214 -0.8121356 -0.08650034 -0.5737367 -0.8157663 -0.07315498 -0.5719007 -0.8167974 -0.07597237 -0.5707212 -0.8187215 -0.06302869 -0.5679611 -0.8205469 -0.06421059 -0.4104456 -0.1791151 -0.8941209 -0.4101806 -0.1801869 -0.8940272 -0.383605 -0.168412 -0.9080114 -0.3862194 -0.1441584 -0.9110724 -0.3419556 -0.1375494 -0.9295949 -0.3393849 -0.1113137 -0.9340382 -0.3144458 -0.108615 -0.9430412 -0.304717 -0.06653106 -0.9501165 -0.2715676 -0.07220125 -0.9597073 -0.2519261 -0.03014975 -0.9672768 -0.2306069 -0.03351646 -0.9724696 -0.2079805 0.01052558 -0.9780763 -0.157239 0.08892333 -0.983549 -0.2534774 0.09674674 -0.9624912 -0.07202011 0.3334416 -0.9400159 -0.2196432 0.4097266 -0.8853705 -0.07299494 0.5586819 -0.8261636 -0.1194587 0.540555 -0.8327846 0.01137578 0.6537197 -0.7566514 -0.1036051 0.714495 -0.691927 0.03096032 0.8076924 -0.5887907 -0.01547574 0.82037 -0.5716236 0.101 0.8807022 -0.4627771 0.03148281 0.9077366 -0.4183577 -0.08036607 0.9441503 -0.3195647 -0.1776427 0.8949735 -0.4092256 -0.1680897 0.8854302 -0.4333119 -0.2677075 0.8164567 -0.5115967 -0.2276844 0.7788455 -0.5844309 -0.3157018 0.706087 -0.6338561 -0.3292824 0.6807801 -0.6543024 -0.4135155 0.5929481 -0.690954 -0.3707135 0.5058583 -0.778896 -0.5013763 0.3415161 -0.7949772 -0.4900271 0.2660319 -0.8301208 -0.5546601 0.1649686 -0.8155598 -0.5569604 0.1684496 -0.8132773 -0.6036283 0.06635874 -0.7944996 -0.6102152 0.07157242 -0.7889961 -0.6349825 -0.03224581 -0.7718533 -0.6415969 -0.0273475 -0.7665544 -0.649914 -0.1183842 -0.750731 -0.665239 -0.1131955 -0.7379999 -0.6561036 -0.2026717 -0.7269473 -0.667715 -0.1998789 -0.717081 -0.6519454 -0.2625351 -0.7113668 -0.6831206 -0.264806 -0.6806057 -0.6100078 -0.4263627 -0.6679113 -0.6576802 -0.4205167 -0.624998 -0.553313 -0.6014608 -0.5762723 -0.6099225 -0.6006447 -0.5169339 -0.5320299 -0.7161015 -0.4518219 -0.5444675 -0.7119162 -0.4435431 -0.4721337 -0.7973963 -0.375831 -0.4834563 -0.7952554 -0.3658398 -0.4330552 -0.8500957 -0.2996677 -0.4345282 -0.8494673 -0.299317 -0.407571 -0.8748136 -0.2618917 -0.4162703 -0.8719297 -0.2577939 -0.3820271 -0.9067651 -0.1784167 -0.3897712 -0.9025581 -0.1829411 -0.3763866 -0.9175462 -0.1282271 -0.3746919 -0.9184418 -0.1267702 -0.3701319 -0.9257962 -0.07683604 -0.3707565 -0.9255217 -0.07713246 -0.1092558 0.9478541 -0.2993928 -0.2586655 0.9528825 -0.1584524 -0.3432958 0.9093123 -0.235158 -0.3426969 0.9090828 -0.236912 -0.4367751 0.84369 -0.3121134 -0.4251573 0.8389363 -0.339746 -0.5115847 0.7679842 -0.3853329 -0.5180282 0.7585267 -0.395328 -0.6008186 0.6713396 -0.4339588 -0.5862132 0.6407764 -0.4957416 -0.7103852 0.4871529 -0.5079715 -0.7114013 0.4465782 -0.5426566 -0.7801188 0.338653 -0.5260502 -0.7783961 0.3334982 -0.5318632 -0.8380434 0.1997283 -0.5077321 -0.8325899 0.1926879 -0.5192934 -0.8663707 0.0556479 -0.4962914 -0.8635715 0.05209451 -0.5015282 -0.8742966 -0.07662355 -0.4793061 -0.8709677 -0.0787115 -0.4849947 -0.8585035 -0.2075945 -0.4689098 -0.8579785 -0.2078655 -0.4697498 -0.8312574 -0.3119301 -0.4601204 -0.8383495 -0.3111794 -0.4475908 -0.7705885 -0.4646131 -0.4362661 -0.788828 -0.4571434 -0.4108167 -0.7020769 -0.6073688 -0.371741 -0.7174782 -0.6025455 -0.3495197 -0.6531065 -0.6976028 -0.2946224 -0.6522725 -0.6980894 -0.2953164 -0.5930377 -0.7683975 -0.2405654 -0.5752 -0.7759326 -0.2589859 -0.5341733 -0.8202292 -0.2046533 -0.5296986 -0.8228176 -0.2058905 -0.5109508 -0.8405736 -0.1799041 -0.5057161 -0.8431566 -0.1825872 -0.4844115 -0.864642 -0.1331909 -0.4861953 -0.8635156 -0.1339964 -0.4784951 -0.8720792 -0.1025688 -0.4762908 -0.87347 -0.1009816 -0.4729971 -0.8786285 -0.06546688 -0.4980127 -0.8643906 -0.06937009 -0.6744098 0.7304018 -0.1080958 -0.6535886 0.7509671 -0.09418278 -0.649241 0.7547336 -0.09414577 -0.5861359 0.8078109 -0.06234037 -0.5689971 0.8179438 -0.08491402 -0.5001057 0.8654742 -0.02913469 -0.4821547 0.8751245 -0.04103839 -0.4236397 0.9057577 0.01150757 -0.37244 0.9275766 -0.02983587 0.2162134 -0.9597907 0.1790354 0.5019032 0.8615128 0.07673954 0.5784277 0.8099153 0.09725642 0.6147351 0.786015 0.06543254 0.3097053 0.9492415 0.05498552 0.4060133 0.8963508 0.1780692 0.4873035 0.8508545 0.1964234 0.2500789 0.8416603 0.4786112 0.3532522 0.8424451 0.406816 0.395475 0.8403221 0.3707537 0.955761 0.1561753 0.2492594 0.9554963 0.1425253 0.2582895 0.9922605 0.06854146 0.1035439 0.5692246 0.8131629 0.1214475 0.5939196 0.7888851 0.1578605 0.6409502 0.759309 0.1123959 0.6832463 0.7132468 0.1563767 0.6982599 0.7009125 0.1454468 0.7439773 0.6402187 0.1913579 0.7658892 0.6233184 0.1577597 0.8140717 0.5492652 0.1886669 0.8630606 0.4822142 0.1503196 0.8496948 0.4521402 0.2712711 0.9153113 0.2872595 0.2822892 0.9250064 0.3213898 0.2026622 0.9407551 0.2021713 0.2722257 0.2146939 0.4844955 0.8480393 0.1504944 0.5829929 0.7984176 0.2624472 0.6116434 0.7463336 0.1760188 0.7259309 0.6648622 0.2089171 0.7251974 0.6560811 0.1578425 0.2640495 0.951506 0.1513814 0.2567852 0.9545392 0.2255739 0.4457996 0.8662444 0.2567221 0.03801244 0.9657375 0.1111091 -0.1301229 0.9852527 0.1796471 -0.2304567 0.9563559 0.1813845 -0.2369992 0.9544271 0.1878805 -0.239978 0.9524241 0.1978878 -0.2882372 0.9368883 0.2246467 -0.2894485 0.9304587 0.2242321 -0.3525564 0.9085285 0.239429 -0.3595975 0.9018667 0.235452 -0.4003992 0.8855749 0.2901117 -0.4154412 0.862116 0.2829438 -0.4378043 0.8533876 0.3071218 -0.4536465 0.836589 0.3097006 -0.4478157 0.8387769 0.3483811 -0.4720218 0.809831 0.3644461 -0.4492104 0.815714 0.3667809 -0.4549512 0.8114748 0.9792312 -0.001738607 0.2027392 0.9799329 -0.1182247 0.1604827 0.9769474 -0.1160954 0.1791526 0.9589077 -0.2551769 0.1240194 0.9500716 -0.2631142 0.167735 0.9097843 -0.3992636 0.1134952 0.9073389 -0.3986618 0.1334359 0.8523598 -0.5154076 0.08853143 0.8484398 -0.5167728 0.1144375 0.7907823 -0.6049886 0.09301656 0.7916151 -0.6032146 0.09735375 0.7175903 -0.6919544 0.07914066 0.7172979 -0.6919561 0.08173453 0.642495 -0.7653318 0.03830826 0.6430214 -0.7644972 0.04547125 0.5733187 -0.8193314 0.001387417 0.5556076 -0.8303766 0.04213148 0.4969553 -0.8676847 -0.01259577 0.493303 -0.8698546 0.002263486 0.4383286 -0.8974273 -0.04992508 0.3844766 -0.9230483 0.01264297 0.3353866 -0.9401339 0.06053048 0.3979839 -0.9094764 0.1202564 0.4030739 -0.9075463 0.1178613 0.4685745 -0.8651872 0.1785754 0.46617 -0.8659089 0.181349 0.5553941 -0.7966277 0.2385829 0.5469754 -0.8007374 0.244208 0.6461188 -0.701519 0.3006688 0.6165942 -0.7053819 0.3496399 0.7048054 -0.603158 0.3734298 0.7052065 -0.6029376 0.3730281 0.7415373 -0.548784 0.3859515 0.7414128 -0.5488189 0.3861413 0.7798464 -0.4655137 0.4184935 0.7812976 -0.4645224 0.416885 0.8136816 -0.3569594 0.4588054 0.8194757 -0.3531561 0.4513761 0.8337861 -0.2359513 0.4991272 0.8372524 -0.2313577 0.4954615 0.8349895 -0.09961116 0.5411749 0.8441188 -0.09042608 0.5284759 0.8237811 0.02609598 0.5663071 0.8249372 0.03035187 0.564409 0.7767351 0.1817255 0.603041 0.8037949 0.2271648 0.5498275 0.6967213 0.4765136 0.5362038 0.7173781 0.4956391 0.4896025 0.6107686 0.6720397 0.4187175 0.617792 0.6734631 0.4059319 0.5544359 0.7581689 0.3431922 0.5533523 0.7576605 0.3460519 0.489908 0.8257737 0.2794421 0.4820307 0.8271467 0.2889201 0.3026909 -0.9481548 0.0968548 0.2248868 -0.9594803 0.1697751 0.2973205 -0.9242259 0.2395978 0.2937954 -0.9249556 0.2411259 0.3722444 -0.873768 0.3129913 0.3352855 -0.8744789 0.3505288 0.4447812 -0.7898416 0.4222794 0.4201412 -0.7960337 0.4356738 0.540416 -0.6752955 0.501923 0.466426 -0.6590645 0.5899839 0.5604678 -0.5505695 0.6186673 0.5576643 -0.5512496 0.620592 0.5724572 -0.529766 0.6258121 0.5525267 -0.5292427 0.6439073 0.5750085 -0.4792062 0.663119 0.5624445 -0.4830086 0.6710878 0.5869966 -0.4038736 0.701656 0.5663774 -0.4094879 0.7152177 0.5765973 -0.3155753 0.7536232 0.5723864 -0.3187318 0.7555024 0.571838 -0.2065001 0.7939515 0.5682533 -0.2084895 0.7960027 0.5500966 -0.1138443 0.8273047 0.5494566 -0.1150314 0.8275659 0.502563 0.04053372 0.8635899 0.5732451 0.1253298 0.8097423 0.4561458 0.3989589 0.795464 0.5188385 0.461753 0.7194379 0.4044495 0.6504198 0.6429423 0.4476368 0.6728839 0.5889385 0.3809658 0.7615534 0.5243106 0.3877959 0.767178 0.5109329 0.3192892 0.8405507 0.4376402 0.1302978 0.8109928 0.5703625 0.1182639 0.8060924 0.5798525 0.3729978 -0.4469609 0.8130797 0.2870397 -0.5218018 0.8033251 0.3734736 -0.6517576 0.6600981 0.2899636 -0.7332103 0.6150805 0.293966 -0.7643109 0.573945 0.19963 -0.8365648 0.5102033 0.2543071 -0.8671739 0.4281793 0.1806186 -0.9146852 0.3615633 0.1850594 -0.9187067 0.3488999 0.109562 -0.9551292 0.275181 0.126271 -0.9578604 0.2579907 0.3421475 -0.9387609 -0.04078274 0.3676626 -0.9120701 0.1815275 0.007512867 -0.9938802 0.1102081 0.0563237 -0.9917559 -0.1151005 0.06937235 -0.9860191 0.1515053 0.06289684 -0.9961223 -0.06151813 0.09062564 -0.9866693 0.1351696 0.06817346 -0.9971301 -0.03292524 0.07201176 -0.9973184 -0.01305228 0.07560384 -0.9971372 0.001243412 0.08229941 -0.9962762 0.02570408 0.07812589 -0.9968977 0.009564161 0.08146578 -0.99644 0.02169638 0.02209693 -0.9874715 -0.1562429 0.08940792 -0.994391 0.05650591 -0.01516985 -0.9867752 -0.1613838 0.1062797 -0.9884201 0.1083064 0.2480651 -0.907395 0.3392612 0.1656236 -0.9793497 0.1159442 0.3236771 -0.9385764 -0.1196139 0.2863917 -0.9577322 -0.02699941 0.2890691 -0.9570381 -0.02274352 0.2852983 -0.9578117 -0.03466713 0.2843841 -0.9580124 -0.03658002 0.2838367 -0.9580563 -0.03955721 0.2819226 -0.9583632 -0.04538387 0.2827343 -0.9582699 -0.04219198 0.2809467 -0.9585056 -0.04833221 0.2821779 -0.9583953 -0.04306012 0.2802904 -0.9585902 -0.05041873 0.2818018 -0.9584854 -0.04351425 0.2792212 -0.9587074 -0.05399841 0.2805649 -0.9588036 -0.04448592 0.2777797 -0.9588451 -0.05877411 0.2789631 -0.9592043 -0.04589951 0.2760588 -0.9588791 -0.06589919 0.2750992 -0.9601984 -0.04837006 0.2734709 -0.9585831 -0.07957476 0.265227 -0.9625592 -0.05598813 0.270913 -0.9569329 -0.1043345 0.2463862 -0.965786 -0.08094048 0.2850455 -0.9414645 -0.1799826 0.1619445 -0.9617995 -0.2207168 -0.1425085 -0.8915966 -0.4298218 0.1057974 -0.8906744 -0.4421609 -0.1170808 -0.9390025 -0.3233675 0.05961948 -0.9415255 -0.3316252 -0.04102832 -0.9964907 -0.07295852 0.04829841 -0.9776304 -0.2047095 0.01917552 -0.9957599 0.08997082 0.01980036 -0.9962204 0.08457589 0.2445767 -0.9164948 -0.3165748 0.4479416 0.8916063 0.06623083 0.3141354 0.9469509 0.06784629 0.3081887 0.9488906 0.06801748 0.2559013 0.9640747 0.07123571 0.2439416 0.9665496 0.07921153 0.6133684 0.787459 0.060727 0.8645569 -0.47439 -0.165818 0.8761281 -0.4275606 -0.2226915 0.841602 -0.468809 -0.268187 0.8071357 -0.5173007 -0.2844853 0.8083601 -0.5169898 -0.2815593 0.7059694 -0.6438653 -0.2950333 0.7278706 -0.641711 -0.2416847 0.2628684 0.963043 0.05872243 0.2680576 0.9634001 -0.002338051 0.2686831 0.9632282 -8.87397e-4 0.2836013 0.9567973 -0.06410592 0.279859 0.956032 -0.08764594 0.317448 0.9308885 -0.1807584 0.2995108 0.9324423 -0.202101 0.327745 0.9123215 -0.2454645 0.3243472 0.9113321 -0.2535207 0.3768075 0.8654221 -0.3302437 0.3376158 0.8645479 -0.3722534 0.4091509 0.79188 -0.4533452 0.3946613 0.7822819 -0.4819518 0.461939 0.6940337 -0.5522044 0.379811 0.6495009 -0.6587051 0.4626924 0.5142443 -0.7221278 0.414229 0.4493398 -0.7915227 0.4418929 0.3919648 -0.8069041 0.4197786 0.3168099 -0.8505395 0.8912343 -0.3901567 -0.231256 0.944066 -0.2692751 -0.1903428 0.9377862 -0.261846 -0.2280218 0.9792859 -0.1036571 -0.1739377 0.9750419 -0.1023948 -0.1969993 0.9879739 0.05377626 -0.144968 0.9822342 0.05848622 -0.178313 0.9671913 0.2172715 -0.1316595 0.9647204 0.2170614 -0.1489937 0.9277584 0.3553711 -0.1139111 0.9260479 0.3549168 -0.1283338 0.868604 0.4858812 -0.09719359 0.8685641 0.4857673 -0.09811455 0.8047859 0.59121 -0.05282592 0.797928 0.5974808 -0.07954567 0.7446612 0.6670895 -0.0217117 0.7411463 0.6702189 -0.03884583 0.6911252 0.7225502 0.01634836 0.6583911 0.7517874 -0.03656524 0.6212979 0.783349 0.01879411 0.6179366 0.7861897 0.007742345 0.6027688 0.7973135 0.03100252 0.5898458 0.8073821 0.0147081 0.5784608 0.814584 0.04284977 0.5769259 0.8158474 0.03936749 0.5736978 0.8173415 0.0531401 0.5718483 0.8188024 0.05052024 0.5707214 0.8186761 0.06361413 0.5679554 0.8206644 0.06274318 0.4070287 0.3169069 -0.8566783 0.4067639 0.317951 -0.8564172 0.3801397 0.3084986 -0.8719648 0.3827316 0.2850247 -0.8787932 0.3383918 0.2813795 -0.8979513 0.3357939 0.2561634 -0.9064341 0.3108319 0.2548964 -0.9156482 0.3010586 0.2144355 -0.9291831 0.2678644 0.2215277 -0.9376429 0.2481891 0.1811693 -0.9516196 0.2268472 0.1853016 -0.95614 0.2041811 0.1426837 -0.968479 0.1533941 0.06607955 -0.9859533 0.249724 0.05508697 -0.9667488 0.06828576 -0.1822655 -0.9808753 0.2160816 -0.2661126 -0.9394109 0.06961232 -0.4225448 -0.9036648 0.1160772 -0.4035913 -0.9075463 -0.01450514 -0.5273095 -0.8495495 0.1007 -0.5974271 -0.7955755 -0.0334922 -0.7056503 -0.7077682 0.01301127 -0.7208444 -0.6929749 -0.1030623 -0.7974985 -0.5944532 -0.03338187 -0.8311221 -0.5550871 0.07884103 -0.8825095 -0.4636389 0.1757837 -0.8198838 -0.5448769 0.1661421 -0.806692 -0.5671375 0.2654768 -0.7262926 -0.6340515 0.2251803 -0.6777608 -0.699953 0.3130327 -0.598137 -0.7377281 0.3265414 -0.5699414 -0.7540143 0.4106535 -0.4774326 -0.7768024 0.3675425 -0.3776704 -0.8498692 0.4981866 -0.2127985 -0.8405516 0.4867279 -0.1327438 -0.8634091 0.5514472 -0.0351873 -0.8334674 0.5537531 -0.03898012 -0.8317681 0.600528 0.05892616 -0.7974296 0.6071327 0.0529198 -0.7928363 0.6319947 0.152787 -0.7597623 0.6386316 0.1471227 -0.7553176 0.6470368 0.234567 -0.7254804 0.6624121 0.2274498 -0.7137765 0.6533414 0.3140984 -0.6888303 0.6649929 0.3097987 -0.6795655 0.6492613 0.3707839 -0.6640625 0.6805581 0.368224 -0.6334444 0.6075472 0.5257813 -0.5953489 0.6553755 0.513315 -0.5540674 0.5512571 0.684373 -0.4772307 0.6080998 0.6743007 -0.418967 0.5304956 0.7781264 -0.3362944 0.5429619 0.7727048 -0.3288154 0.4709174 0.8465163 -0.2482885 0.4822787 0.8428419 -0.2387986 0.4321473 0.8866429 -0.1646603 0.4336289 0.8859626 -0.1644271 0.4068192 0.9051366 -0.1233937 0.4155344 0.9016495 -0.11983 0.3816044 0.9236305 -0.03584563 0.3893345 0.920183 -0.04101216 0.3761633 0.9264249 0.01543486 0.3744819 0.927078 0.01701664 0.3701096 0.9265325 0.06750106 0.3707343 0.9263073 0.06716382 0.1078025 -0.8893153 -0.4444066 0.2577594 -0.9162842 -0.3065674 0.3421061 -0.8612273 -0.3758338 0.3414949 -0.860726 -0.3775345 0.4353027 -0.7843462 -0.441942 0.423584 -0.7753303 -0.4684439 0.5098508 -0.6980995 -0.502702 0.5162598 -0.6871884 -0.5111244 0.5989275 -0.5950033 -0.5359636 0.5840962 -0.555159 -0.5921404 0.7082607 -0.4014781 -0.5806739 0.7091592 -0.3559725 -0.608586 0.7779726 -0.2519531 -0.575568 0.7762281 -0.2459545 -0.5804966 0.836007 -0.1175885 -0.5359714 0.8305152 -0.1088245 -0.5462617 0.8644242 0.022942 -0.5022397 0.8616058 0.02726179 -0.5068455 0.8724568 0.150927 -0.4648013 0.8691049 0.1538769 -0.4700836 0.856744 0.278654 -0.4339836 0.8562142 0.2790549 -0.434771 0.8295633 0.3803222 -0.4088763 0.8367071 0.3776202 -0.3966414 0.7690358 0.5273745 -0.3611928 0.7873716 0.5160197 -0.3372979 0.7008184 0.658255 -0.2748711 0.7163026 0.6500238 -0.2537313 0.6521726 0.7353028 -0.1843929 0.6513335 0.7358931 -0.1850026 0.5923384 0.7967482 -0.1196981 0.5744317 0.8070673 -0.1366404 0.5336242 0.8423102 -0.07588672 0.529155 0.8450524 -0.07669109 0.5105042 0.8585248 -0.04817456 0.5052635 0.8614923 -0.05039697 0.4841566 0.8749794 0.001835167 0.4859406 0.8739914 8.47122e-4 0.4783524 0.8775377 0.03326702 0.476163 0.8786578 0.03506374 0.4730085 0.8781964 0.07095241 0.4980022 0.8647531 0.06477606 0.6737766 -0.7042807 -0.2236377 0.6529863 -0.7267919 -0.2130317 0.6486405 -0.7305169 -0.2135667 0.5856405 -0.7879361 -0.1902155 0.5684187 -0.794414 -0.2140251 0.499728 -0.8501071 -0.1661022 0.4817243 -0.8577829 -0.1793051 0.4234056 -0.896276 -0.1319733 0.3720351 -0.9113776 -0.176014 0.6667714 -0.7013234 -0.2521141 0.1628159 -0.01795583 -0.9864931 0.8586323 -0.4564298 -0.2332862 0.7776935 -0.4090625 -0.4773476 0.684364 -0.3993893 -0.6100279 0.1698404 -0.01532006 -0.9853525 0.3800634 -0.1522772 -0.9123396 0.4410958 -0.2502872 -0.8618533 0.528978 -0.2353247 -0.8153555 0.6813755 -0.3554678 -0.6398204 0.834378 -0.4812229 -0.2687712 0.841661 -0.4689249 -0.2677993 0.8055081 -0.5125931 -0.2973299 0.7251824 -0.6396741 -0.2548093 0.7018184 -0.523651 -0.4829501 0.7015507 -0.5233913 -0.4836199 0.6446436 -0.4583032 -0.6118764 0.1517549 -0.04509001 -0.9873892 0.1477181 -0.04300534 -0.9880941 0.3465615 -0.2056946 -0.9151967 0.4308548 -0.2663188 -0.8622288 0.476204 -0.3183686 -0.8196775 0.6221883 -0.4451724 -0.6439746 -0.4883586 0.6742852 -0.5539363 -0.5509363 0.7421458 -0.3816921 0.9052312 -0.3607048 -0.2246076 0.8964498 -0.3378868 -0.2867234 0.9526753 -0.1381983 -0.2707601 0.9526754 -0.1381974 -0.2707607 0.9635403 0.08748829 -0.2528558 0.9635398 0.08748859 -0.2528571 0.9196575 0.3147352 -0.2348867 0.9196574 0.3147351 -0.2348874 0.8226801 0.5249835 -0.2181513 0.8226794 0.524984 -0.2181524 0.6782025 0.7061033 -0.2036164 0.6782037 0.706103 -0.2036138 0.4945638 0.8476421 -0.1921189 0.4945617 0.8476438 -0.1921166 0.2823554 0.9414365 -0.184317 0.2823558 0.9414345 -0.184327 0.05382812 0.9820677 -0.1806815 0.0538277 0.9820677 -0.1806813 -0.1778351 0.9671966 -0.1813986 -0.1778352 0.967197 -0.1813964 -0.3972257 0.8985834 -0.1864393 -0.3972268 0.8985834 -0.1864371 -0.5821831 0.7893192 -0.1950335 -0.6012637 0.7882099 -0.1311764 -0.2741698 0.4207293 -0.8647646 -0.3760395 0.5438637 -0.7502045 -0.4213851 0.6242943 -0.6577927 -0.2926715 0.7002685 -0.6511278 -0.292671 0.7002693 -0.6511273 -0.1315943 0.7507265 -0.6473737 -0.1315965 0.7507286 -0.6473708 0.03852659 0.7616496 -0.6468428 0.03852629 0.7616478 -0.6468451 0.2063461 0.7318097 -0.6495198 0.206346 0.7318087 -0.649521 0.3621794 0.6629316 -0.6552464 0.3621799 0.6629324 -0.6552453 0.4970357 0.5589926 -0.6636888 0.4970371 0.5589928 -0.6636877 0.603133 0.4259877 -0.6743628 0.6031339 0.425987 -0.6743623 0.6743468 0.271592 -0.6866545 0.6743505 0.2715905 -0.6866514 0.7065727 0.1047134 -0.6998501 0.7065731 0.1047129 -0.6998497 0.6983903 -0.06097602 -0.7131149 0.6983933 -0.06097644 -0.713112 -0.1222031 0.2316847 -0.9650848 0.8281258 -0.3095909 -0.4672915 0.7329649 -0.2571775 -0.6297795 0.6594177 -0.1993724 -0.7248579 0.5627485 -0.1721425 -0.8085055 0.4087114 -0.1001012 -0.9071576 -0.1496346 0.2882162 -0.9458017 -0.1088237 0.3125476 -0.943648 -0.108824 0.312547 -0.9436481 -0.04969227 0.3311036 -0.942285 -0.04969191 0.3311042 -0.9422849 0.0127725 0.3351137 -0.9420912 0.01277321 0.3351156 -0.9420905 0.07439368 0.3241592 -0.9430729 0.0743938 0.3241579 -0.9430734 0.131613 0.2988691 -0.9451748 0.1316125 0.2988703 -0.9451744 0.1811288 0.2607051 -0.9482749 0.1811293 0.2607037 -0.9482752 0.2200832 0.2118666 -0.9521954 0.2200902 0.2118673 -0.9521936 0.2462365 0.1551757 -0.956707 0.2462363 0.1551758 -0.9567071 0.2580703 0.0939002 -0.9615521 0.2580687 0.0939002 -0.9615526 0.2549868 0.03307175 -0.9663788 0.2549896 0.03307151 -0.9663782 0.2425305 -0.01040166 -0.970088 0.1793259 0.001700997 -0.9837883 0.4860079 -0.5791755 -0.6544862 0.5492225 -0.6731359 -0.49522 -0.9059829 0.3911274 -0.1619094 -0.8974517 0.378306 -0.2268589 -0.9536753 0.1785616 -0.2421142 -0.9536752 0.1785613 -0.2421149 -0.9645385 -0.04714989 -0.259697 -0.9645382 -0.04714971 -0.2596981 -0.9206551 -0.2743976 -0.2776694 -0.9206564 -0.274396 -0.2776668 -0.823679 -0.4846445 -0.2944021 -0.8236778 -0.4846461 -0.294403 -0.6792014 -0.6657647 -0.3089384 -0.679201 -0.6657657 -0.3089371 -0.4955618 -0.8073049 -0.3204331 -0.4955599 -0.8073045 -0.3204372 -0.2833551 -0.9010976 -0.3282273 -0.2833545 -0.9010959 -0.3282324 -0.05482685 -0.9417281 -0.3318772 -0.05482679 -0.9417297 -0.3318724 0.1768364 -0.9268587 -0.3311524 0.1768357 -0.9268574 -0.3311564 0.3962274 -0.8582336 -0.32625 0.3962274 -0.8582345 -0.3262475 0.5811811 -0.7489147 -0.3183635 0.6005132 -0.7578002 -0.2551922 0.2706975 -0.280188 -0.9209874 0.3729683 -0.419694 -0.8274973 0.418641 -0.5135792 -0.7489834 0.289932 -0.5896987 -0.7537871 0.2899329 -0.589698 -0.7537873 0.1288579 -0.6401717 -0.757348 0.1288572 -0.6401736 -0.7573465 -0.04126369 -0.6510928 -0.7578756 -0.04126405 -0.6510943 -0.7578744 -0.209083 -0.6212546 -0.7552 -0.2090827 -0.6212535 -0.7552011 -0.3649169 -0.5523769 -0.7494768 -0.3649179 -0.552379 -0.7494748 -0.4997745 -0.4484386 -0.741032 -0.4997745 -0.4484375 -0.7410326 -0.6058728 -0.3154326 -0.7303565 -0.6058692 -0.315434 -0.7303588 -0.6770878 -0.1610374 -0.7180662 -0.6770864 -0.1610372 -0.7180677 -0.7093154 0.005841434 -0.7048671 -0.7093086 0.005840599 -0.7048739 -0.7011302 0.1715685 -0.6920843 -0.7011291 0.1715676 -0.6920856 0.1183921 -0.07782495 -0.9899125 -0.8298379 0.3786259 -0.4098923 -0.7353184 0.3523084 -0.5789523 -0.66216 0.3101093 -0.682185 -0.5658233 0.2963299 -0.7694364 -0.4122011 0.2406562 -0.878735 0.1458795 -0.1366656 -0.9798172 0.1050724 -0.1610473 -0.9813377 0.1050711 -0.1610475 -0.9813378 0.04594117 -0.1796076 -0.982665 0.04594111 -0.1796068 -0.9826652 -0.01652526 -0.1836169 -0.982859 -0.01652497 -0.1836178 -0.9828588 -0.07814586 -0.1726619 -0.9818764 -0.07814556 -0.1726626 -0.9818763 -0.1353631 -0.1473729 -0.9797745 -0.1353636 -0.1473708 -0.9797748 -0.1848794 -0.1092061 -0.9766748 -0.1848815 -0.1092079 -0.9766743 -0.2238387 -0.06037062 -0.9727547 -0.2238333 -0.06036937 -0.972756 -0.2499817 -0.003677666 -0.9682436 -0.2499908 -0.003678083 -0.9682413 -0.2618225 0.05759626 -0.9633959 -0.2618219 0.0575962 -0.9633961 -0.2587406 0.1184324 -0.9586591 -0.2587391 0.1184324 -0.9586595 -0.2462828 0.1619549 -0.9555708 -0.1831402 0.1521622 -0.9712397 -0.6675115 0.7319421 -0.1367088 -0.1674299 0.1719781 -0.9707682 -0.8605522 0.4849357 -0.1558443 -0.7804425 0.4766562 -0.4046089 -0.6847104 0.4961741 -0.533838 -0.1738525 0.1688461 -0.9701888 -0.384032 0.2921816 -0.8758707 -0.4419298 0.3890879 -0.8082752 -0.5327346 0.3586159 -0.7665432 -0.6846269 0.4494456 -0.5738334 -0.8371464 0.5156929 -0.1823372 -0.8444305 0.5033342 -0.1832817 -0.8058664 0.5520197 -0.2141352 -0.7259669 0.6714425 -0.1487857 -0.7015385 0.5883088 -0.4021649 -0.7050473 0.5902396 -0.3930974 -0.6499857 0.5472124 -0.5273303 -0.1559981 0.1985139 -0.9676038 -0.1525416 0.1968377 -0.9684967 -0.3509694 0.3452762 -0.870405 -0.4364286 0.3976426 -0.8071 -0.4806677 0.4410296 -0.7579259 -0.6259731 0.5385887 -0.5639858 0.7772054 0.1353479 0.6145184 0.8817408 0.1340404 0.4522904 0.7815559 0.1162641 0.6129054 0.7783845 0.1128433 0.6175631 0.6003649 0.04777294 0.7982981 0.1943953 -0.04524457 0.9798794 0.4990428 0.06362909 0.8642383 0.1821733 -0.04205524 0.9823667 0.1809834 -0.03697925 0.9827908 0.175577 -0.03325873 0.9839038 0.8604831 0.4547305 0.2297586 0.8105149 0.3235932 0.4882143 0.8959092 0.3004468 0.3272284 0.9202988 0.2223938 0.3218559 0.9364595 0.1977337 0.2897328 0.9415935 0.1747814 0.2878424 0.9661838 0.1551128 0.2059834 0.8214492 0.3288314 0.4659305 0.7215831 0.2667582 0.6388725 0.7584402 0.1524133 0.6336708 0.5136017 0.05316668 0.85638 0.5132861 0.05450665 0.856485 0.4356985 0.01649403 0.8999416 0.1810197 0.002720177 0.9834758 0.1663511 -4.37056e-4 0.9860665 0.4084038 0.108437 0.9063376 0.4781458 0.1344375 0.8679304 0.5584017 0.1879246 0.8080048 0.7303549 0.2689138 0.6279069 -0.6092239 -0.0874018 0.788167 -0.4425153 -0.08868646 0.8923648 0.1612858 0.03677648 0.9862223 0.2023205 0.08768135 0.9753864 0.1801008 0.1129349 0.9771435 0.1801005 0.1129348 0.9771436 0.1353644 0.1473716 0.9797746 0.1353643 0.1473716 0.9797745 0.07814502 0.1726619 0.9818764 0.07814478 0.1726614 0.9818765 0.01652461 0.1836179 0.9828588 0.01652461 0.1836176 0.9828588 -0.04594087 0.1796073 0.9826651 -0.04594093 0.1796081 0.982665 -0.1056476 0.1608636 0.981306 -0.1056473 0.1608633 0.9813061 -0.1591495 0.1284657 0.9788606 -0.1591495 0.1284655 0.9788606 -0.2033603 0.08428436 0.9754695 -0.2033597 0.084284 0.9754697 -0.2357279 0.03086817 0.9713287 -0.235728 0.03086841 0.9713287 -0.2539508 -0.02727502 0.9668325 -0.2539505 -0.02727532 0.9668326 -0.2573561 -0.07240706 0.9636 -0.1942567 -0.08506077 0.9772559 -0.8963977 -0.0716983 0.4374136 -0.7934256 -0.08049273 0.6033215 -0.7070509 -0.06666141 0.7040137 -0.6955651 0.07676678 0.7143502 -0.6955646 0.07676661 0.7143507 -0.6457316 0.2350884 0.7264738 -0.6457319 0.2350887 0.7264734 -0.5575794 0.3805632 0.7377513 -0.5575796 0.3805627 0.7377514 -0.4371748 0.5008893 0.746986 -0.4371743 0.5008884 0.746987 -0.2914645 0.5891223 0.7536467 -0.2914648 0.5891227 0.7536465 -0.1288574 0.6401706 0.7573488 -0.1288577 0.6401742 0.7573459 0.04126423 0.6510957 0.7578731 0.04126417 0.6510929 0.7578755 0.2090845 0.6212562 0.7551982 0.2090832 0.6212537 0.7552007 0.3649178 0.552379 0.7494749 0.3649177 0.5523787 0.749475 0.4872916 0.4591241 0.7428001 0.4872909 0.459124 0.7428007 -0.9798113 -0.05582845 0.1919718 0.3628032 0.1873062 0.9128473 0.4980897 0.2921398 0.816432 0.5643743 0.3724722 0.7367131 0.6475051 0.4135166 0.6401104 0.7309144 0.486307 0.4788212 -0.9653806 -0.04709225 0.2565594 -0.9488238 0.1597068 0.2724466 -0.9488241 0.159706 0.2724462 -0.8806884 0.3752351 0.2891135 -0.8806887 0.3752349 0.2891129 -0.7606476 0.5733356 0.3044696 -0.7606474 0.5733356 0.3044697 -0.596687 0.7371888 0.3170448 -0.5966864 0.7371896 0.3170443 -0.3982663 0.8573406 0.3261154 -0.3982663 0.8573413 0.3261132 -0.1768358 0.9268572 0.331157 -0.1768366 0.9268584 0.3311529 0.05482697 0.941729 0.3318744 0.05482673 0.9417282 0.3318764 0.2833549 0.9010971 0.3282289 0.2833548 0.9010953 0.328234 0.4955613 0.8073038 0.3204367 0.4955614 0.8073047 0.3204342 0.6629261 0.6811304 0.3107902 0.6629268 0.6811297 0.3107901 0.7770578 0.5528903 0.3008216 0.7981474 0.5539522 0.2368499 0.6122989 -0.03678297 0.7897703 0.4459962 -0.0518682 0.8935308 -0.1574758 -0.190652 0.9689444 -0.1985671 -0.2392474 0.9504377 -0.1763482 -0.2644577 0.9481369 -0.1763482 -0.2644577 0.9481369 -0.1316125 -0.2988682 0.9451752 -0.131613 -0.2988689 0.9451748 -0.07439321 -0.3241585 0.9430732 -0.07439351 -0.324159 0.9430729 -0.01277297 -0.3351149 0.9420907 -0.01277297 -0.3351151 0.9420907 0.04969251 -0.3311052 0.9422845 0.04969233 -0.3311045 0.9422848 0.1093991 -0.3123606 0.9436433 0.1093989 -0.3123603 0.9436435 0.1629012 -0.279963 0.9460887 0.1629008 -0.2799624 0.946089 0.2071115 -0.2357811 0.9494799 0.2071116 -0.2357811 0.9494799 0.2394793 -0.1823655 0.9536207 0.2394797 -0.1823655 0.9536207 0.2577024 -0.1242287 0.958205 0.2577023 -0.1242288 0.958205 0.2611091 -0.07914561 0.9620593 0.1980668 -0.06880342 0.9777708 0.8981058 0.002663314 0.4397716 0.7957812 -0.01463824 0.6054074 0.709793 -0.04407477 0.7030301 0.6983034 -0.1873587 0.6908466 0.6983031 -0.1873583 0.6908471 0.6484693 -0.3456424 0.678247 0.6484698 -0.3456429 0.6782463 0.5603184 -0.4911178 0.6669682 0.5603173 -0.4911173 0.6669695 0.4399127 -0.6114435 0.6577338 0.4399126 -0.6114433 0.6577341 0.2942023 -0.6996762 0.6510748 0.2942028 -0.6996772 0.6510733 0.131595 -0.7507266 0.6473734 0.1315949 -0.7507253 0.6473749 -0.03852629 -0.7616458 0.6468474 -0.03852659 -0.7616484 0.6468444 -0.2063464 -0.7318096 0.6495198 -0.2063457 -0.7318087 0.649521 -0.3621802 -0.6629327 0.6552449 -0.3621797 -0.6629325 0.6552453 -0.4845504 -0.5698199 0.663714 -0.4845498 -0.5698195 0.6637147 0.9805648 0.02540844 0.194544 -0.3593213 -0.3279118 0.8737061 -0.4950122 -0.4164128 0.7626029 -0.5616296 -0.4833065 0.6715557 -0.6451476 -0.5087576 0.5700442 -0.7292013 -0.5554461 0.3996815 0.9663814 0.006671071 0.2570261 0.9498236 -0.2000696 0.2404316 0.9498236 -0.2000705 0.240431 0.8816871 -0.4155745 0.223441 0.8816875 -0.415574 0.2234401 0.7616465 -0.6136741 0.2080838 0.7616468 -0.6136739 0.2080829 0.5976855 -0.7775274 0.1955078 0.5976848 -0.7775276 0.195509 0.3992651 -0.8976792 0.1864388 0.3992654 -0.8976796 0.1864364 0.177835 -0.967198 0.181392 0.177835 -0.9671966 0.1813993 -0.053828 -0.9820677 0.1806814 -0.05382782 -0.9820681 0.1806792 -0.2823557 -0.9414355 0.184322 -0.2823559 -0.941435 0.184324 -0.4945625 -0.8476428 0.1921193 -0.4945624 -0.8476433 0.1921174 -0.6619246 -0.7215646 0.2029789 -0.6619246 -0.7215647 0.2029787 -0.776055 -0.5933786 0.2136362 -0.7973939 -0.5844259 0.1503639 -0.7748602 -0.2300485 0.5887864 -0.8800241 -0.2034117 0.4291633 -0.7792114 -0.2109518 0.5901941 -0.7760207 -0.2082996 0.5953178 -0.5972824 -0.17225 0.7833158 -0.1905841 -0.1086586 0.9756388 -0.495711 -0.1981948 0.8455706 -0.1783537 -0.1121938 0.9775493 -0.1771635 -0.1172721 0.9771696 -0.1717537 -0.1211211 0.9776659 -0.8597252 -0.4853371 0.1591239 -0.8087161 -0.3962295 0.4347192 -0.8947265 -0.3482119 0.2796659 -0.9191147 -0.2702797 0.2866657 -0.93539 -0.2409086 0.2588605 -0.9405239 -0.2179462 0.2606033 -0.9654259 -0.1857186 0.1829245 -0.8197387 -0.3979212 0.4119309 -0.719184 -0.3636353 0.5920675 -0.7560273 -0.2498931 0.6049597 -0.5102972 -0.1866354 0.8395022 -0.5099813 -0.1879774 0.8393949 -0.4322135 -0.1572037 0.8879631 -0.1772096 -0.1565917 0.9716356 -0.1625298 -0.1538732 0.9746318 -0.4049229 -0.2490088 0.8797909 -0.4748206 -0.268702 0.8380601 -0.5553247 -0.3121805 0.7708163 -0.7279986 -0.3640524 0.5809337 0.9869461 0.1606937 0.01072335 0.9869462 0.1606928 0.01072335 0.7742006 0.6311053 0.04816025 0.7742009 0.6311053 0.04816025 0.3540092 0.9324127 0.07269269 0.3540091 0.9324128 0.07269263 -0.1610391 0.9838811 0.07774704 -0.1610392 0.9838811 0.0777471 -0.6329369 0.7717193 0.06196922 -0.632937 0.7717193 0.06196922 -0.93524 0.352776 0.02958679 -0.9352402 0.3527756 0.02958679 -0.9869461 -0.1606937 -0.01072341 -0.9869462 -0.1606932 -0.01072335 -0.7742008 -0.6311052 -0.04816025 -0.7742009 -0.6311051 -0.04816025 -0.3540093 -0.9324127 -0.07269263 -0.3540091 -0.9324128 -0.07269263 0.1610391 -0.9838811 -0.07774716 0.1610392 -0.9838811 -0.0777471 0.632937 -0.7717193 -0.06196928 0.6329373 -0.7717191 -0.06196928 0.9352399 -0.3527761 -0.02958679 0.9352401 -0.3527759 -0.02958679</float_array>
          <technique_common>
            <accessor source="#Prop_CCW-mesh-normals-array" count="3559" stride="3">
              <param name="X" type="float"/>
              <param name="Y" type="float"/>
              <param name="Z" type="float"/>
            </accessor>
          </technique_common>
        </source>
        <vertices id="Prop_CCW-mesh-vertices">
          <input semantic="POSITION" source="#Prop_CCW-mesh-positions"/>
        </vertices>
        <triangles material="Material_001-material" count="3562">
          <input semantic="VERTEX" source="#Prop_CCW-mesh-vertices" offset="0"/>
          <input semantic="NORMAL" source="#Prop_CCW-mesh-normals" offset="1"/>
          <p>0 0 1 0 2 0 3 1 4 1 5 1 6 2 7 2 8 2 9 3 10 3 11 3 11 4 10 4 12 4 11 5 12 5 13 5 13 6 12 6 14 6 13 7 14 7 15 7 16 8 17 8 18 8 16 9 18 9 19 9 17 10 20 10 18 10 18 11 20 11 21 11 18 12 21 12 22 12 5 13 23 13 3 13 3 14 23 14 24 14 3 15 24 15 25 15 25 16 24 16 26 16 25 17 26 17 8 17 8 18 26 18 27 18 8 19 27 19 6 19 28 20 29 20 30 20 30 21 29 21 31 21 30 22 31 22 32 22 32 23 31 23 33 23 33 24 34 24 32 24 32 25 34 25 35 25 32 26 35 26 36 26 37 27 38 27 39 27 39 28 38 28 40 28 39 29 40 29 41 29 42 30 43 30 39 30 39 31 43 31 44 31 39 32 44 32 45 32 45 33 46 33 39 33 39 34 46 34 47 34 39 35 47 35 37 35 41 36 48 36 39 36 39 37 48 37 49 37 39 38 49 38 50 38 50 39 49 39 51 39 50 40 51 40 4 40 4 41 51 41 52 41 4 42 52 42 5 42 53 43 54 43 55 43 55 44 54 44 56 44 55 45 56 45 2 45 2 46 56 46 57 46 2 47 57 47 0 47 22 48 58 48 18 48 18 49 58 49 59 49 18 50 59 50 60 50 60 51 59 51 61 51 60 52 61 52 62 52 62 53 61 53 63 53 62 54 63 54 53 54 53 55 63 55 64 55 53 56 64 56 54 56 15 57 19 57 13 57 13 58 19 58 18 58 13 59 18 59 65 59 65 60 18 60 66 60 65 61 66 61 67 61 67 62 66 62 68 62 67 63 68 63 69 63 69 64 68 64 70 64 69 65 70 65 39 65 39 66 70 66 32 66 39 67 32 67 42 67 42 68 32 68 36 68 71 69 72 69 73 69 74 70 75 70 76 70 77 71 78 71 79 71 80 72 81 72 82 72 82 73 81 73 83 73 82 74 83 74 84 74 84 75 83 75 85 75 84 76 85 76 86 76 87 77 88 77 89 77 87 78 89 78 90 78 88 79 91 79 89 79 89 80 91 80 92 80 89 81 92 81 93 81 76 82 94 82 74 82 74 83 94 83 95 83 74 84 95 84 96 84 96 85 95 85 97 85 96 86 97 86 79 86 79 87 97 87 98 87 79 88 98 88 77 88 99 89 100 89 101 89 99 90 101 90 102 90 103 91 104 91 105 91 105 92 104 92 106 92 105 93 106 93 101 93 101 94 106 94 107 94 101 95 107 95 102 95 108 96 109 96 110 96 108 97 110 97 111 97 112 98 113 98 110 98 110 99 113 99 114 99 110 100 114 100 115 100 115 101 116 101 110 101 110 102 116 102 117 102 110 103 117 103 111 103 109 104 118 104 110 104 110 105 118 105 119 105 110 106 119 106 120 106 120 107 119 107 121 107 120 108 121 108 75 108 75 109 121 109 122 109 75 110 122 110 76 110 123 111 124 111 125 111 125 112 124 112 126 112 125 113 126 113 73 113 73 114 126 114 127 114 73 115 127 115 71 115 93 116 128 116 89 116 89 117 128 117 129 117 89 118 129 118 130 118 130 119 129 119 131 119 130 120 131 120 132 120 132 121 131 121 133 121 132 122 133 122 123 122 123 123 133 123 134 123 123 124 134 124 124 124 86 125 90 125 84 125 84 126 90 126 89 126 84 127 89 127 135 127 135 128 89 128 136 128 135 129 136 129 137 129 137 130 136 130 138 130 137 131 138 131 139 131 139 132 138 132 140 132 139 133 140 133 110 133 110 134 140 134 101 134 110 135 101 135 112 135 112 136 101 136 100 136 141 137 142 137 143 137 143 138 142 138 144 138 145 139 146 139 147 139 147 140 146 140 148 140 147 141 148 141 149 141 150 142 151 142 152 142 148 143 153 143 149 143 149 144 153 144 154 144 149 145 154 145 151 145 151 146 154 146 155 146 151 147 155 147 152 147 156 148 157 148 158 148 158 138 157 138 159 138 152 149 160 149 150 149 150 150 160 150 161 150 150 151 161 151 143 151 143 152 161 152 162 152 143 153 162 153 141 153 157 154 163 154 159 154 159 155 163 155 164 155 159 156 164 156 147 156 147 157 164 157 165 157 147 158 165 158 145 158 156 159 158 159 166 159 166 160 158 160 167 160 166 161 167 161 168 161 169 162 170 162 167 162 167 163 170 163 171 163 167 164 171 164 168 164 172 145 173 145 169 145 169 165 173 165 174 165 169 166 174 166 170 166 175 167 176 167 177 167 177 168 176 168 178 168 177 169 178 169 172 169 172 170 178 170 179 170 172 171 179 171 173 171 142 172 180 172 144 172 144 155 180 155 181 155 144 173 181 173 177 173 177 174 181 174 182 174 177 175 182 175 175 175 183 176 184 176 185 176 186 177 187 177 184 177 184 178 187 178 188 178 184 179 188 179 185 179 189 180 190 180 191 180 192 181 193 181 190 181 190 182 193 182 194 182 190 183 194 183 191 183 195 184 196 184 192 184 192 185 196 185 197 185 192 186 197 186 193 186 198 187 199 187 200 187 200 188 199 188 201 188 200 189 201 189 195 189 195 190 201 190 202 190 195 191 202 191 196 191 203 192 204 192 186 192 186 193 204 193 205 193 186 194 205 194 187 194 198 195 200 195 206 195 206 196 200 196 207 196 206 197 207 197 208 197 185 198 209 198 183 198 183 199 209 199 210 199 183 200 210 200 207 200 207 201 210 201 211 201 207 202 211 202 208 202 212 203 213 203 214 203 214 204 213 204 215 204 214 205 215 205 203 205 203 206 215 206 216 206 203 207 216 207 204 207 212 208 214 208 217 208 217 209 214 209 218 209 217 210 218 210 219 210 191 211 220 211 189 211 189 212 220 212 221 212 189 213 221 213 218 213 218 214 221 214 222 214 218 215 222 215 219 215 223 216 224 216 225 216 225 217 224 217 226 217 227 218 228 218 229 218 230 219 228 219 231 219 232 220 233 220 234 220 235 221 236 221 237 221 238 222 239 222 240 222 241 223 242 223 243 223 244 224 245 224 246 224 247 225 248 225 249 225 249 226 248 226 250 226 249 227 250 227 251 227 252 228 253 228 254 228 254 229 253 229 255 229 254 230 255 230 256 230 257 231 252 231 258 231 258 232 252 232 254 232 258 233 254 233 248 233 248 234 254 234 256 234 248 235 256 235 250 235 250 236 256 236 255 236 244 237 246 237 259 237 259 238 246 238 260 238 259 239 260 239 261 239 261 240 260 240 262 240 262 241 260 241 263 241 262 242 263 242 264 242 264 243 263 243 265 243 265 244 263 244 266 244 265 245 266 245 267 245 268 246 269 246 270 246 270 247 269 247 271 247 270 248 271 248 266 248 266 249 271 249 272 249 266 250 272 250 267 250 273 251 274 251 275 251 275 252 274 252 276 252 275 253 276 253 277 253 278 254 279 254 280 254 280 255 279 255 281 255 280 256 281 256 282 256 282 257 281 257 283 257 282 258 283 258 284 258 285 259 286 259 287 259 287 260 286 260 288 260 287 261 288 261 289 261 290 262 291 262 285 262 285 263 291 263 292 263 285 264 292 264 286 264 239 265 293 265 240 265 240 266 293 266 294 266 240 267 294 267 295 267 295 268 294 268 296 268 297 269 298 269 299 269 300 270 301 270 302 270 302 271 301 271 303 271 304 272 300 272 305 272 305 273 300 273 302 273 305 274 302 274 229 274 229 275 302 275 303 275 229 276 303 276 227 276 300 277 306 277 307 277 307 278 306 278 308 278 307 279 308 279 309 279 228 280 230 280 229 280 229 281 230 281 310 281 229 282 310 282 305 282 305 283 310 283 311 283 305 284 311 284 304 284 312 285 313 285 314 285 314 286 313 286 315 286 314 287 315 287 316 287 316 288 315 288 317 288 316 289 317 289 318 289 319 290 320 290 300 290 300 291 320 291 306 291 321 292 322 292 323 292 323 293 322 293 324 293 323 294 324 294 325 294 325 295 324 295 326 295 325 296 326 296 327 296 327 297 326 297 328 297 327 298 328 298 329 298 329 299 328 299 330 299 329 300 330 300 331 300 245 301 330 301 246 301 246 302 330 302 328 302 246 303 328 303 260 303 260 304 328 304 326 304 260 305 326 305 263 305 263 306 326 306 324 306 263 307 324 307 266 307 266 308 324 308 322 308 266 309 322 309 270 309 332 310 333 310 334 310 334 311 333 311 335 311 334 312 335 312 295 312 274 313 336 313 276 313 276 314 336 314 337 314 276 315 337 315 277 315 277 316 337 316 338 316 277 317 338 317 339 317 339 318 338 318 340 318 296 319 341 319 295 319 295 320 341 320 342 320 295 321 342 321 334 321 334 322 342 322 290 322 334 323 290 323 332 323 332 324 290 324 285 324 332 325 285 325 333 325 343 326 335 326 344 326 344 327 335 327 333 327 344 328 333 328 345 328 345 329 333 329 285 329 345 330 285 330 346 330 346 331 285 331 287 331 235 332 237 332 347 332 347 333 237 333 348 333 347 334 348 334 226 334 226 335 348 335 349 335 226 336 349 336 225 336 299 337 350 337 351 337 352 338 353 338 354 338 354 339 353 339 355 339 354 340 355 340 356 340 356 341 355 341 357 341 356 342 357 342 358 342 359 343 360 343 361 343 361 344 360 344 362 344 361 345 362 345 363 345 363 346 362 346 364 346 363 347 364 347 365 347 365 348 364 348 366 348 365 349 366 349 367 349 367 350 366 350 368 350 369 351 370 351 371 351 371 352 370 352 372 352 371 353 372 353 373 353 374 354 359 354 375 354 375 355 359 355 361 355 375 356 361 356 376 356 376 357 361 357 363 357 376 358 363 358 377 358 377 359 363 359 365 359 377 360 365 360 378 360 378 361 365 361 367 361 378 362 367 362 379 362 379 363 367 363 368 363 379 364 368 364 351 364 351 365 350 365 379 365 379 366 350 366 380 366 379 367 380 367 378 367 378 368 380 368 381 368 378 369 381 369 377 369 377 370 381 370 382 370 377 371 382 371 376 371 383 372 384 372 372 372 372 373 384 373 385 373 372 374 385 374 373 374 386 375 374 375 387 375 387 376 374 376 375 376 387 377 375 377 388 377 388 378 375 378 376 378 388 379 376 379 389 379 389 380 376 380 382 380 233 381 390 381 391 381 391 382 390 382 392 382 391 383 392 383 393 383 393 384 392 384 394 384 393 385 394 385 395 385 395 386 394 386 396 386 395 387 396 387 383 387 383 388 396 388 397 388 383 389 397 389 384 389 370 390 398 390 372 390 372 391 398 391 399 391 372 392 399 392 383 392 383 393 399 393 400 393 383 394 400 394 395 394 395 395 400 395 401 395 395 396 401 396 393 396 393 397 401 397 402 397 393 398 402 398 391 398 391 399 402 399 403 399 391 400 403 400 233 400 233 401 403 401 404 401 233 402 404 402 234 402 398 403 405 403 399 403 399 404 405 404 406 404 399 405 406 405 400 405 400 406 406 406 407 406 400 407 407 407 401 407 401 408 407 408 408 408 401 409 408 409 402 409 402 410 408 410 409 410 402 411 409 411 403 411 403 412 409 412 410 412 403 413 410 413 404 413 405 414 411 414 406 414 406 415 411 415 412 415 406 416 412 416 407 416 407 417 412 417 413 417 407 418 413 418 408 418 408 419 413 419 414 419 408 420 414 420 409 420 409 421 414 421 415 421 409 422 415 422 410 422 411 423 416 423 412 423 412 424 416 424 417 424 412 425 417 425 413 425 413 426 417 426 418 426 413 427 418 427 414 427 414 428 418 428 318 428 414 429 318 429 415 429 415 430 318 430 317 430 415 431 317 431 410 431 410 432 317 432 419 432 410 433 419 433 404 433 404 434 419 434 420 434 404 435 420 435 234 435 340 436 421 436 339 436 339 437 421 437 422 437 339 438 422 438 277 438 277 439 422 439 423 439 277 440 423 440 275 440 275 441 423 441 282 441 275 442 282 442 273 442 273 443 282 443 284 443 237 444 297 444 348 444 348 445 297 445 299 445 348 446 299 446 349 446 349 447 299 447 351 447 349 448 351 448 225 448 225 449 351 449 368 449 225 450 368 450 223 450 223 451 368 451 366 451 223 452 366 452 424 452 424 453 366 453 364 453 424 454 364 454 369 454 369 455 364 455 362 455 369 456 362 456 370 456 370 457 362 457 360 457 370 458 360 458 398 458 398 459 360 459 359 459 398 460 359 460 405 460 405 461 359 461 374 461 405 462 374 462 411 462 411 463 374 463 386 463 411 464 386 464 416 464 416 465 386 465 321 465 416 466 321 466 417 466 417 467 321 467 323 467 417 468 323 468 418 468 418 469 323 469 325 469 418 470 325 470 318 470 318 471 325 471 327 471 318 472 327 472 316 472 316 473 327 473 329 473 316 474 329 474 314 474 314 475 329 475 331 475 314 476 331 476 312 476 425 477 426 477 421 477 421 478 426 478 427 478 421 479 427 479 422 479 422 480 427 480 343 480 422 481 343 481 423 481 423 482 343 482 344 482 423 483 344 483 282 483 282 484 344 484 345 484 282 485 345 485 280 485 280 486 345 486 346 486 280 487 346 487 278 487 278 488 346 488 287 488 278 489 287 489 243 489 243 490 287 490 289 490 243 491 289 491 241 491 353 492 238 492 355 492 355 493 238 493 240 493 355 494 240 494 357 494 357 495 240 495 295 495 357 496 295 496 358 496 358 497 295 497 335 497 358 498 335 498 428 498 428 499 335 499 343 499 428 500 343 500 429 500 429 501 343 501 427 501 429 502 427 502 430 502 430 503 427 503 426 503 244 504 257 504 245 504 245 505 257 505 258 505 245 506 258 506 330 506 330 507 258 507 248 507 330 508 248 508 331 508 331 509 248 509 247 509 331 510 247 510 312 510 312 511 247 511 319 511 312 512 319 512 313 512 313 513 319 513 300 513 313 514 300 514 315 514 315 515 300 515 304 515 315 516 304 516 317 516 317 517 304 517 311 517 317 518 311 518 419 518 419 519 311 519 310 519 419 520 310 520 420 520 420 521 310 521 230 521 420 522 230 522 234 522 234 523 230 523 231 523 234 524 231 524 232 524 337 525 268 525 338 525 338 526 268 526 270 526 338 527 270 527 340 527 340 528 270 528 322 528 340 529 322 529 421 529 421 530 322 530 321 530 421 531 321 531 425 531 425 532 321 532 386 532 425 533 386 533 426 533 426 534 386 534 387 534 426 535 387 535 430 535 430 536 387 536 388 536 430 537 388 537 429 537 429 538 388 538 389 538 429 539 389 539 428 539 428 540 389 540 382 540 428 541 382 541 358 541 358 542 382 542 381 542 358 543 381 543 356 543 356 544 381 544 380 544 356 545 380 545 354 545 354 546 380 546 350 546 354 547 350 547 352 547 352 548 350 548 299 548 352 549 299 549 431 549 431 550 299 550 298 550 432 551 433 551 434 551 435 552 436 552 437 552 438 553 439 553 440 553 441 554 442 554 443 554 444 555 445 555 446 555 447 556 448 556 449 556 450 557 451 557 452 557 453 558 454 558 455 558 231 559 456 559 457 559 307 560 458 560 300 560 300 561 458 561 301 561 456 562 231 562 459 562 459 563 231 563 228 563 459 564 228 564 227 564 390 565 233 565 457 565 457 566 233 566 232 566 457 567 232 567 231 567 457 568 460 568 390 568 390 569 460 569 461 569 390 570 461 570 392 570 392 571 461 571 394 571 394 572 461 572 462 572 394 573 462 573 396 573 396 574 462 574 463 574 396 575 463 575 397 575 397 576 463 576 384 576 384 577 463 577 464 577 384 578 464 578 385 578 385 579 464 579 373 579 373 580 464 580 465 580 373 581 465 581 371 581 466 582 467 582 468 582 466 583 468 583 469 583 469 584 468 584 236 584 469 585 236 585 235 585 347 586 226 586 470 586 471 587 472 587 473 587 473 588 472 588 474 588 473 589 474 589 475 589 475 590 474 590 476 590 477 591 478 591 479 591 479 592 478 592 480 592 481 593 482 593 483 593 483 594 482 594 484 594 483 595 484 595 485 595 486 596 487 596 488 596 489 597 490 597 491 597 491 598 490 598 437 598 491 599 437 599 492 599 492 600 437 600 436 600 492 601 436 601 493 601 493 602 436 602 435 602 493 603 435 603 494 603 494 604 435 604 495 604 494 605 495 605 496 605 497 606 498 606 499 606 499 607 498 607 500 607 499 608 500 608 501 608 501 609 500 609 502 609 452 610 451 610 499 610 499 611 451 611 503 611 499 612 503 612 497 612 504 613 505 613 506 613 506 614 505 614 507 614 506 615 507 615 508 615 432 616 509 616 510 616 510 617 509 617 511 617 510 618 511 618 504 618 504 619 511 619 512 619 504 620 512 620 505 620 513 621 514 621 515 621 515 622 516 622 432 622 432 623 516 623 517 623 432 624 517 624 509 624 449 625 448 625 513 625 513 626 448 626 518 626 513 627 518 627 514 627 447 628 449 628 519 628 519 629 449 629 520 629 519 630 520 630 521 630 520 631 522 631 521 631 521 632 522 632 523 632 521 633 523 633 524 633 524 634 523 634 525 634 524 635 525 635 526 635 526 636 525 636 527 636 527 637 525 637 528 637 527 638 528 638 529 638 530 639 531 639 532 639 532 640 531 640 533 640 532 641 533 641 534 641 535 642 536 642 537 642 537 643 536 643 538 643 537 644 538 644 539 644 539 645 538 645 540 645 539 646 540 646 541 646 541 647 540 647 542 647 541 648 542 648 543 648 543 649 542 649 544 649 544 650 542 650 545 650 544 651 545 651 546 651 446 652 445 652 547 652 548 653 549 653 550 653 549 654 227 654 303 654 442 655 441 655 446 655 446 656 441 656 551 656 446 657 551 657 444 657 552 658 307 658 553 658 553 659 307 659 554 659 553 660 554 660 555 660 555 661 554 661 309 661 309 662 554 662 307 662 303 663 301 663 443 663 443 664 301 664 458 664 443 665 458 665 441 665 441 666 458 666 307 666 441 667 307 667 551 667 551 668 307 668 552 668 551 669 552 669 444 669 444 670 552 670 556 670 444 671 556 671 557 671 487 672 481 672 488 672 488 673 481 673 483 673 488 674 483 674 558 674 559 675 558 675 560 675 560 676 558 676 483 676 560 677 483 677 455 677 455 678 483 678 485 678 455 679 485 679 453 679 235 680 347 680 469 680 469 681 347 681 470 681 469 682 470 682 561 682 561 683 470 683 562 683 561 684 562 684 563 684 564 685 565 685 566 685 566 686 565 686 471 686 566 687 471 687 567 687 567 688 471 688 473 688 567 689 473 689 568 689 568 690 473 690 475 690 569 691 570 691 564 691 564 692 570 692 571 692 564 693 571 693 565 693 565 694 571 694 479 694 565 695 479 695 471 695 471 696 479 696 480 696 471 697 480 697 472 697 563 698 562 698 572 698 572 699 562 699 573 699 572 700 573 700 574 700 575 701 576 701 577 701 577 702 576 702 578 702 577 703 578 703 579 703 573 704 580 704 574 704 574 705 580 705 581 705 574 706 581 706 582 706 582 707 581 707 583 707 582 708 583 708 584 708 584 709 583 709 585 709 584 710 585 710 586 710 587 711 575 711 588 711 588 712 575 712 577 712 588 713 577 713 589 713 589 714 577 714 579 714 589 715 579 715 590 715 590 716 579 716 591 716 590 717 591 717 592 717 592 718 591 718 593 718 568 719 587 719 567 719 567 720 587 720 588 720 567 721 588 721 566 721 566 722 588 722 589 722 566 723 589 723 564 723 564 724 589 724 590 724 564 725 590 725 569 725 569 726 590 726 592 726 594 727 593 727 595 727 595 728 593 728 591 728 595 729 591 729 596 729 596 730 591 730 579 730 596 731 579 731 586 731 586 732 579 732 578 732 586 733 578 733 584 733 584 734 578 734 576 734 584 735 576 735 582 735 582 736 576 736 575 736 582 737 575 737 574 737 574 738 575 738 587 738 574 739 587 739 572 739 572 740 587 740 568 740 572 741 568 741 563 741 563 742 568 742 475 742 563 743 475 743 561 743 561 744 475 744 476 744 561 745 476 745 469 745 597 746 439 746 598 746 598 747 439 747 438 747 598 748 438 748 599 748 550 749 600 749 548 749 548 750 600 750 601 750 548 751 601 751 602 751 602 752 601 752 603 752 602 753 603 753 604 753 604 754 603 754 605 754 604 755 605 755 606 755 606 756 605 756 607 756 606 757 607 757 608 757 608 758 607 758 609 758 608 759 609 759 610 759 610 760 609 760 611 760 610 761 611 761 612 761 549 762 548 762 227 762 227 763 548 763 602 763 227 764 602 764 459 764 459 765 602 765 604 765 459 766 604 766 456 766 456 767 604 767 606 767 456 768 606 768 457 768 457 769 606 769 608 769 457 770 608 770 460 770 460 771 608 771 610 771 460 772 610 772 461 772 461 773 610 773 612 773 461 774 612 774 462 774 303 775 443 775 549 775 549 776 443 776 442 776 549 777 442 777 550 777 550 778 442 778 446 778 550 779 446 779 600 779 600 780 446 780 547 780 600 781 547 781 601 781 601 782 547 782 613 782 601 783 613 783 603 783 603 784 613 784 614 784 603 785 614 785 605 785 605 786 614 786 615 786 605 787 615 787 607 787 607 788 615 788 616 788 607 789 616 789 609 789 609 790 616 790 617 790 609 791 617 791 611 791 557 792 618 792 444 792 444 793 618 793 546 793 444 794 546 794 445 794 445 795 546 795 545 795 445 796 545 796 547 796 547 797 545 797 542 797 547 798 542 798 613 798 613 799 542 799 540 799 613 800 540 800 614 800 614 801 540 801 538 801 614 802 538 802 615 802 615 803 538 803 536 803 615 804 536 804 616 804 616 805 536 805 535 805 616 806 535 806 617 806 617 807 535 807 619 807 617 808 619 808 611 808 611 809 619 809 440 809 611 810 440 810 612 810 612 811 440 811 439 811 612 812 439 812 462 812 462 813 439 813 597 813 462 814 597 814 463 814 463 815 597 815 598 815 463 816 598 816 464 816 464 817 598 817 599 817 464 818 599 818 465 818 226 819 224 819 470 819 470 820 224 820 223 820 470 821 223 821 562 821 562 822 223 822 424 822 562 823 424 823 573 823 573 824 424 824 369 824 573 825 369 825 580 825 580 826 369 826 371 826 580 827 371 827 581 827 581 828 371 828 465 828 581 829 465 829 583 829 583 830 465 830 599 830 583 831 599 831 585 831 585 832 599 832 438 832 585 833 438 833 586 833 586 834 438 834 440 834 586 835 440 835 596 835 596 836 440 836 619 836 596 837 619 837 595 837 595 838 619 838 535 838 595 839 535 839 594 839 594 840 535 840 537 840 618 841 534 841 546 841 546 842 534 842 533 842 546 843 533 843 544 843 544 844 533 844 620 844 544 845 620 845 543 845 543 846 620 846 621 846 543 847 621 847 541 847 541 848 621 848 622 848 541 849 622 849 539 849 539 850 622 850 623 850 539 851 623 851 537 851 537 852 623 852 624 852 537 853 624 853 594 853 594 854 624 854 625 854 594 855 625 855 593 855 593 856 625 856 626 856 593 857 626 857 592 857 592 858 626 858 627 858 592 859 627 859 569 859 569 860 627 860 559 860 569 861 559 861 570 861 570 862 559 862 560 862 570 863 560 863 571 863 571 864 560 864 455 864 571 865 455 865 479 865 479 866 455 866 454 866 479 867 454 867 477 867 628 868 629 868 630 868 490 869 628 869 437 869 437 870 628 870 631 870 437 871 631 871 435 871 435 872 631 872 632 872 435 873 632 873 495 873 495 874 632 874 633 874 495 875 633 875 496 875 496 876 633 876 634 876 635 877 634 877 636 877 636 878 634 878 633 878 636 879 633 879 502 879 502 880 633 880 632 880 502 881 632 881 501 881 501 882 632 882 631 882 501 883 631 883 499 883 499 884 631 884 628 884 499 885 628 885 452 885 452 886 628 886 630 886 452 887 630 887 450 887 433 888 432 888 637 888 637 889 432 889 510 889 637 890 510 890 638 890 638 891 510 891 504 891 638 892 504 892 629 892 629 893 504 893 506 893 629 894 506 894 630 894 630 895 506 895 508 895 630 896 508 896 450 896 515 897 432 897 513 897 513 898 432 898 434 898 513 899 434 899 449 899 449 900 434 900 639 900 449 901 639 901 520 901 520 902 639 902 640 902 520 903 640 903 522 903 530 904 529 904 531 904 531 905 529 905 528 905 531 906 528 906 533 906 533 907 528 907 525 907 533 908 525 908 620 908 620 909 525 909 523 909 620 910 523 910 621 910 621 911 523 911 522 911 621 912 522 912 622 912 622 913 522 913 640 913 622 914 640 914 623 914 623 915 640 915 639 915 623 916 639 916 624 916 624 917 639 917 434 917 624 918 434 918 625 918 625 919 434 919 433 919 625 920 433 920 626 920 626 921 433 921 637 921 626 922 637 922 627 922 627 923 637 923 638 923 627 924 638 924 559 924 559 925 638 925 629 925 559 926 629 926 558 926 558 927 629 927 628 927 558 928 628 928 488 928 488 929 628 929 490 929 488 930 490 930 486 930 486 931 490 931 489 931 641 932 642 932 643 932 644 933 645 933 646 933 646 934 645 934 647 934 646 935 647 935 251 935 642 936 648 936 649 936 649 937 648 937 650 937 649 938 650 938 644 938 651 939 652 939 653 939 653 940 652 940 641 940 532 941 534 941 654 941 655 942 635 942 636 942 500 943 656 943 502 943 502 944 656 944 636 944 636 945 656 945 655 945 655 946 656 946 657 946 655 947 657 947 658 947 658 948 657 948 659 948 659 949 657 949 660 949 659 950 660 950 661 950 661 951 660 951 662 951 662 952 660 952 663 952 662 953 663 953 664 953 663 954 665 954 666 954 664 955 663 955 667 955 667 956 663 956 666 956 667 957 666 957 668 957 243 958 242 958 665 958 665 959 242 959 669 959 665 960 669 960 666 960 666 961 669 961 668 961 251 962 250 962 646 962 646 963 250 963 255 963 646 964 255 964 670 964 670 965 255 965 253 965 670 966 253 966 671 966 671 967 253 967 252 967 671 968 252 968 672 968 672 969 252 969 257 969 672 970 257 970 673 970 673 971 257 971 244 971 673 972 244 972 674 972 674 973 244 973 259 973 674 974 259 974 675 974 675 975 259 975 261 975 675 976 261 976 676 976 676 977 261 977 262 977 676 978 262 978 677 978 677 979 262 979 264 979 677 980 264 980 678 980 678 981 264 981 265 981 678 982 265 982 679 982 679 983 265 983 267 983 679 984 267 984 680 984 680 985 267 985 272 985 680 986 272 986 681 986 681 987 272 987 271 987 681 988 271 988 682 988 682 989 271 989 269 989 682 990 269 990 683 990 683 991 269 991 268 991 683 992 268 992 684 992 684 993 268 993 337 993 684 994 337 994 685 994 686 995 509 995 687 995 687 996 509 996 517 996 687 997 517 997 688 997 688 998 517 998 516 998 688 999 516 999 689 999 689 1000 516 1000 515 1000 689 1001 515 1001 690 1001 690 1002 515 1002 514 1002 690 1003 514 1003 691 1003 691 1004 514 1004 518 1004 691 1005 518 1005 692 1005 692 1006 518 1006 448 1006 692 1007 448 1007 693 1007 693 1008 448 1008 447 1008 693 1009 447 1009 694 1009 694 1010 447 1010 519 1010 694 1011 519 1011 695 1011 695 1012 519 1012 521 1012 695 1013 521 1013 696 1013 696 1014 521 1014 524 1014 696 1015 524 1015 697 1015 697 1016 524 1016 526 1016 697 1017 526 1017 698 1017 698 1018 526 1018 527 1018 698 1019 527 1019 699 1019 699 1020 527 1020 529 1020 699 1021 529 1021 700 1021 700 1022 529 1022 530 1022 700 1023 530 1023 701 1023 701 1024 530 1024 532 1024 701 1025 532 1025 702 1025 702 1026 532 1026 654 1026 702 1027 654 1027 651 1027 337 1028 336 1028 685 1028 685 1029 336 1029 274 1029 685 1030 274 1030 703 1030 703 1031 274 1031 273 1031 703 1032 273 1032 704 1032 704 1033 273 1033 284 1033 704 1034 284 1034 705 1034 705 1035 284 1035 283 1035 705 1036 283 1036 706 1036 706 1037 283 1037 281 1037 706 1038 281 1038 707 1038 707 1039 281 1039 279 1039 707 1040 279 1040 708 1040 708 1041 279 1041 278 1041 708 1042 278 1042 709 1042 644 1043 646 1043 649 1043 649 1044 646 1044 670 1044 649 1045 670 1045 710 1045 710 1046 670 1046 671 1046 710 1047 671 1047 711 1047 711 1048 671 1048 672 1048 711 1049 672 1049 712 1049 712 1050 672 1050 673 1050 712 1051 673 1051 713 1051 713 1052 673 1052 674 1052 713 1053 674 1053 714 1053 714 1054 674 1054 675 1054 714 1055 675 1055 715 1055 715 1056 675 1056 676 1056 715 1057 676 1057 716 1057 716 1058 676 1058 677 1058 716 1059 677 1059 717 1059 717 1060 677 1060 678 1060 717 1061 678 1061 718 1061 718 1062 678 1062 679 1062 718 1063 679 1063 719 1063 719 1064 679 1064 680 1064 719 1065 680 1065 720 1065 720 1066 680 1066 681 1066 720 1067 681 1067 721 1067 721 1068 681 1068 682 1068 721 1069 682 1069 722 1069 722 1070 682 1070 683 1070 722 1071 683 1071 723 1071 723 1072 683 1072 684 1072 723 1073 684 1073 724 1073 724 1074 684 1074 685 1074 724 1075 685 1075 725 1075 725 1076 685 1076 703 1076 725 1077 703 1077 726 1077 726 1078 703 1078 704 1078 726 1079 704 1079 727 1079 727 1080 704 1080 705 1080 727 1081 705 1081 728 1081 728 1082 705 1082 706 1082 728 1083 706 1083 729 1083 729 1084 706 1084 707 1084 729 1085 707 1085 730 1085 730 1086 707 1086 708 1086 730 1087 708 1087 731 1087 731 1088 708 1088 709 1088 731 1089 709 1089 732 1089 642 1090 649 1090 643 1090 643 1091 649 1091 710 1091 643 1092 710 1092 733 1092 733 1093 710 1093 711 1093 733 1094 711 1094 734 1094 734 1095 711 1095 712 1095 734 1096 712 1096 735 1096 735 1097 712 1097 713 1097 735 1098 713 1098 736 1098 736 1099 713 1099 714 1099 736 1100 714 1100 737 1100 737 1101 714 1101 715 1101 737 1102 715 1102 738 1102 738 1103 715 1103 716 1103 738 1104 716 1104 739 1104 739 1105 716 1105 717 1105 739 1106 717 1106 740 1106 740 1107 717 1107 718 1107 740 1108 718 1108 741 1108 741 1109 718 1109 719 1109 741 1110 719 1110 742 1110 742 1111 719 1111 720 1111 742 1112 720 1112 743 1112 743 1113 720 1113 721 1113 743 1114 721 1114 744 1114 744 1115 721 1115 722 1115 744 1116 722 1116 745 1116 745 1117 722 1117 723 1117 745 1118 723 1118 746 1118 746 1119 723 1119 724 1119 746 1120 724 1120 747 1120 747 1121 724 1121 725 1121 747 1122 725 1122 748 1122 748 1123 725 1123 726 1123 748 1124 726 1124 749 1124 749 1125 726 1125 727 1125 749 1126 727 1126 750 1126 750 1127 727 1127 728 1127 750 1128 728 1128 751 1128 751 1129 728 1129 729 1129 751 1130 729 1130 752 1130 752 1131 729 1131 730 1131 752 1132 730 1132 753 1132 753 1133 730 1133 731 1133 753 1134 731 1134 754 1134 754 1135 731 1135 732 1135 754 1136 732 1136 755 1136 641 1137 643 1137 653 1137 653 1138 643 1138 733 1138 653 1139 733 1139 756 1139 756 1140 733 1140 734 1140 756 1141 734 1141 757 1141 757 1142 734 1142 735 1142 757 1143 735 1143 758 1143 758 1144 735 1144 736 1144 758 1145 736 1145 759 1145 759 1146 736 1146 737 1146 759 1147 737 1147 760 1147 760 1148 737 1148 738 1148 760 1149 738 1149 761 1149 761 1150 738 1150 739 1150 761 1151 739 1151 762 1151 762 1152 739 1152 740 1152 762 1153 740 1153 763 1153 763 1154 740 1154 741 1154 763 1155 741 1155 764 1155 764 1156 741 1156 742 1156 764 1157 742 1157 765 1157 765 1158 742 1158 743 1158 765 1159 743 1159 766 1159 766 1160 743 1160 744 1160 766 1161 744 1161 767 1161 767 1162 744 1162 745 1162 767 1163 745 1163 768 1163 768 1164 745 1164 746 1164 768 1165 746 1165 769 1165 769 1166 746 1166 747 1166 769 1167 747 1167 770 1167 770 1168 747 1168 748 1168 770 1169 748 1169 771 1169 771 1170 748 1170 749 1170 771 1171 749 1171 772 1171 772 1172 749 1172 750 1172 772 1173 750 1173 773 1173 773 1174 750 1174 751 1174 773 1175 751 1175 774 1175 774 1176 751 1176 752 1176 774 1177 752 1177 775 1177 775 1178 752 1178 753 1178 775 1179 753 1179 776 1179 776 1180 753 1180 754 1180 776 1181 754 1181 777 1181 777 1182 754 1182 755 1182 777 1183 755 1183 778 1183 651 1184 653 1184 702 1184 702 1185 653 1185 756 1185 702 1186 756 1186 701 1186 701 1187 756 1187 757 1187 701 1188 757 1188 700 1188 700 1189 757 1189 758 1189 700 1190 758 1190 699 1190 699 1191 758 1191 759 1191 699 1192 759 1192 698 1192 698 1193 759 1193 760 1193 698 1194 760 1194 697 1194 697 1195 760 1195 761 1195 697 1196 761 1196 696 1196 696 1197 761 1197 762 1197 696 1198 762 1198 695 1198 695 1199 762 1199 763 1199 695 1200 763 1200 694 1200 694 1201 763 1201 764 1201 694 1202 764 1202 693 1202 693 1203 764 1203 765 1203 693 1204 765 1204 692 1204 692 1205 765 1205 766 1205 692 1206 766 1206 691 1206 691 1207 766 1207 767 1207 691 1208 767 1208 690 1208 690 1209 767 1209 768 1209 690 1210 768 1210 689 1210 689 1211 768 1211 769 1211 689 1212 769 1212 688 1212 688 1213 769 1213 770 1213 688 1214 770 1214 687 1214 687 1215 770 1215 771 1215 687 1216 771 1216 686 1216 686 1217 771 1217 772 1217 686 1218 772 1218 779 1218 779 1219 772 1219 773 1219 779 1220 773 1220 780 1220 780 1221 773 1221 774 1221 780 1222 774 1222 781 1222 781 1223 774 1223 775 1223 781 1224 775 1224 782 1224 782 1225 775 1225 776 1225 782 1226 776 1226 783 1226 783 1227 776 1227 777 1227 783 1228 777 1228 784 1228 784 1229 777 1229 778 1229 784 1230 778 1230 785 1230 498 1231 497 1231 785 1231 785 1232 497 1232 503 1232 785 1233 503 1233 784 1233 784 1234 503 1234 451 1234 784 1235 451 1235 783 1235 783 1236 451 1236 450 1236 783 1237 450 1237 782 1237 782 1238 450 1238 508 1238 782 1239 508 1239 781 1239 781 1240 508 1240 507 1240 781 1241 507 1241 780 1241 780 1242 507 1242 505 1242 780 1243 505 1243 779 1243 779 1244 505 1244 512 1244 779 1245 512 1245 686 1245 686 1246 512 1246 511 1246 686 1247 511 1247 509 1247 278 1248 243 1248 709 1248 709 1249 243 1249 665 1249 709 1250 665 1250 732 1250 732 1251 665 1251 663 1251 732 1252 663 1252 755 1252 755 1253 663 1253 660 1253 755 1254 660 1254 778 1254 778 1255 660 1255 657 1255 778 1256 657 1256 785 1256 785 1257 657 1257 656 1257 785 1258 656 1258 498 1258 498 1259 656 1259 500 1259 647 1260 645 1260 534 1260 534 1261 645 1261 644 1261 534 1262 644 1262 650 1262 555 1263 309 1263 553 1263 553 1264 309 1264 308 1264 308 1265 306 1265 553 1265 553 1266 306 1266 320 1266 553 1267 320 1267 552 1267 552 1268 320 1268 556 1268 556 1269 320 1269 319 1269 556 1270 319 1270 557 1270 557 1271 319 1271 247 1271 557 1272 247 1272 618 1272 618 1273 247 1273 249 1273 618 1274 249 1274 534 1274 534 1275 249 1275 251 1275 534 1276 251 1276 647 1276 652 1277 651 1277 650 1277 650 1278 651 1278 654 1278 650 1279 654 1279 534 1279 648 1280 642 1280 650 1280 650 1281 642 1281 641 1281 650 1282 641 1282 652 1282 786 1283 787 1283 788 1283 788 1284 787 1284 789 1284 790 1285 791 1285 792 1285 793 1286 794 1286 795 1286 796 1287 797 1287 798 1287 799 1288 797 1288 800 1288 801 1289 802 1289 803 1289 804 1290 805 1290 806 1290 807 1291 808 1291 809 1291 810 1292 811 1292 812 1292 813 1293 814 1293 815 1293 816 1294 817 1294 818 1294 818 1295 817 1295 819 1295 818 1296 819 1296 820 1296 821 1297 822 1297 823 1297 823 1298 822 1298 824 1298 823 1299 824 1299 825 1299 825 1300 824 1300 826 1300 827 1301 821 1301 828 1301 828 1302 821 1302 823 1302 828 1303 823 1303 817 1303 817 1304 823 1304 825 1304 817 1305 825 1305 819 1305 819 1306 825 1306 826 1306 829 1307 830 1307 831 1307 831 1308 830 1308 832 1308 831 1309 832 1309 833 1309 834 1310 835 1310 829 1310 829 1311 835 1311 836 1311 829 1312 836 1312 830 1312 837 1313 838 1313 839 1313 839 1314 838 1314 840 1314 839 1315 840 1315 834 1315 834 1316 840 1316 841 1316 834 1317 841 1317 835 1317 815 1318 814 1318 839 1318 839 1319 814 1319 842 1319 839 1320 842 1320 837 1320 812 1321 811 1321 843 1321 843 1322 811 1322 844 1322 843 1323 844 1323 845 1323 846 1324 847 1324 848 1324 848 1325 849 1325 846 1325 846 1326 849 1326 850 1326 846 1327 850 1327 851 1327 851 1328 850 1328 852 1328 851 1329 852 1329 853 1329 854 1330 855 1330 847 1330 847 1331 855 1331 856 1331 847 1332 856 1332 848 1332 808 1333 857 1333 809 1333 809 1334 857 1334 858 1334 809 1335 858 1335 859 1335 859 1336 858 1336 860 1336 861 1337 862 1337 863 1337 864 1338 865 1338 866 1338 866 1339 865 1339 867 1339 866 1340 867 1340 802 1340 868 1341 796 1341 869 1341 869 1342 796 1342 798 1342 869 1343 798 1343 794 1343 794 1344 793 1344 869 1344 869 1345 793 1345 870 1345 869 1346 870 1346 868 1346 793 1347 871 1347 872 1347 872 1348 871 1348 873 1348 872 1349 873 1349 874 1349 797 1350 799 1350 798 1350 798 1351 799 1351 875 1351 798 1352 875 1352 794 1352 794 1353 875 1353 876 1353 794 1354 876 1354 795 1354 877 1355 878 1355 879 1355 879 1356 878 1356 880 1356 879 1357 880 1357 881 1357 881 1358 880 1358 882 1358 881 1359 882 1359 883 1359 884 1360 885 1360 793 1360 793 1361 885 1361 871 1361 886 1362 887 1362 888 1362 888 1363 887 1363 889 1363 888 1364 889 1364 890 1364 890 1365 889 1365 891 1365 890 1366 891 1366 892 1366 892 1367 891 1367 893 1367 892 1368 893 1368 894 1368 894 1369 893 1369 895 1369 894 1370 895 1370 896 1370 833 1371 895 1371 831 1371 831 1372 895 1372 893 1372 831 1373 893 1373 829 1373 829 1374 893 1374 891 1374 829 1375 891 1375 834 1375 834 1376 891 1376 889 1376 834 1377 889 1377 839 1377 839 1378 889 1378 887 1378 839 1379 887 1379 815 1379 897 1380 898 1380 899 1380 899 1381 898 1381 900 1381 899 1382 900 1382 859 1382 901 1383 902 1383 903 1383 903 1384 902 1384 792 1384 903 1385 792 1385 904 1385 904 1386 792 1386 791 1386 904 1387 791 1387 905 1387 905 1388 791 1388 790 1388 905 1389 790 1389 906 1389 860 1390 907 1390 859 1390 859 1391 907 1391 908 1391 859 1392 908 1392 899 1392 899 1393 908 1393 854 1393 899 1394 854 1394 897 1394 897 1395 854 1395 847 1395 897 1396 847 1396 898 1396 909 1397 900 1397 910 1397 910 1398 900 1398 898 1398 910 1399 898 1399 911 1399 911 1400 898 1400 847 1400 911 1401 847 1401 912 1401 912 1402 847 1402 846 1402 912 1403 846 1403 913 1403 913 1404 846 1404 851 1404 804 1405 806 1405 914 1405 914 1406 806 1406 915 1406 914 1407 915 1407 916 1407 916 1408 915 1408 917 1408 916 1409 917 1409 918 1409 919 1410 920 1410 918 1410 918 1411 920 1411 921 1411 918 1412 921 1412 916 1412 863 1413 922 1413 923 1413 924 1414 925 1414 926 1414 926 1415 925 1415 927 1415 926 1416 927 1416 928 1416 928 1417 927 1417 929 1417 928 1418 929 1418 930 1418 931 1419 932 1419 933 1419 933 1420 932 1420 934 1420 933 1421 934 1421 935 1421 935 1422 934 1422 936 1422 935 1423 936 1423 937 1423 937 1424 936 1424 938 1424 937 1425 938 1425 939 1425 939 1426 938 1426 940 1426 941 1427 931 1427 942 1427 942 1428 931 1428 933 1428 942 1429 933 1429 943 1429 943 1430 933 1430 935 1430 943 1431 935 1431 944 1431 944 1432 935 1432 937 1432 944 1433 937 1433 945 1433 945 1434 937 1434 939 1434 945 1435 939 1435 946 1435 946 1436 939 1436 940 1436 946 1437 940 1437 923 1437 923 1438 922 1438 946 1438 946 1439 922 1439 947 1439 946 1440 947 1440 945 1440 945 1441 947 1441 948 1441 945 1442 948 1442 944 1442 944 1443 948 1443 949 1443 944 1444 949 1444 943 1444 950 1445 951 1445 786 1445 786 1446 951 1446 952 1446 786 1447 952 1447 787 1447 953 1448 941 1448 954 1448 954 1449 941 1449 942 1449 954 1450 942 1450 955 1450 955 1451 942 1451 943 1451 955 1452 943 1452 956 1452 956 1453 943 1453 949 1453 864 1454 957 1454 865 1454 865 1455 957 1455 958 1455 865 1456 958 1456 959 1456 959 1457 958 1457 960 1457 959 1458 960 1458 950 1458 950 1459 960 1459 961 1459 950 1460 961 1460 951 1460 788 1461 962 1461 786 1461 786 1462 962 1462 963 1462 786 1463 963 1463 950 1463 950 1464 963 1464 964 1464 950 1465 964 1465 959 1465 959 1466 964 1466 965 1466 959 1467 965 1467 865 1467 865 1468 965 1468 966 1468 865 1469 966 1469 867 1469 867 1470 966 1470 967 1470 867 1471 967 1471 802 1471 802 1472 967 1472 968 1472 802 1473 968 1473 803 1473 962 1474 969 1474 963 1474 963 1475 969 1475 970 1475 963 1476 970 1476 964 1476 964 1477 970 1477 971 1477 964 1478 971 1478 965 1478 965 1479 971 1479 972 1479 965 1480 972 1480 966 1480 966 1481 972 1481 973 1481 966 1482 973 1482 967 1482 967 1483 973 1483 974 1483 967 1484 974 1484 968 1484 969 1485 975 1485 970 1485 970 1486 975 1486 976 1486 970 1487 976 1487 971 1487 971 1488 976 1488 977 1488 971 1489 977 1489 972 1489 972 1490 977 1490 978 1490 972 1491 978 1491 973 1491 973 1492 978 1492 979 1492 973 1493 979 1493 974 1493 975 1494 980 1494 976 1494 976 1495 980 1495 981 1495 976 1496 981 1496 977 1496 977 1497 981 1497 982 1497 977 1498 982 1498 978 1498 978 1499 982 1499 883 1499 978 1500 883 1500 979 1500 979 1501 883 1501 882 1501 979 1502 882 1502 974 1502 974 1503 882 1503 983 1503 974 1504 983 1504 968 1504 968 1505 983 1505 984 1505 968 1506 984 1506 803 1506 901 1507 985 1507 902 1507 902 1508 985 1508 986 1508 902 1509 986 1509 792 1509 792 1510 986 1510 987 1510 792 1511 987 1511 790 1511 790 1512 987 1512 843 1512 790 1513 843 1513 906 1513 906 1514 843 1514 845 1514 806 1515 861 1515 915 1515 915 1516 861 1516 863 1516 915 1517 863 1517 917 1517 917 1518 863 1518 923 1518 917 1519 923 1519 918 1519 918 1520 923 1520 940 1520 918 1521 940 1521 919 1521 919 1522 940 1522 938 1522 919 1523 938 1523 988 1523 988 1524 938 1524 936 1524 988 1525 936 1525 789 1525 789 1526 936 1526 934 1526 789 1527 934 1527 788 1527 788 1528 934 1528 932 1528 788 1529 932 1529 962 1529 962 1530 932 1530 931 1530 962 1531 931 1531 969 1531 969 1532 931 1532 941 1532 969 1533 941 1533 975 1533 975 1534 941 1534 953 1534 975 1535 953 1535 980 1535 980 1536 953 1536 886 1536 980 1537 886 1537 981 1537 981 1538 886 1538 888 1538 981 1539 888 1539 982 1539 982 1540 888 1540 890 1540 982 1541 890 1541 883 1541 883 1542 890 1542 892 1542 883 1543 892 1543 881 1543 881 1544 892 1544 894 1544 881 1545 894 1545 879 1545 879 1546 894 1546 896 1546 879 1547 896 1547 877 1547 989 1548 990 1548 985 1548 985 1549 990 1549 991 1549 985 1550 991 1550 986 1550 986 1551 991 1551 909 1551 986 1552 909 1552 987 1552 987 1553 909 1553 910 1553 987 1554 910 1554 843 1554 843 1555 910 1555 911 1555 843 1556 911 1556 812 1556 812 1557 911 1557 912 1557 812 1558 912 1558 810 1558 810 1559 912 1559 913 1559 925 1560 807 1560 927 1560 927 1561 807 1561 809 1561 927 1562 809 1562 929 1562 929 1563 809 1563 859 1563 929 1564 859 1564 930 1564 930 1565 859 1565 900 1565 930 1566 900 1566 992 1566 992 1567 900 1567 909 1567 992 1568 909 1568 993 1568 993 1569 909 1569 991 1569 993 1570 991 1570 994 1570 994 1571 991 1571 990 1571 832 1572 827 1572 833 1572 833 1573 827 1573 828 1573 833 1574 828 1574 895 1574 895 1575 828 1575 817 1575 895 1576 817 1576 896 1576 896 1577 817 1577 816 1577 896 1578 816 1578 877 1578 877 1579 816 1579 884 1579 877 1580 884 1580 878 1580 878 1581 884 1581 793 1581 878 1582 793 1582 880 1582 880 1583 793 1583 795 1583 880 1584 795 1584 882 1584 882 1585 795 1585 876 1585 882 1586 876 1586 983 1586 983 1587 876 1587 875 1587 983 1588 875 1588 984 1588 984 1589 875 1589 799 1589 984 1590 799 1590 803 1590 803 1591 799 1591 800 1591 803 1592 800 1592 801 1592 904 1593 813 1593 903 1593 903 1594 813 1594 815 1594 903 1595 815 1595 901 1595 901 1596 815 1596 887 1596 901 1597 887 1597 985 1597 985 1598 887 1598 886 1598 985 1599 886 1599 989 1599 989 1600 886 1600 953 1600 989 1601 953 1601 990 1601 990 1602 953 1602 954 1602 990 1603 954 1603 994 1603 994 1604 954 1604 955 1604 994 1605 955 1605 993 1605 993 1606 955 1606 956 1606 993 1607 956 1607 992 1607 992 1608 956 1608 949 1608 992 1609 949 1609 930 1609 930 1610 949 1610 948 1610 930 1611 948 1611 928 1611 928 1612 948 1612 947 1612 928 1613 947 1613 926 1613 926 1614 947 1614 922 1614 926 1615 922 1615 924 1615 924 1616 922 1616 863 1616 924 1617 863 1617 995 1617 995 1618 863 1618 862 1618 996 1619 997 1619 998 1619 999 1620 1000 1620 1001 1620 1002 1621 1003 1621 1004 1621 1005 1622 1006 1622 1007 1622 1008 1623 1009 1623 1010 1623 1011 1624 1012 1624 1013 1624 1014 1625 1015 1625 1016 1625 1017 1626 1018 1626 1019 1626 800 1627 1020 1627 1021 1627 872 1628 1022 1628 793 1628 793 1629 1022 1629 870 1629 1020 1630 800 1630 1023 1630 1023 1631 800 1631 797 1631 1023 1632 797 1632 796 1632 866 1633 802 1633 1021 1633 1021 1634 802 1634 801 1634 1021 1635 801 1635 800 1635 957 1636 864 1636 1024 1636 1024 1637 864 1637 866 1637 1024 1638 866 1638 1025 1638 1025 1639 866 1639 1021 1639 957 1640 1024 1640 958 1640 958 1641 1024 1641 1026 1641 958 1642 1026 1642 960 1642 960 1643 1026 1643 1027 1643 960 1644 1027 1644 961 1644 961 1645 1027 1645 951 1645 951 1646 1027 1646 1028 1646 951 1647 1028 1647 952 1647 952 1648 1028 1648 1029 1648 952 1649 1029 1649 787 1649 1030 1650 1031 1650 1032 1650 1030 1651 1032 1651 1033 1651 1033 1652 1032 1652 805 1652 1033 1653 805 1653 804 1653 916 1654 921 1654 1034 1654 916 1655 1034 1655 914 1655 1035 1656 1036 1656 1037 1656 1037 1657 1036 1657 1038 1657 1037 1658 1038 1658 1039 1658 1039 1659 1038 1659 1040 1659 1041 1660 1042 1660 1043 1660 1043 1661 1042 1661 1044 1661 1045 1662 1046 1662 1047 1662 1047 1663 1046 1663 1048 1663 1047 1664 1048 1664 1049 1664 1050 1665 1051 1665 1052 1665 1053 1666 1054 1666 1055 1666 1055 1667 1054 1667 1001 1667 1055 1668 1001 1668 1056 1668 1056 1669 1001 1669 1000 1669 1056 1670 1000 1670 1057 1670 1057 1671 1000 1671 999 1671 1057 1672 999 1672 1058 1672 1058 1673 999 1673 1059 1673 1058 1674 1059 1674 1060 1674 1061 1675 1062 1675 1063 1675 1063 1676 1062 1676 1064 1676 1063 1677 1064 1677 1065 1677 1065 1678 1064 1678 1066 1678 1016 1679 1015 1679 1063 1679 1063 1680 1015 1680 1067 1680 1063 1681 1067 1681 1061 1681 1068 1682 1069 1682 1070 1682 1069 1683 1068 1683 1071 1683 1071 1684 1068 1684 1072 1684 1071 1685 1072 1685 1073 1685 1073 1686 1072 1686 1074 1686 1074 1687 1072 1687 1075 1687 1074 1688 1075 1688 1076 1688 1076 1689 1075 1689 996 1689 1076 1690 996 1690 1077 1690 1078 1691 1079 1691 1080 1691 1080 1692 1079 1692 1081 1692 1082 1693 1083 1693 1084 1693 1084 1694 1085 1694 1082 1694 1082 1695 1085 1695 1086 1695 1082 1696 1086 1696 1080 1696 1080 1697 1086 1697 1087 1697 1080 1698 1087 1698 1078 1698 1088 1699 1089 1699 1090 1699 1090 1700 1089 1700 1091 1700 1090 1701 1091 1701 1092 1701 1092 1702 1091 1702 1093 1702 1092 1703 1093 1703 1094 1703 1094 1704 1093 1704 1095 1704 1095 1705 1093 1705 1096 1705 1095 1706 1096 1706 1097 1706 1011 1707 1013 1707 1098 1707 1098 1708 1013 1708 1099 1708 1098 1709 1099 1709 1100 1709 1101 1710 1102 1710 1103 1710 1103 1711 1102 1711 1104 1711 1103 1712 1104 1712 1105 1712 1105 1713 1104 1713 1106 1713 1105 1714 1106 1714 1107 1714 1107 1715 1106 1715 1108 1715 1107 1716 1108 1716 1109 1716 1109 1717 1108 1717 1110 1717 1110 1718 1108 1718 1111 1718 1110 1719 1111 1719 1112 1719 1010 1720 1009 1720 1113 1720 1114 1721 1115 1721 1116 1721 1115 1722 796 1722 868 1722 1006 1723 1005 1723 1010 1723 1010 1724 1005 1724 1117 1724 1010 1725 1117 1725 1008 1725 1118 1726 872 1726 1119 1726 1119 1727 872 1727 1120 1727 1119 1728 1120 1728 1121 1728 1121 1729 1120 1729 874 1729 874 1730 1120 1730 872 1730 868 1731 870 1731 1007 1731 1007 1732 870 1732 1022 1732 1007 1733 1022 1733 1005 1733 1005 1734 1022 1734 872 1734 1005 1735 872 1735 1117 1735 1117 1736 872 1736 1118 1736 1117 1737 1118 1737 1008 1737 1008 1738 1118 1738 1122 1738 1008 1739 1122 1739 1123 1739 1051 1740 1045 1740 1052 1740 1052 1741 1045 1741 1047 1741 1052 1742 1047 1742 1124 1742 1125 1743 1124 1743 1126 1743 1126 1744 1124 1744 1047 1744 1126 1745 1047 1745 1019 1745 1019 1746 1047 1746 1049 1746 1019 1747 1049 1747 1017 1747 804 1748 914 1748 1033 1748 1033 1749 914 1749 1034 1749 1033 1750 1034 1750 1127 1750 1127 1751 1034 1751 1128 1751 1127 1752 1128 1752 1129 1752 1130 1753 1131 1753 1132 1753 1132 1754 1131 1754 1035 1754 1132 1755 1035 1755 1133 1755 1133 1756 1035 1756 1037 1756 1133 1757 1037 1757 1134 1757 1134 1758 1037 1758 1039 1758 1135 1759 1136 1759 1130 1759 1130 1760 1136 1760 1137 1760 1130 1761 1137 1761 1131 1761 1131 1762 1137 1762 1043 1762 1131 1763 1043 1763 1035 1763 1035 1764 1043 1764 1044 1764 1035 1765 1044 1765 1036 1765 1129 1766 1128 1766 1138 1766 1138 1767 1128 1767 1139 1767 1138 1768 1139 1768 1140 1768 1141 1769 1142 1769 1143 1769 1143 1770 1142 1770 1144 1770 1143 1771 1144 1771 1145 1771 1139 1772 1146 1772 1140 1772 1140 1773 1146 1773 1147 1773 1140 1774 1147 1774 1148 1774 1148 1775 1147 1775 1149 1775 1148 1776 1149 1776 1150 1776 1150 1777 1149 1777 1151 1777 1150 1778 1151 1778 1152 1778 1153 1779 1141 1779 1154 1779 1154 1780 1141 1780 1143 1780 1154 1781 1143 1781 1155 1781 1155 1782 1143 1782 1145 1782 1155 1783 1145 1783 1156 1783 1156 1784 1145 1784 1157 1784 1156 1785 1157 1785 1158 1785 1158 1786 1157 1786 1159 1786 1134 1787 1153 1787 1133 1787 1133 1788 1153 1788 1154 1788 1133 1789 1154 1789 1132 1789 1132 1790 1154 1790 1155 1790 1132 1791 1155 1791 1130 1791 1130 1792 1155 1792 1156 1792 1130 1793 1156 1793 1135 1793 1135 1794 1156 1794 1158 1794 1160 1795 1159 1795 1161 1795 1161 1796 1159 1796 1157 1796 1161 1797 1157 1797 1162 1797 1162 1798 1157 1798 1145 1798 1162 1799 1145 1799 1152 1799 1152 1800 1145 1800 1144 1800 1152 1801 1144 1801 1150 1801 1150 1802 1144 1802 1142 1802 1150 1803 1142 1803 1148 1803 1148 1804 1142 1804 1141 1804 1148 1805 1141 1805 1140 1805 1140 1806 1141 1806 1153 1806 1140 1807 1153 1807 1138 1807 1138 1808 1153 1808 1134 1808 1138 1809 1134 1809 1129 1809 1129 1810 1134 1810 1039 1810 1129 1811 1039 1811 1127 1811 1127 1812 1039 1812 1040 1812 1127 1813 1040 1813 1033 1813 1163 1814 1003 1814 1164 1814 1164 1815 1003 1815 1002 1815 1164 1816 1002 1816 1165 1816 1116 1817 1166 1817 1114 1817 1114 1818 1166 1818 1167 1818 1114 1819 1167 1819 1168 1819 1168 1820 1167 1820 1169 1820 1168 1821 1169 1821 1170 1821 1170 1822 1169 1822 1171 1822 1170 1823 1171 1823 1172 1823 1172 1824 1171 1824 1173 1824 1172 1825 1173 1825 1174 1825 1174 1826 1173 1826 1175 1826 1174 1827 1175 1827 1176 1827 1176 1828 1175 1828 1177 1828 1176 1829 1177 1829 1178 1829 1115 1830 1114 1830 796 1830 796 1831 1114 1831 1168 1831 796 1832 1168 1832 1023 1832 1023 1833 1168 1833 1170 1833 1023 1834 1170 1834 1020 1834 1020 1835 1170 1835 1172 1835 1020 1836 1172 1836 1021 1836 1021 1837 1172 1837 1174 1837 1021 1838 1174 1838 1025 1838 1025 1839 1174 1839 1176 1839 1025 1840 1176 1840 1024 1840 1024 1841 1176 1841 1178 1841 1024 1842 1178 1842 1026 1842 868 1843 1007 1843 1115 1843 1115 1844 1007 1844 1006 1844 1115 1845 1006 1845 1116 1845 1116 1846 1006 1846 1010 1846 1116 1847 1010 1847 1166 1847 1166 1848 1010 1848 1113 1848 1166 1849 1113 1849 1167 1849 1167 1850 1113 1850 1179 1850 1167 1851 1179 1851 1169 1851 1169 1852 1179 1852 1180 1852 1169 1853 1180 1853 1171 1853 1171 1854 1180 1854 1181 1854 1171 1855 1181 1855 1173 1855 1173 1856 1181 1856 1182 1856 1173 1857 1182 1857 1175 1857 1175 1858 1182 1858 1183 1858 1175 1859 1183 1859 1177 1859 1123 1860 1184 1860 1008 1860 1008 1861 1184 1861 1112 1861 1008 1862 1112 1862 1009 1862 1009 1863 1112 1863 1111 1863 1009 1864 1111 1864 1113 1864 1113 1865 1111 1865 1108 1865 1113 1866 1108 1866 1179 1866 1179 1867 1108 1867 1106 1867 1179 1868 1106 1868 1180 1868 1180 1869 1106 1869 1104 1869 1180 1870 1104 1870 1181 1870 1181 1871 1104 1871 1102 1871 1181 1872 1102 1872 1182 1872 1182 1873 1102 1873 1101 1873 1182 1874 1101 1874 1183 1874 1183 1875 1101 1875 1185 1875 1183 1876 1185 1876 1177 1876 1177 1877 1185 1877 1004 1877 1177 1878 1004 1878 1178 1878 1178 1879 1004 1879 1003 1879 1178 1880 1003 1880 1026 1880 1026 1881 1003 1881 1163 1881 1026 1882 1163 1882 1027 1882 1027 1883 1163 1883 1164 1883 1027 1884 1164 1884 1028 1884 1028 1885 1164 1885 1165 1885 1028 1886 1165 1886 1029 1886 921 1887 920 1887 1034 1887 1034 1888 920 1888 919 1888 1034 1889 919 1889 1128 1889 1128 1890 919 1890 988 1890 1128 1891 988 1891 1139 1891 1139 1892 988 1892 789 1892 1139 1893 789 1893 1146 1893 1146 1894 789 1894 787 1894 1146 1895 787 1895 1147 1895 1147 1896 787 1896 1029 1896 1147 1897 1029 1897 1149 1897 1149 1898 1029 1898 1165 1898 1149 1899 1165 1899 1151 1899 1151 1900 1165 1900 1002 1900 1151 1901 1002 1901 1152 1901 1152 1902 1002 1902 1004 1902 1152 1903 1004 1903 1162 1903 1162 1904 1004 1904 1185 1904 1162 1905 1185 1905 1161 1905 1161 1906 1185 1906 1101 1906 1161 1907 1101 1907 1160 1907 1160 1908 1101 1908 1103 1908 1184 1909 1100 1909 1112 1909 1112 1910 1100 1910 1099 1910 1112 1911 1099 1911 1110 1911 1110 1912 1099 1912 1186 1912 1110 1913 1186 1913 1109 1913 1109 1914 1186 1914 1187 1914 1109 1915 1187 1915 1107 1915 1107 1916 1187 1916 1188 1916 1107 1917 1188 1917 1105 1917 1105 1918 1188 1918 1189 1918 1105 1919 1189 1919 1103 1919 1103 1920 1189 1920 1190 1920 1103 1921 1190 1921 1160 1921 1160 1922 1190 1922 1191 1922 1160 1923 1191 1923 1159 1923 1159 1924 1191 1924 1192 1924 1159 1925 1192 1925 1158 1925 1158 1926 1192 1926 1193 1926 1158 1927 1193 1927 1135 1927 1135 1928 1193 1928 1125 1928 1135 1929 1125 1929 1136 1929 1136 1930 1125 1930 1126 1930 1136 1931 1126 1931 1137 1931 1137 1932 1126 1932 1019 1932 1137 1933 1019 1933 1043 1933 1043 1934 1019 1934 1018 1934 1043 1935 1018 1935 1041 1935 1194 1936 1195 1936 1196 1936 1054 1937 1194 1937 1001 1937 1001 1938 1194 1938 1197 1938 1001 1939 1197 1939 999 1939 999 1940 1197 1940 1198 1940 999 1941 1198 1941 1059 1941 1059 1942 1198 1942 1199 1942 1059 1943 1199 1943 1060 1943 1060 1944 1199 1944 1200 1944 1201 1945 1200 1945 1202 1945 1202 1946 1200 1946 1199 1946 1202 1947 1199 1947 1066 1947 1066 1948 1199 1948 1198 1948 1066 1949 1198 1949 1065 1949 1065 1950 1198 1950 1197 1950 1065 1951 1197 1951 1063 1951 1063 1952 1197 1952 1194 1952 1063 1953 1194 1953 1016 1953 1016 1954 1194 1954 1196 1954 1016 1955 1196 1955 1014 1955 997 1956 996 1956 1203 1956 1203 1957 996 1957 1075 1957 1203 1958 1075 1958 1204 1958 1204 1959 1075 1959 1072 1959 1204 1960 1072 1960 1195 1960 1195 1961 1072 1961 1068 1961 1195 1962 1068 1962 1196 1962 1196 1963 1068 1963 1070 1963 1196 1964 1070 1964 1014 1964 1090 1965 1084 1965 1088 1965 1088 1966 1084 1966 1083 1966 1088 1967 1083 1967 1205 1967 1205 1968 1083 1968 1082 1968 1205 1969 1082 1969 998 1969 998 1970 1082 1970 1080 1970 998 1971 1080 1971 996 1971 996 1972 1080 1972 1081 1972 996 1973 1081 1973 1077 1973 1012 1974 1097 1974 1013 1974 1013 1975 1097 1975 1096 1975 1013 1976 1096 1976 1099 1976 1099 1977 1096 1977 1093 1977 1099 1978 1093 1978 1186 1978 1186 1979 1093 1979 1091 1979 1186 1980 1091 1980 1187 1980 1187 1981 1091 1981 1089 1981 1187 1982 1089 1982 1188 1982 1188 1983 1089 1983 1088 1983 1188 1984 1088 1984 1189 1984 1189 1985 1088 1985 1205 1985 1189 1986 1205 1986 1190 1986 1190 1987 1205 1987 998 1987 1190 1988 998 1988 1191 1988 1191 1989 998 1989 997 1989 1191 1990 997 1990 1192 1990 1192 1991 997 1991 1203 1991 1192 1992 1203 1992 1193 1992 1193 1993 1203 1993 1204 1993 1193 1994 1204 1994 1125 1994 1125 1995 1204 1995 1195 1995 1125 1996 1195 1996 1124 1996 1124 1997 1195 1997 1194 1997 1124 1998 1194 1998 1052 1998 1052 1999 1194 1999 1054 1999 1052 2000 1054 2000 1050 2000 1050 2001 1054 2001 1053 2001 1206 2002 1207 2002 820 2002 820 2003 1207 2003 1100 2003 820 2004 1100 2004 818 2004 818 2005 1100 2005 1184 2005 818 2006 1184 2006 816 2006 816 2007 1184 2007 1123 2007 816 2008 1123 2008 884 2008 884 2009 1123 2009 1122 2009 884 2010 1122 2010 885 2010 885 2011 1122 2011 1118 2011 885 2012 1118 2012 1119 2012 885 2013 1119 2013 871 2013 1121 2014 874 2014 1119 2014 1119 2015 874 2015 873 2015 1119 2016 873 2016 871 2016 820 2017 1208 2017 1206 2017 1206 2018 1208 2018 1209 2018 1206 2019 1209 2019 1210 2019 1210 2020 1209 2020 1211 2020 1212 2021 1213 2021 1209 2021 1209 2022 1213 2022 1214 2022 1209 2023 1214 2023 1211 2023 1215 2024 1216 2024 1217 2024 1066 2025 1064 2025 1218 2025 1211 2026 1214 2026 1219 2026 1213 2027 1212 2027 1220 2027 1212 2028 1209 2028 1221 2028 1221 2029 1209 2029 1208 2029 1221 2030 1208 2030 820 2030 1213 2031 1220 2031 1214 2031 1206 2032 1210 2032 1222 2032 1222 2033 1210 2033 1211 2033 1098 2034 1100 2034 1207 2034 1223 2035 1201 2035 1202 2035 1217 2036 1224 2036 1225 2036 1225 2037 1224 2037 1226 2037 1225 2038 1226 2038 1227 2038 1227 2039 1226 2039 1228 2039 1227 2040 1228 2040 1229 2040 1229 2041 1228 2041 1223 2041 1229 2042 1223 2042 1218 2042 1218 2043 1223 2043 1202 2043 1218 2044 1202 2044 1066 2044 1230 2045 1231 2045 1215 2045 1216 2046 1215 2046 1231 2046 1225 2047 1232 2047 1217 2047 1217 2048 1232 2048 1233 2048 1217 2049 1233 2049 1215 2049 1215 2050 1233 2050 1230 2050 851 2051 853 2051 1232 2051 1232 2052 853 2052 1234 2052 1232 2053 1234 2053 1233 2053 1235 2054 1076 2054 1236 2054 1236 2055 1076 2055 1077 2055 1236 2056 1077 2056 1237 2056 1237 2057 1077 2057 1081 2057 1237 2058 1081 2058 1238 2058 1238 2059 1081 2059 1079 2059 1238 2060 1079 2060 1239 2060 1239 2061 1079 2061 1078 2061 1239 2062 1078 2062 1240 2062 1240 2063 1078 2063 1087 2063 1240 2064 1087 2064 1241 2064 1241 2065 1087 2065 1086 2065 1241 2066 1086 2066 1242 2066 1242 2067 1086 2067 1085 2067 1242 2068 1085 2068 1243 2068 1243 2069 1085 2069 1084 2069 1243 2070 1084 2070 1244 2070 1244 2071 1084 2071 1090 2071 1244 2072 1090 2072 1245 2072 1245 2073 1090 2073 1092 2073 1245 2074 1092 2074 1246 2074 1246 2075 1092 2075 1094 2075 1246 2076 1094 2076 1247 2076 1247 2077 1094 2077 1095 2077 1247 2078 1095 2078 1248 2078 1248 2079 1095 2079 1097 2079 1248 2080 1097 2080 1249 2080 1249 2081 1097 2081 1012 2081 1249 2082 1012 2082 1250 2082 1250 2083 1012 2083 1011 2083 1250 2084 1011 2084 1251 2084 1251 2085 1011 2085 1098 2085 1251 2086 1098 2086 1252 2086 1252 2087 1098 2087 1207 2087 1252 2088 1207 2088 1206 2088 820 2089 819 2089 1221 2089 1221 2090 819 2090 826 2090 1221 2091 826 2091 1253 2091 1253 2092 826 2092 824 2092 1253 2093 824 2093 1254 2093 1254 2094 824 2094 822 2094 1254 2095 822 2095 1255 2095 1255 2096 822 2096 821 2096 1255 2097 821 2097 1256 2097 1256 2098 821 2098 827 2098 1256 2099 827 2099 1257 2099 1257 2100 827 2100 832 2100 1257 2101 832 2101 1258 2101 1258 2102 832 2102 830 2102 1258 2103 830 2103 1259 2103 1259 2104 830 2104 836 2104 1259 2105 836 2105 1260 2105 1260 2106 836 2106 835 2106 1260 2107 835 2107 1261 2107 1261 2108 835 2108 841 2108 1261 2109 841 2109 1262 2109 1262 2110 841 2110 840 2110 1262 2111 840 2111 1263 2111 1263 2112 840 2112 838 2112 1263 2113 838 2113 1264 2113 1264 2114 838 2114 837 2114 1264 2115 837 2115 1265 2115 1265 2116 837 2116 842 2116 1265 2117 842 2117 1266 2117 1266 2118 842 2118 814 2118 1266 2119 814 2119 1267 2119 1267 2120 814 2120 813 2120 1267 2121 813 2121 1268 2121 1268 2122 813 2122 904 2122 1268 2123 904 2123 1269 2123 1269 2124 904 2124 905 2124 1269 2125 905 2125 1270 2125 1270 2126 905 2126 906 2126 1270 2127 906 2127 1271 2127 1271 2128 906 2128 845 2128 1271 2129 845 2129 1272 2129 1272 2130 845 2130 844 2130 1272 2131 844 2131 1273 2131 1273 2132 844 2132 811 2132 1273 2133 811 2133 1274 2133 1274 2134 811 2134 810 2134 1274 2135 810 2135 1275 2135 1275 2136 810 2136 913 2136 1275 2137 913 2137 1276 2137 1212 2138 1221 2138 1220 2138 1220 2139 1221 2139 1253 2139 1220 2140 1253 2140 1277 2140 1277 2141 1253 2141 1254 2141 1277 2142 1254 2142 1278 2142 1278 2143 1254 2143 1255 2143 1278 2144 1255 2144 1279 2144 1279 2145 1255 2145 1256 2145 1279 2146 1256 2146 1280 2146 1280 2147 1256 2147 1257 2147 1280 2148 1257 2148 1281 2148 1281 2149 1257 2149 1258 2149 1281 2150 1258 2150 1282 2150 1282 2151 1258 2151 1259 2151 1282 2152 1259 2152 1283 2152 1283 2153 1259 2153 1260 2153 1283 2154 1260 2154 1284 2154 1284 2155 1260 2155 1261 2155 1284 2156 1261 2156 1285 2156 1285 2157 1261 2157 1262 2157 1285 2158 1262 2158 1286 2158 1286 2159 1262 2159 1263 2159 1286 2160 1263 2160 1287 2160 1287 2161 1263 2161 1264 2161 1287 2162 1264 2162 1288 2162 1288 2163 1264 2163 1265 2163 1288 2164 1265 2164 1289 2164 1289 2165 1265 2165 1266 2165 1289 2166 1266 2166 1290 2166 1290 2167 1266 2167 1267 2167 1290 2168 1267 2168 1291 2168 1291 2169 1267 2169 1268 2169 1291 2170 1268 2170 1292 2170 1292 2171 1268 2171 1269 2171 1292 2172 1269 2172 1293 2172 1293 2173 1269 2173 1270 2173 1293 2174 1270 2174 1294 2174 1294 2175 1270 2175 1271 2175 1294 2176 1271 2176 1295 2176 1295 2177 1271 2177 1272 2177 1295 2178 1272 2178 1296 2178 1296 2179 1272 2179 1273 2179 1296 2180 1273 2180 1297 2180 1297 2181 1273 2181 1274 2181 1297 2182 1274 2182 1298 2182 1298 2183 1274 2183 1275 2183 1298 2184 1275 2184 1299 2184 1299 2185 1275 2185 1276 2185 1299 2186 1276 2186 1300 2186 1214 2187 1220 2187 1219 2187 1219 2188 1220 2188 1277 2188 1219 2189 1277 2189 1301 2189 1301 2190 1277 2190 1278 2190 1301 2191 1278 2191 1302 2191 1302 2192 1278 2192 1279 2192 1302 2193 1279 2193 1303 2193 1303 2194 1279 2194 1280 2194 1303 2195 1280 2195 1304 2195 1304 2196 1280 2196 1281 2196 1304 2197 1281 2197 1305 2197 1305 2198 1281 2198 1282 2198 1305 2199 1282 2199 1306 2199 1306 2200 1282 2200 1283 2200 1306 2201 1283 2201 1307 2201 1307 2202 1283 2202 1284 2202 1307 2203 1284 2203 1308 2203 1308 2204 1284 2204 1285 2204 1308 2205 1285 2205 1309 2205 1309 2206 1285 2206 1286 2206 1309 2207 1286 2207 1310 2207 1310 2208 1286 2208 1287 2208 1310 2209 1287 2209 1311 2209 1311 2210 1287 2210 1288 2210 1311 2211 1288 2211 1312 2211 1312 2212 1288 2212 1289 2212 1312 2213 1289 2213 1313 2213 1313 2214 1289 2214 1290 2214 1313 2215 1290 2215 1314 2215 1314 2216 1290 2216 1291 2216 1314 2217 1291 2217 1315 2217 1315 2218 1291 2218 1292 2218 1315 2219 1292 2219 1316 2219 1316 2220 1292 2220 1293 2220 1316 2221 1293 2221 1317 2221 1317 2222 1293 2222 1294 2222 1317 2223 1294 2223 1318 2223 1318 2224 1294 2224 1295 2224 1318 2225 1295 2225 1319 2225 1319 2226 1295 2226 1296 2226 1319 2227 1296 2227 1320 2227 1320 2228 1296 2228 1297 2228 1320 2229 1297 2229 1321 2229 1321 2230 1297 2230 1298 2230 1321 2231 1298 2231 1322 2231 1322 2232 1298 2232 1299 2232 1322 2233 1299 2233 1323 2233 1323 2234 1299 2234 1300 2234 1323 2235 1300 2235 1324 2235 1211 2236 1219 2236 1222 2236 1222 2237 1219 2237 1301 2237 1222 2238 1301 2238 1325 2238 1325 2239 1301 2239 1302 2239 1325 2240 1302 2240 1326 2240 1326 2241 1302 2241 1303 2241 1326 2242 1303 2242 1327 2242 1327 2243 1303 2243 1304 2243 1327 2244 1304 2244 1328 2244 1328 2245 1304 2245 1305 2245 1328 2246 1305 2246 1329 2246 1329 2247 1305 2247 1306 2247 1329 2248 1306 2248 1330 2248 1330 2249 1306 2249 1307 2249 1330 2250 1307 2250 1331 2250 1331 2251 1307 2251 1308 2251 1331 2252 1308 2252 1332 2252 1332 2253 1308 2253 1309 2253 1332 2254 1309 2254 1333 2254 1333 2255 1309 2255 1310 2255 1333 2256 1310 2256 1334 2256 1334 2257 1310 2257 1311 2257 1334 2258 1311 2258 1335 2258 1335 2259 1311 2259 1312 2259 1335 2260 1312 2260 1336 2260 1336 2261 1312 2261 1313 2261 1336 2262 1313 2262 1337 2262 1337 2263 1313 2263 1314 2263 1337 2264 1314 2264 1338 2264 1338 2265 1314 2265 1315 2265 1338 2266 1315 2266 1339 2266 1339 2267 1315 2267 1316 2267 1339 2268 1316 2268 1340 2268 1340 2269 1316 2269 1317 2269 1340 2270 1317 2270 1341 2270 1341 2271 1317 2271 1318 2271 1341 2272 1318 2272 1342 2272 1342 2273 1318 2273 1319 2273 1342 2274 1319 2274 1343 2274 1343 2275 1319 2275 1320 2275 1343 2276 1320 2276 1344 2276 1344 2277 1320 2277 1321 2277 1344 2278 1321 2278 1345 2278 1345 2279 1321 2279 1322 2279 1345 2280 1322 2280 1346 2280 1346 2281 1322 2281 1323 2281 1346 2282 1323 2282 1347 2282 1347 2283 1323 2283 1324 2283 1347 2284 1324 2284 1348 2284 1206 2285 1222 2285 1252 2285 1252 2286 1222 2286 1325 2286 1252 2287 1325 2287 1251 2287 1251 2288 1325 2288 1326 2288 1251 2289 1326 2289 1250 2289 1250 2290 1326 2290 1327 2290 1250 2291 1327 2291 1249 2291 1249 2292 1327 2292 1328 2292 1249 2293 1328 2293 1248 2293 1248 2294 1328 2294 1329 2294 1248 2295 1329 2295 1247 2295 1247 2296 1329 2296 1330 2296 1247 2297 1330 2297 1246 2297 1246 2298 1330 2298 1331 2298 1246 2299 1331 2299 1245 2299 1245 2300 1331 2300 1332 2300 1245 2301 1332 2301 1244 2301 1244 2302 1332 2302 1333 2302 1244 2303 1333 2303 1243 2303 1243 2304 1333 2304 1334 2304 1243 2305 1334 2305 1242 2305 1242 2306 1334 2306 1335 2306 1242 2307 1335 2307 1241 2307 1241 2308 1335 2308 1336 2308 1241 2309 1336 2309 1240 2309 1240 2310 1336 2310 1337 2310 1240 2311 1337 2311 1239 2311 1239 2312 1337 2312 1338 2312 1239 2313 1338 2313 1238 2313 1238 2314 1338 2314 1339 2314 1238 2315 1339 2315 1237 2315 1237 2316 1339 2316 1340 2316 1237 2317 1340 2317 1236 2317 1236 2318 1340 2318 1341 2318 1236 2319 1341 2319 1235 2319 1235 2320 1341 2320 1342 2320 1235 2321 1342 2321 1349 2321 1349 2322 1342 2322 1343 2322 1349 2323 1343 2323 1350 2323 1350 2324 1343 2324 1344 2324 1350 2325 1344 2325 1351 2325 1351 2326 1344 2326 1345 2326 1351 2327 1345 2327 1352 2327 1352 2328 1345 2328 1346 2328 1352 2329 1346 2329 1353 2329 1353 2330 1346 2330 1347 2330 1353 2331 1347 2331 1354 2331 1354 2332 1347 2332 1348 2332 1354 2333 1348 2333 1355 2333 1062 2334 1061 2334 1355 2334 1355 2335 1061 2335 1067 2335 1355 2336 1067 2336 1354 2336 1354 2337 1067 2337 1015 2337 1354 2338 1015 2338 1353 2338 1353 2339 1015 2339 1014 2339 1353 2340 1014 2340 1352 2340 1352 2341 1014 2341 1070 2341 1352 2342 1070 2342 1351 2342 1351 2343 1070 2343 1069 2343 1351 2344 1069 2344 1350 2344 1350 2345 1069 2345 1071 2345 1350 2346 1071 2346 1349 2346 1349 2347 1071 2347 1073 2347 1349 2348 1073 2348 1235 2348 1235 2349 1073 2349 1074 2349 1235 2350 1074 2350 1076 2350 913 2351 851 2351 1276 2351 1276 2352 851 2352 1232 2352 1276 2353 1232 2353 1300 2353 1300 2354 1232 2354 1225 2354 1300 2355 1225 2355 1324 2355 1324 2356 1225 2356 1227 2356 1324 2357 1227 2357 1348 2357 1348 2358 1227 2358 1229 2358 1348 2359 1229 2359 1355 2359 1355 2360 1229 2360 1218 2360 1355 2361 1218 2361 1062 2361 1062 2362 1218 2362 1064 2362 1356 2363 109 2363 108 2363 1357 2364 1358 2364 1359 2364 635 2365 655 2365 1360 2365 1360 2366 655 2366 658 2366 1360 2367 658 2367 1358 2367 99 2368 102 2368 1357 2368 1358 2369 658 2369 1359 2369 1359 2370 658 2370 659 2370 1359 2371 659 2371 1361 2371 659 2372 661 2372 1361 2372 1361 2373 661 2373 662 2373 1361 2374 662 2374 1362 2374 669 2375 242 2375 1363 2375 662 2376 664 2376 1362 2376 1362 2377 664 2377 667 2377 1362 2378 667 2378 1364 2378 1364 2379 667 2379 668 2379 1364 2380 668 2380 1365 2380 1365 2381 668 2381 1366 2381 1366 2382 668 2382 1367 2382 1367 2383 668 2383 1368 2383 1368 2384 668 2384 1369 2384 1369 2385 668 2385 669 2385 1369 2386 669 2386 1370 2386 1370 2387 669 2387 1363 2387 1370 2388 1363 2388 1371 2388 1357 2389 1359 2389 99 2389 99 2390 1359 2390 1361 2390 99 2391 1361 2391 100 2391 100 2392 1361 2392 1362 2392 100 2393 1362 2393 112 2393 112 2394 1362 2394 1364 2394 112 2395 1364 2395 113 2395 113 2396 1364 2396 1365 2396 113 2397 1365 2397 114 2397 114 2398 1365 2398 1366 2398 114 2399 1366 2399 115 2399 115 2400 1366 2400 1367 2400 115 2401 1367 2401 116 2401 116 2402 1367 2402 1368 2402 116 2403 1368 2403 117 2403 117 2404 1368 2404 1369 2404 117 2405 1369 2405 111 2405 111 2406 1369 2406 1370 2406 111 2407 1370 2407 108 2407 108 2408 1370 2408 1371 2408 108 2409 1371 2409 1356 2409 1371 2410 1363 2410 1372 2410 1373 2411 1374 2411 15 2411 15 2412 1374 2412 1375 2412 15 2413 1375 2413 19 2413 1376 2414 1377 2414 1378 2414 1378 2415 1377 2415 1379 2415 1378 2416 1379 2416 1373 2416 468 2417 467 2417 1380 2417 1380 2418 467 2418 1381 2418 1380 2419 1381 2419 1376 2419 1382 2420 1383 2420 1384 2420 1384 2421 1383 2421 78 2421 1384 2422 78 2422 1385 2422 1373 2423 15 2423 1378 2423 1378 2424 15 2424 14 2424 1378 2425 14 2425 1386 2425 1386 2426 14 2426 12 2426 1386 2427 12 2427 1387 2427 1387 2428 12 2428 10 2428 1387 2429 10 2429 1388 2429 1388 2430 10 2430 9 2430 1388 2431 9 2431 1389 2431 1389 2432 9 2432 1390 2432 1389 2433 1390 2433 1382 2433 1382 2434 1390 2434 1391 2434 1382 2435 1391 2435 1383 2435 431 2436 298 2436 1392 2436 1392 2437 298 2437 297 2437 1392 2438 297 2438 1393 2438 1393 2439 297 2439 237 2439 1393 2440 237 2440 1394 2440 1395 2441 353 2441 1392 2441 1392 2442 353 2442 352 2442 1392 2443 352 2443 431 2443 353 2444 1395 2444 238 2444 238 2445 1395 2445 1396 2445 238 2446 1396 2446 239 2446 239 2447 1396 2447 1397 2447 239 2448 1397 2448 293 2448 293 2449 1397 2449 1398 2449 293 2450 1398 2450 294 2450 294 2451 1398 2451 1399 2451 294 2452 1399 2452 296 2452 296 2453 1399 2453 1400 2453 296 2454 1400 2454 341 2454 341 2455 1400 2455 1401 2455 341 2456 1401 2456 342 2456 342 2457 1401 2457 1402 2457 342 2458 1402 2458 290 2458 290 2459 1402 2459 1403 2459 290 2460 1403 2460 291 2460 78 2461 77 2461 1385 2461 1385 2462 77 2462 98 2462 1385 2463 98 2463 1404 2463 1404 2464 98 2464 97 2464 1404 2465 97 2465 1405 2465 1405 2466 97 2466 95 2466 1405 2467 95 2467 1406 2467 1406 2468 95 2468 94 2468 1406 2469 94 2469 1407 2469 1407 2470 94 2470 76 2470 1407 2471 76 2471 1408 2471 1408 2472 76 2472 122 2472 1408 2473 122 2473 1409 2473 1409 2474 122 2474 121 2474 1409 2475 121 2475 1410 2475 1410 2476 121 2476 119 2476 1410 2477 119 2477 1411 2477 1411 2478 119 2478 118 2478 1411 2479 118 2479 1412 2479 1412 2480 118 2480 109 2480 109 2481 1356 2481 1412 2481 1412 2482 1356 2482 1413 2482 1412 2483 1413 2483 1411 2483 1411 2484 1413 2484 1414 2484 1411 2485 1414 2485 1410 2485 1410 2486 1414 2486 1415 2486 1410 2487 1415 2487 1409 2487 1409 2488 1415 2488 1416 2488 1409 2489 1416 2489 1408 2489 1408 2490 1416 2490 1417 2490 1408 2491 1417 2491 1407 2491 1407 2492 1417 2492 1418 2492 1407 2493 1418 2493 1406 2493 1406 2494 1418 2494 1419 2494 1406 2495 1419 2495 1405 2495 1405 2496 1419 2496 1420 2496 1405 2497 1420 2497 1404 2497 1404 2498 1420 2498 1421 2498 1404 2499 1421 2499 1385 2499 1385 2500 1421 2500 1422 2500 1385 2501 1422 2501 1384 2501 1384 2502 1422 2502 1423 2502 1384 2503 1423 2503 1382 2503 1382 2504 1423 2504 1424 2504 1382 2505 1424 2505 1389 2505 1389 2506 1424 2506 1425 2506 1389 2507 1425 2507 1388 2507 1388 2508 1425 2508 1426 2508 1388 2509 1426 2509 1387 2509 1387 2510 1426 2510 1427 2510 1387 2511 1427 2511 1386 2511 1386 2512 1427 2512 1380 2512 1386 2513 1380 2513 1378 2513 1378 2514 1380 2514 1376 2514 1356 2515 1371 2515 1413 2515 1413 2516 1371 2516 1372 2516 1413 2517 1372 2517 1414 2517 1414 2518 1372 2518 1428 2518 1414 2519 1428 2519 1415 2519 1415 2520 1428 2520 1429 2520 1415 2521 1429 2521 1416 2521 1416 2522 1429 2522 1430 2522 1416 2523 1430 2523 1417 2523 1417 2524 1430 2524 1403 2524 1417 2525 1403 2525 1418 2525 1418 2526 1403 2526 1402 2526 1418 2527 1402 2527 1419 2527 1419 2528 1402 2528 1401 2528 1419 2529 1401 2529 1420 2529 1420 2530 1401 2530 1400 2530 1420 2531 1400 2531 1421 2531 1421 2532 1400 2532 1399 2532 1421 2533 1399 2533 1422 2533 1422 2534 1399 2534 1398 2534 1422 2535 1398 2535 1423 2535 1423 2536 1398 2536 1397 2536 1423 2537 1397 2537 1424 2537 1424 2538 1397 2538 1396 2538 1424 2539 1396 2539 1425 2539 1425 2540 1396 2540 1395 2540 1425 2541 1395 2541 1426 2541 1426 2542 1395 2542 1392 2542 1426 2543 1392 2543 1427 2543 1427 2544 1392 2544 1393 2544 1427 2545 1393 2545 1380 2545 1380 2546 1393 2546 1394 2546 1380 2547 1394 2547 468 2547 468 2548 1394 2548 237 2548 468 2549 237 2549 236 2549 291 2550 1403 2550 292 2550 292 2551 1403 2551 1430 2551 292 2552 1430 2552 286 2552 286 2553 1430 2553 1429 2553 286 2554 1429 2554 288 2554 288 2555 1429 2555 1428 2555 288 2556 1428 2556 289 2556 289 2557 1428 2557 1372 2557 289 2558 1372 2558 241 2558 241 2559 1372 2559 1363 2559 241 2560 1363 2560 242 2560 1358 2561 1357 2561 1431 2561 1373 2562 1379 2562 1432 2562 1433 2563 1377 2563 1376 2563 1376 2564 1381 2564 1433 2564 1433 2565 1381 2565 467 2565 1433 2566 467 2566 466 2566 16 2567 19 2567 1375 2567 1 2568 1434 2568 1435 2568 1435 2569 1434 2569 1436 2569 1435 2570 1436 2570 1437 2570 1437 2571 1436 2571 1438 2571 1437 2572 1438 2572 1439 2572 1439 2573 1438 2573 1440 2573 1439 2574 1440 2574 1441 2574 466 2575 469 2575 1433 2575 1433 2576 469 2576 476 2576 1433 2577 476 2577 1442 2577 1442 2578 476 2578 474 2578 1442 2579 474 2579 1443 2579 1443 2580 474 2580 472 2580 1443 2581 472 2581 1444 2581 1444 2582 472 2582 480 2582 1444 2583 480 2583 1445 2583 1445 2584 480 2584 478 2584 1445 2585 478 2585 1446 2585 1446 2586 478 2586 477 2586 1446 2587 477 2587 1447 2587 1447 2588 477 2588 454 2588 1447 2589 454 2589 1448 2589 1448 2590 454 2590 453 2590 1448 2591 453 2591 1449 2591 1449 2592 453 2592 485 2592 1449 2593 485 2593 1450 2593 1 2594 0 2594 1434 2594 1434 2595 0 2595 57 2595 1434 2596 57 2596 1451 2596 1451 2597 57 2597 56 2597 1451 2598 56 2598 1452 2598 1452 2599 56 2599 54 2599 1452 2600 54 2600 1453 2600 1453 2601 54 2601 64 2601 1453 2602 64 2602 1454 2602 1454 2603 64 2603 63 2603 1454 2604 63 2604 1455 2604 1455 2605 63 2605 61 2605 1455 2606 61 2606 1456 2606 1456 2607 61 2607 59 2607 1456 2608 59 2608 1457 2608 1457 2609 59 2609 58 2609 1457 2610 58 2610 1458 2610 1458 2611 58 2611 22 2611 1458 2612 22 2612 1459 2612 1459 2613 22 2613 21 2613 1459 2614 21 2614 1460 2614 1460 2615 21 2615 20 2615 1460 2616 20 2616 1461 2616 1461 2617 20 2617 17 2617 1461 2618 17 2618 1462 2618 1462 2619 17 2619 16 2619 1462 2620 16 2620 1463 2620 1463 2621 16 2621 1375 2621 1463 2622 1375 2622 1374 2622 485 2623 484 2623 1450 2623 1450 2624 484 2624 482 2624 1450 2625 482 2625 1464 2625 1464 2626 482 2626 481 2626 1464 2627 481 2627 1465 2627 1465 2628 481 2628 487 2628 1465 2629 487 2629 1466 2629 1466 2630 487 2630 486 2630 1466 2631 486 2631 1467 2631 1467 2632 486 2632 489 2632 1467 2633 489 2633 1468 2633 489 2634 491 2634 1468 2634 1468 2635 491 2635 492 2635 1468 2636 492 2636 1469 2636 1469 2637 492 2637 493 2637 1469 2638 493 2638 1470 2638 1470 2639 493 2639 494 2639 1470 2640 494 2640 1471 2640 1471 2641 494 2641 496 2641 1471 2642 496 2642 1472 2642 1472 2643 496 2643 634 2643 1472 2644 634 2644 1473 2644 1473 2645 634 2645 635 2645 635 2646 1360 2646 1473 2646 1473 2647 1360 2647 1474 2647 1473 2648 1474 2648 1472 2648 1472 2649 1474 2649 1475 2649 1472 2650 1475 2650 1471 2650 1471 2651 1475 2651 1476 2651 1471 2652 1476 2652 1470 2652 1470 2653 1476 2653 1477 2653 1470 2654 1477 2654 1469 2654 1469 2655 1477 2655 1478 2655 1469 2656 1478 2656 1468 2656 1468 2657 1478 2657 1479 2657 1468 2658 1479 2658 1467 2658 1467 2659 1479 2659 1480 2659 1467 2660 1480 2660 1466 2660 1466 2661 1480 2661 1481 2661 1466 2662 1481 2662 1465 2662 1465 2663 1481 2663 1482 2663 1465 2664 1482 2664 1464 2664 1464 2665 1482 2665 1483 2665 1464 2666 1483 2666 1450 2666 1450 2667 1483 2667 1484 2667 1450 2668 1484 2668 1449 2668 1449 2669 1484 2669 1485 2669 1449 2670 1485 2670 1448 2670 1448 2671 1485 2671 1486 2671 1448 2672 1486 2672 1447 2672 1447 2673 1486 2673 1487 2673 1447 2674 1487 2674 1446 2674 1446 2675 1487 2675 1488 2675 1446 2676 1488 2676 1445 2676 1445 2677 1488 2677 1489 2677 1445 2678 1489 2678 1444 2678 1444 2679 1489 2679 1490 2679 1444 2680 1490 2680 1443 2680 1443 2681 1490 2681 1491 2681 1443 2682 1491 2682 1442 2682 1442 2683 1491 2683 1492 2683 1442 2684 1492 2684 1433 2684 1433 2685 1492 2685 1432 2685 1433 2686 1432 2686 1377 2686 1377 2687 1432 2687 1379 2687 1360 2688 1358 2688 1474 2688 1474 2689 1358 2689 1431 2689 1474 2690 1431 2690 1475 2690 1475 2691 1431 2691 1493 2691 1475 2692 1493 2692 1476 2692 1476 2693 1493 2693 1494 2693 1476 2694 1494 2694 1477 2694 1477 2695 1494 2695 1440 2695 1477 2696 1440 2696 1478 2696 1478 2697 1440 2697 1438 2697 1478 2698 1438 2698 1479 2698 1479 2699 1438 2699 1436 2699 1479 2700 1436 2700 1480 2700 1480 2701 1436 2701 1434 2701 1480 2702 1434 2702 1481 2702 1481 2703 1434 2703 1451 2703 1481 2704 1451 2704 1482 2704 1482 2705 1451 2705 1452 2705 1482 2706 1452 2706 1483 2706 1483 2707 1452 2707 1453 2707 1483 2708 1453 2708 1484 2708 1484 2709 1453 2709 1454 2709 1484 2710 1454 2710 1485 2710 1485 2711 1454 2711 1455 2711 1485 2712 1455 2712 1486 2712 1486 2713 1455 2713 1456 2713 1486 2714 1456 2714 1487 2714 1487 2715 1456 2715 1457 2715 1487 2716 1457 2716 1488 2716 1488 2717 1457 2717 1458 2717 1488 2718 1458 2718 1489 2718 1489 2719 1458 2719 1459 2719 1489 2720 1459 2720 1490 2720 1490 2721 1459 2721 1460 2721 1490 2722 1460 2722 1491 2722 1491 2723 1460 2723 1461 2723 1491 2724 1461 2724 1492 2724 1492 2725 1461 2725 1462 2725 1492 2726 1462 2726 1432 2726 1432 2727 1462 2727 1463 2727 1432 2728 1463 2728 1373 2728 1373 2729 1463 2729 1374 2729 1441 2730 1440 2730 103 2730 103 2731 1440 2731 1494 2731 103 2732 1494 2732 104 2732 104 2733 1494 2733 1493 2733 104 2734 1493 2734 106 2734 106 2735 1493 2735 1431 2735 106 2736 1431 2736 107 2736 107 2737 1431 2737 1357 2737 107 2738 1357 2738 102 2738 1495 2739 1496 2739 1497 2739 1498 2740 1499 2740 86 2740 86 2741 1499 2741 1500 2741 86 2742 1500 2742 90 2742 1501 2743 1502 2743 1503 2743 1503 2744 1502 2744 1504 2744 1503 2745 1504 2745 1498 2745 1032 2746 1031 2746 1505 2746 1505 2747 1031 2747 1506 2747 1505 2748 1506 2748 1501 2748 1507 2749 1508 2749 1509 2749 1509 2750 1508 2750 7 2750 1509 2751 7 2751 1510 2751 1498 2752 86 2752 1503 2752 1503 2753 86 2753 85 2753 1503 2754 85 2754 1511 2754 1511 2755 85 2755 83 2755 1511 2756 83 2756 1512 2756 1512 2757 83 2757 81 2757 1512 2758 81 2758 1513 2758 1513 2759 81 2759 80 2759 1513 2760 80 2760 1514 2760 1514 2761 80 2761 1515 2761 1514 2762 1515 2762 1507 2762 1507 2763 1515 2763 1516 2763 1507 2764 1516 2764 1508 2764 995 2765 862 2765 1517 2765 1517 2766 862 2766 861 2766 1517 2767 861 2767 1518 2767 1518 2768 861 2768 806 2768 1518 2769 806 2769 1519 2769 1520 2770 925 2770 1517 2770 1517 2771 925 2771 924 2771 1517 2772 924 2772 995 2772 925 2773 1520 2773 807 2773 807 2774 1520 2774 1521 2774 807 2775 1521 2775 808 2775 808 2776 1521 2776 1522 2776 808 2777 1522 2777 857 2777 857 2778 1522 2778 1523 2778 857 2779 1523 2779 858 2779 858 2780 1523 2780 1524 2780 858 2781 1524 2781 860 2781 860 2782 1524 2782 1525 2782 860 2783 1525 2783 907 2783 907 2784 1525 2784 1526 2784 907 2785 1526 2785 908 2785 908 2786 1526 2786 1527 2786 908 2787 1527 2787 854 2787 854 2788 1527 2788 1528 2788 854 2789 1528 2789 855 2789 7 2790 6 2790 1510 2790 1510 2791 6 2791 27 2791 1510 2792 27 2792 1529 2792 1529 2793 27 2793 26 2793 1529 2794 26 2794 1530 2794 1530 2795 26 2795 24 2795 1530 2796 24 2796 1531 2796 1531 2797 24 2797 23 2797 1531 2798 23 2798 1532 2798 1532 2799 23 2799 5 2799 1532 2800 5 2800 1533 2800 1533 2801 5 2801 52 2801 1533 2802 52 2802 1534 2802 1534 2803 52 2803 51 2803 1534 2804 51 2804 1535 2804 1535 2805 51 2805 49 2805 1535 2806 49 2806 1536 2806 1536 2807 49 2807 48 2807 1536 2808 48 2808 1537 2808 1537 2809 48 2809 41 2809 41 2810 1538 2810 1537 2810 1537 2811 1538 2811 1539 2811 1537 2812 1539 2812 1536 2812 1536 2813 1539 2813 1540 2813 1536 2814 1540 2814 1535 2814 1535 2815 1540 2815 1541 2815 1535 2816 1541 2816 1534 2816 1534 2817 1541 2817 1542 2817 1534 2818 1542 2818 1533 2818 1533 2819 1542 2819 1543 2819 1533 2820 1543 2820 1532 2820 1532 2821 1543 2821 1544 2821 1532 2822 1544 2822 1531 2822 1531 2823 1544 2823 1545 2823 1531 2824 1545 2824 1530 2824 1530 2825 1545 2825 1546 2825 1530 2826 1546 2826 1529 2826 1529 2827 1546 2827 1547 2827 1529 2828 1547 2828 1510 2828 1510 2829 1547 2829 1548 2829 1510 2830 1548 2830 1509 2830 1509 2831 1548 2831 1549 2831 1509 2832 1549 2832 1507 2832 1507 2833 1549 2833 1550 2833 1507 2834 1550 2834 1514 2834 1514 2835 1550 2835 1551 2835 1514 2836 1551 2836 1513 2836 1513 2837 1551 2837 1552 2837 1513 2838 1552 2838 1512 2838 1512 2839 1552 2839 1553 2839 1512 2840 1553 2840 1511 2840 1511 2841 1553 2841 1505 2841 1511 2842 1505 2842 1503 2842 1503 2843 1505 2843 1501 2843 1538 2844 1495 2844 1539 2844 1539 2845 1495 2845 1497 2845 1539 2846 1497 2846 1540 2846 1540 2847 1497 2847 1554 2847 1540 2848 1554 2848 1541 2848 1541 2849 1554 2849 1555 2849 1541 2850 1555 2850 1542 2850 1542 2851 1555 2851 1556 2851 1542 2852 1556 2852 1543 2852 1543 2853 1556 2853 1528 2853 1543 2854 1528 2854 1544 2854 1544 2855 1528 2855 1527 2855 1544 2856 1527 2856 1545 2856 1545 2857 1527 2857 1526 2857 1545 2858 1526 2858 1546 2858 1546 2859 1526 2859 1525 2859 1546 2860 1525 2860 1547 2860 1547 2861 1525 2861 1524 2861 1547 2862 1524 2862 1548 2862 1548 2863 1524 2863 1523 2863 1548 2864 1523 2864 1549 2864 1549 2865 1523 2865 1522 2865 1549 2866 1522 2866 1550 2866 1550 2867 1522 2867 1521 2867 1550 2868 1521 2868 1551 2868 1551 2869 1521 2869 1520 2869 1551 2870 1520 2870 1552 2870 1552 2871 1520 2871 1517 2871 1552 2872 1517 2872 1553 2872 1553 2873 1517 2873 1518 2873 1553 2874 1518 2874 1505 2874 1505 2875 1518 2875 1519 2875 1505 2876 1519 2876 1032 2876 1032 2877 1519 2877 806 2877 1032 2878 806 2878 805 2878 855 2879 1528 2879 856 2879 856 2880 1528 2880 1556 2880 856 2881 1556 2881 848 2881 848 2882 1556 2882 1555 2882 848 2883 1555 2883 849 2883 849 2884 1555 2884 1554 2884 849 2885 1554 2885 850 2885 850 2886 1554 2886 1497 2886 850 2887 1497 2887 852 2887 852 2888 1497 2888 1496 2888 852 2889 1496 2889 853 2889 1538 2890 41 2890 40 2890 1538 2891 40 2891 1495 2891 1234 2892 853 2892 1496 2892 1557 2893 1217 2893 1558 2893 1558 2894 1217 2894 1216 2894 1558 2895 1216 2895 1559 2895 1559 2896 1216 2896 1231 2896 1559 2897 1231 2897 1560 2897 1560 2898 1231 2898 1561 2898 1561 2899 1231 2899 1562 2899 1562 2900 1231 2900 1230 2900 1562 2901 1230 2901 1563 2901 1563 2902 1230 2902 1564 2902 1564 2903 1230 2903 1233 2903 1564 2904 1233 2904 1565 2904 1565 2905 1233 2905 1234 2905 1565 2906 1234 2906 1566 2906 1566 2907 1234 2907 1496 2907 1566 2908 1496 2908 1495 2908 35 2909 34 2909 1567 2909 1495 2910 40 2910 1566 2910 1566 2911 40 2911 38 2911 1566 2912 38 2912 1565 2912 1565 2913 38 2913 37 2913 1565 2914 37 2914 1564 2914 1564 2915 37 2915 47 2915 1564 2916 47 2916 1563 2916 1563 2917 47 2917 46 2917 1563 2918 46 2918 1562 2918 1562 2919 46 2919 45 2919 1562 2920 45 2920 1561 2920 1561 2921 45 2921 44 2921 1561 2922 44 2922 1560 2922 1560 2923 44 2923 43 2923 1560 2924 43 2924 1559 2924 1559 2925 43 2925 42 2925 1559 2926 42 2926 1558 2926 1558 2927 42 2927 36 2927 1558 2928 36 2928 1557 2928 1557 2929 36 2929 35 2929 1557 2930 35 2930 1568 2930 1568 2931 35 2931 1567 2931 1568 2932 1567 2932 1569 2932 1570 2933 1201 2933 1223 2933 1570 2934 1223 2934 1569 2934 1569 2935 1223 2935 1228 2935 1569 2936 1228 2936 1568 2936 1568 2937 1228 2937 1226 2937 1568 2938 1226 2938 1557 2938 1557 2939 1226 2939 1224 2939 1557 2940 1224 2940 1217 2940 1569 2941 1567 2941 1571 2941 1498 2942 1504 2942 1572 2942 1573 2943 1502 2943 1501 2943 1501 2944 1506 2944 1573 2944 1573 2945 1506 2945 1031 2945 1573 2946 1031 2946 1030 2946 87 2947 90 2947 1500 2947 72 2948 1574 2948 1575 2948 1575 2949 1574 2949 1576 2949 1575 2950 1576 2950 1577 2950 1577 2951 1576 2951 1578 2951 1577 2952 1578 2952 1579 2952 1579 2953 1578 2953 1580 2953 1579 2954 1580 2954 1581 2954 1030 2955 1033 2955 1573 2955 1573 2956 1033 2956 1040 2956 1573 2957 1040 2957 1582 2957 1582 2958 1040 2958 1038 2958 1582 2959 1038 2959 1583 2959 1583 2960 1038 2960 1036 2960 1583 2961 1036 2961 1584 2961 1584 2962 1036 2962 1044 2962 1584 2963 1044 2963 1585 2963 1585 2964 1044 2964 1042 2964 1585 2965 1042 2965 1586 2965 1586 2966 1042 2966 1041 2966 1586 2967 1041 2967 1587 2967 1587 2968 1041 2968 1018 2968 1587 2969 1018 2969 1588 2969 1588 2970 1018 2970 1017 2970 1588 2971 1017 2971 1589 2971 1589 2972 1017 2972 1049 2972 1589 2973 1049 2973 1590 2973 72 2974 71 2974 1574 2974 1574 2975 71 2975 127 2975 1574 2976 127 2976 1591 2976 1591 2977 127 2977 126 2977 1591 2978 126 2978 1592 2978 1592 2979 126 2979 124 2979 1592 2980 124 2980 1593 2980 1593 2981 124 2981 134 2981 1593 2982 134 2982 1594 2982 1594 2983 134 2983 133 2983 1594 2984 133 2984 1595 2984 1595 2985 133 2985 131 2985 1595 2986 131 2986 1596 2986 1596 2987 131 2987 129 2987 1596 2988 129 2988 1597 2988 1597 2989 129 2989 128 2989 1597 2990 128 2990 1598 2990 1598 2991 128 2991 93 2991 1598 2992 93 2992 1599 2992 1599 2993 93 2993 92 2993 1599 2994 92 2994 1600 2994 1600 2995 92 2995 91 2995 1600 2996 91 2996 1601 2996 1601 2997 91 2997 88 2997 1601 2998 88 2998 1602 2998 1602 2999 88 2999 87 2999 1602 3000 87 3000 1603 3000 1603 3001 87 3001 1500 3001 1603 3002 1500 3002 1499 3002 1049 3003 1048 3003 1590 3003 1590 3004 1048 3004 1046 3004 1590 3005 1046 3005 1604 3005 1604 3006 1046 3006 1045 3006 1604 3007 1045 3007 1605 3007 1605 3008 1045 3008 1051 3008 1605 3009 1051 3009 1606 3009 1606 3010 1051 3010 1050 3010 1606 3011 1050 3011 1607 3011 1607 3012 1050 3012 1053 3012 1607 3013 1053 3013 1608 3013 1053 3014 1055 3014 1608 3014 1608 3015 1055 3015 1056 3015 1608 3016 1056 3016 1609 3016 1609 3017 1056 3017 1057 3017 1609 3018 1057 3018 1610 3018 1610 3019 1057 3019 1058 3019 1610 3020 1058 3020 1611 3020 1611 3021 1058 3021 1060 3021 1611 3022 1060 3022 1612 3022 1612 3023 1060 3023 1200 3023 1612 3024 1200 3024 1613 3024 1613 3025 1200 3025 1201 3025 1201 3026 1570 3026 1613 3026 1613 3027 1570 3027 1614 3027 1613 3028 1614 3028 1612 3028 1612 3029 1614 3029 1615 3029 1612 3030 1615 3030 1611 3030 1611 3031 1615 3031 1616 3031 1611 3032 1616 3032 1610 3032 1610 3033 1616 3033 1617 3033 1610 3034 1617 3034 1609 3034 1609 3035 1617 3035 1618 3035 1609 3036 1618 3036 1608 3036 1608 3037 1618 3037 1619 3037 1608 3038 1619 3038 1607 3038 1607 3039 1619 3039 1620 3039 1607 3040 1620 3040 1606 3040 1606 3041 1620 3041 1621 3041 1606 3042 1621 3042 1605 3042 1605 3043 1621 3043 1622 3043 1605 3044 1622 3044 1604 3044 1604 3045 1622 3045 1623 3045 1604 3046 1623 3046 1590 3046 1590 3047 1623 3047 1624 3047 1590 3048 1624 3048 1589 3048 1589 3049 1624 3049 1625 3049 1589 3050 1625 3050 1588 3050 1588 3051 1625 3051 1626 3051 1588 3052 1626 3052 1587 3052 1587 3053 1626 3053 1627 3053 1587 3054 1627 3054 1586 3054 1586 3055 1627 3055 1628 3055 1586 3056 1628 3056 1585 3056 1585 3057 1628 3057 1629 3057 1585 3058 1629 3058 1584 3058 1584 3059 1629 3059 1630 3059 1584 3060 1630 3060 1583 3060 1583 3061 1630 3061 1631 3061 1583 3062 1631 3062 1582 3062 1582 3063 1631 3063 1632 3063 1582 3064 1632 3064 1573 3064 1573 3065 1632 3065 1572 3065 1573 3066 1572 3066 1502 3066 1502 3067 1572 3067 1504 3067 1570 3068 1569 3068 1614 3068 1614 3069 1569 3069 1571 3069 1614 3070 1571 3070 1615 3070 1615 3071 1571 3071 1633 3071 1615 3072 1633 3072 1616 3072 1616 3073 1633 3073 1634 3073 1616 3074 1634 3074 1617 3074 1617 3075 1634 3075 1580 3075 1617 3076 1580 3076 1618 3076 1618 3077 1580 3077 1578 3077 1618 3078 1578 3078 1619 3078 1619 3079 1578 3079 1576 3079 1619 3080 1576 3080 1620 3080 1620 3081 1576 3081 1574 3081 1620 3082 1574 3082 1621 3082 1621 3083 1574 3083 1591 3083 1621 3084 1591 3084 1622 3084 1622 3085 1591 3085 1592 3085 1622 3086 1592 3086 1623 3086 1623 3087 1592 3087 1593 3087 1623 3088 1593 3088 1624 3088 1624 3089 1593 3089 1594 3089 1624 3090 1594 3090 1625 3090 1625 3091 1594 3091 1595 3091 1625 3092 1595 3092 1626 3092 1626 3093 1595 3093 1596 3093 1626 3094 1596 3094 1627 3094 1627 3095 1596 3095 1597 3095 1627 3096 1597 3096 1628 3096 1628 3097 1597 3097 1598 3097 1628 3098 1598 3098 1629 3098 1629 3099 1598 3099 1599 3099 1629 3100 1599 3100 1630 3100 1630 3101 1599 3101 1600 3101 1630 3102 1600 3102 1631 3102 1631 3103 1600 3103 1601 3103 1631 3104 1601 3104 1632 3104 1632 3105 1601 3105 1602 3105 1632 3106 1602 3106 1572 3106 1572 3107 1602 3107 1603 3107 1572 3108 1603 3108 1498 3108 1498 3109 1603 3109 1499 3109 1581 3110 1580 3110 28 3110 28 3111 1580 3111 1634 3111 28 3112 1634 3112 29 3112 29 3113 1634 3113 1633 3113 29 3114 1633 3114 31 3114 31 3115 1633 3115 1571 3115 31 3116 1571 3116 33 3116 33 3117 1571 3117 1567 3117 33 3118 1567 3118 34 3118 1581 3119 28 3119 1635 3119 1636 3120 219 3120 222 3120 1637 3121 72 3121 1575 3121 1637 3122 1638 3122 1639 3122 1639 3123 1638 3123 1640 3123 222 3124 1641 3124 1636 3124 1636 3125 1641 3125 1642 3125 1636 3126 1642 3126 1640 3126 1640 3127 1642 3127 1643 3127 1640 3128 1643 3128 1639 3128 1637 3129 1575 3129 1638 3129 1638 3130 1575 3130 1577 3130 1638 3131 1577 3131 1579 3131 1581 3132 1635 3132 1579 3132 1579 3133 1635 3133 1638 3133 1638 3134 1635 3134 1644 3134 1638 3135 1644 3135 1640 3135 217 3136 219 3136 1645 3136 1645 3137 219 3137 1636 3137 1645 3138 1636 3138 1646 3138 1646 3139 1636 3139 1640 3139 1646 3140 1640 3140 1647 3140 1647 3141 1640 3141 1644 3141 1648 3142 1649 3142 1650 3142 1650 3143 1649 3143 1651 3143 73 3144 72 3144 1637 3144 1637 3145 1652 3145 73 3145 73 3146 1652 3146 1653 3146 73 3147 1653 3147 125 3147 125 3148 1653 3148 1654 3148 125 3149 1654 3149 123 3149 123 3150 1654 3150 1655 3150 123 3151 1655 3151 132 3151 132 3152 1655 3152 1656 3152 132 3153 1656 3153 130 3153 130 3154 1656 3154 1657 3154 130 3155 1657 3155 89 3155 89 3156 1657 3156 1658 3156 89 3157 1658 3157 136 3157 136 3158 1658 3158 1659 3158 136 3159 1659 3159 138 3159 138 3160 1659 3160 1660 3160 138 3161 1660 3161 140 3161 140 3162 1660 3162 1661 3162 140 3163 1661 3163 101 3163 101 3164 1661 3164 1650 3164 101 3165 1650 3165 105 3165 105 3166 1650 3166 1651 3166 105 3167 1651 3167 103 3167 1662 3168 1663 3168 1664 3168 1664 3169 1663 3169 1648 3169 1648 3170 1650 3170 1664 3170 1664 3171 1650 3171 1661 3171 1664 3172 1661 3172 1665 3172 1665 3173 1661 3173 1660 3173 1665 3174 1660 3174 1666 3174 1666 3175 1660 3175 1659 3175 1666 3176 1659 3176 1667 3176 1667 3177 1659 3177 1658 3177 1667 3178 1658 3178 1668 3178 1668 3179 1658 3179 1657 3179 1668 3180 1657 3180 1669 3180 1669 3181 1657 3181 1656 3181 1669 3182 1656 3182 1670 3182 1670 3183 1656 3183 1655 3183 1670 3184 1655 3184 1671 3184 1671 3185 1655 3185 1654 3185 1671 3186 1654 3186 1672 3186 1672 3187 1654 3187 1653 3187 1672 3188 1653 3188 1673 3188 1673 3189 1653 3189 1652 3189 1673 3190 1652 3190 1674 3190 198 3191 206 3191 1662 3191 1637 3192 1639 3192 1652 3192 1652 3193 1639 3193 1643 3193 1652 3194 1643 3194 1674 3194 1674 3195 1643 3195 1642 3195 1674 3196 1642 3196 1641 3196 1662 3197 1664 3197 198 3197 198 3198 1664 3198 1665 3198 198 3199 1665 3199 199 3199 199 3200 1665 3200 1666 3200 199 3201 1666 3201 201 3201 201 3202 1666 3202 1667 3202 201 3203 1667 3203 202 3203 202 3204 1667 3204 1668 3204 202 3205 1668 3205 196 3205 196 3206 1668 3206 1669 3206 196 3207 1669 3207 197 3207 197 3208 1669 3208 1670 3208 197 3209 1670 3209 193 3209 193 3210 1670 3210 1671 3210 193 3211 1671 3211 194 3211 194 3212 1671 3212 1672 3212 194 3213 1672 3213 191 3213 191 3214 1672 3214 1673 3214 191 3215 1673 3215 220 3215 220 3216 1673 3216 1674 3216 220 3217 1674 3217 221 3217 221 3218 1674 3218 1641 3218 221 3219 1641 3219 222 3219 1647 3220 1644 3220 1675 3220 1675 3221 1644 3221 1635 3221 2 3222 1 3222 1676 3222 1676 3223 1677 3223 2 3223 2 3224 1677 3224 1678 3224 2 3225 1678 3225 55 3225 55 3226 1678 3226 1679 3226 55 3227 1679 3227 53 3227 53 3228 1679 3228 1680 3228 53 3229 1680 3229 62 3229 62 3230 1680 3230 1681 3230 62 3231 1681 3231 60 3231 60 3232 1681 3232 1682 3232 60 3233 1682 3233 18 3233 18 3234 1682 3234 1683 3234 18 3235 1683 3235 66 3235 66 3236 1683 3236 1684 3236 66 3237 1684 3237 68 3237 68 3238 1684 3238 1685 3238 68 3239 1685 3239 70 3239 70 3240 1685 3240 1686 3240 70 3241 1686 3241 32 3241 32 3242 1686 3242 1675 3242 32 3243 1675 3243 30 3243 30 3244 1675 3244 1635 3244 30 3245 1635 3245 28 3245 1645 3246 1646 3246 1687 3246 1687 3247 1646 3247 1647 3247 1647 3248 1675 3248 1687 3248 1687 3249 1675 3249 1686 3249 1687 3250 1686 3250 1688 3250 1688 3251 1686 3251 1685 3251 1688 3252 1685 3252 1689 3252 1689 3253 1685 3253 1684 3253 1689 3254 1684 3254 1690 3254 1690 3255 1684 3255 1683 3255 1690 3256 1683 3256 1691 3256 1691 3257 1683 3257 1682 3257 1691 3258 1682 3258 1692 3258 1692 3259 1682 3259 1681 3259 1692 3260 1681 3260 1693 3260 1693 3261 1681 3261 1680 3261 1693 3262 1680 3262 1694 3262 1694 3263 1680 3263 1679 3263 1694 3264 1679 3264 1695 3264 1695 3265 1679 3265 1678 3265 1695 3266 1678 3266 1696 3266 1696 3267 1678 3267 1677 3267 1696 3268 1677 3268 1697 3268 212 3269 217 3269 1645 3269 1676 3270 1698 3270 1677 3270 1677 3271 1698 3271 1699 3271 1677 3272 1699 3272 1697 3272 1697 3273 1699 3273 1700 3273 1697 3274 1700 3274 1701 3274 1645 3275 1687 3275 212 3275 212 3276 1687 3276 1688 3276 212 3277 1688 3277 213 3277 213 3278 1688 3278 1689 3278 213 3279 1689 3279 215 3279 215 3280 1689 3280 1690 3280 215 3281 1690 3281 216 3281 216 3282 1690 3282 1691 3282 216 3283 1691 3283 204 3283 204 3284 1691 3284 1692 3284 204 3285 1692 3285 205 3285 205 3286 1692 3286 1693 3286 205 3287 1693 3287 187 3287 187 3288 1693 3288 1694 3288 187 3289 1694 3289 188 3289 188 3290 1694 3290 1695 3290 188 3291 1695 3291 185 3291 185 3292 1695 3292 1696 3292 185 3293 1696 3293 209 3293 209 3294 1696 3294 1697 3294 209 3295 1697 3295 210 3295 210 3296 1697 3296 1701 3296 210 3297 1701 3297 211 3297 1441 3298 103 3298 1651 3298 1702 3299 208 3299 211 3299 1676 3300 1 3300 1435 3300 1676 3301 1703 3301 1698 3301 1698 3302 1703 3302 1704 3302 211 3303 1701 3303 1702 3303 1702 3304 1701 3304 1700 3304 1702 3305 1700 3305 1704 3305 1704 3306 1700 3306 1699 3306 1704 3307 1699 3307 1698 3307 1676 3308 1435 3308 1703 3308 1703 3309 1435 3309 1437 3309 1703 3310 1437 3310 1439 3310 1441 3311 1651 3311 1439 3311 1439 3312 1651 3312 1703 3312 1703 3313 1651 3313 1649 3313 1703 3314 1649 3314 1704 3314 206 3315 208 3315 1662 3315 1662 3316 208 3316 1702 3316 1662 3317 1702 3317 1663 3317 1663 3318 1702 3318 1704 3318 1663 3319 1704 3319 1648 3319 1648 3320 1704 3320 1649 3320 1705 3321 1706 3321 1707 3321 1708 3322 1706 3322 1709 3322 1709 3323 1706 3323 1705 3323 1709 3324 1705 3324 1710 3324 1710 3325 1705 3325 1711 3325 164 3326 1712 3326 1713 3326 1714 3327 1715 3327 1713 3327 164 3328 1713 3328 165 3328 165 3329 1713 3329 1715 3329 165 3330 1715 3330 145 3330 80 3331 1716 3331 1515 3331 1515 3332 1716 3332 1707 3332 1515 3333 1707 3333 1516 3333 1516 3334 1707 3334 1706 3334 1516 3335 1706 3335 1508 3335 1508 3336 1706 3336 1708 3336 1508 3337 1708 3337 7 3337 1716 3338 1717 3338 1707 3338 1707 3339 1717 3339 1714 3339 1707 3340 1714 3340 1705 3340 1705 3341 1714 3341 1713 3341 1705 3342 1713 3342 1711 3342 1711 3343 1713 3343 1712 3343 146 3344 145 3344 1718 3344 1718 3345 145 3345 1715 3345 1718 3346 1715 3346 1719 3346 1719 3347 1715 3347 1714 3347 1719 3348 1714 3348 1720 3348 1720 3349 1714 3349 1717 3349 1721 3350 1722 3350 1723 3350 1723 3351 1722 3351 1724 3351 148 3352 146 3352 1718 3352 1718 3353 1725 3353 148 3353 148 3354 1725 3354 1726 3354 148 3355 1726 3355 153 3355 153 3356 1726 3356 1727 3356 153 3357 1727 3357 154 3357 154 3358 1727 3358 1728 3358 154 3359 1728 3359 155 3359 155 3360 1728 3360 1729 3360 155 3361 1729 3361 152 3361 152 3362 1729 3362 1730 3362 152 3363 1730 3363 160 3363 160 3364 1730 3364 1731 3364 160 3365 1731 3365 161 3365 161 3366 1731 3366 1732 3366 161 3367 1732 3367 162 3367 162 3368 1732 3368 1733 3368 162 3369 1733 3369 141 3369 141 3370 1733 3370 1734 3370 141 3371 1734 3371 142 3371 142 3372 1734 3372 1723 3372 142 3373 1723 3373 180 3373 180 3374 1723 3374 1724 3374 180 3375 1724 3375 181 3375 1735 3376 1736 3376 1737 3376 1737 3377 1736 3377 1721 3377 1721 3378 1723 3378 1737 3378 1737 3379 1723 3379 1734 3379 1737 3380 1734 3380 1738 3380 1738 3381 1734 3381 1733 3381 1738 3382 1733 3382 1739 3382 1739 3383 1733 3383 1732 3383 1739 3384 1732 3384 1740 3384 1740 3385 1732 3385 1731 3385 1740 3386 1731 3386 1741 3386 1741 3387 1731 3387 1730 3387 1741 3388 1730 3388 1742 3388 1742 3389 1730 3389 1729 3389 1742 3390 1729 3390 1743 3390 1743 3391 1729 3391 1728 3391 1743 3392 1728 3392 1744 3392 1744 3393 1728 3393 1727 3393 1744 3394 1727 3394 1745 3394 1745 3395 1727 3395 1726 3395 1745 3396 1726 3396 1746 3396 1746 3397 1726 3397 1725 3397 1746 3398 1725 3398 1747 3398 79 3399 78 3399 1735 3399 1718 3400 1719 3400 1725 3400 1725 3401 1719 3401 1720 3401 1725 3402 1720 3402 1747 3402 1747 3403 1720 3403 1717 3403 1747 3404 1717 3404 1716 3404 1735 3405 1737 3405 79 3405 79 3406 1737 3406 1738 3406 79 3407 1738 3407 96 3407 96 3408 1738 3408 1739 3408 96 3409 1739 3409 74 3409 74 3410 1739 3410 1740 3410 74 3411 1740 3411 75 3411 75 3412 1740 3412 1741 3412 75 3413 1741 3413 120 3413 120 3414 1741 3414 1742 3414 120 3415 1742 3415 110 3415 110 3416 1742 3416 1743 3416 110 3417 1743 3417 139 3417 139 3418 1743 3418 1744 3418 139 3419 1744 3419 137 3419 137 3420 1744 3420 1745 3420 137 3421 1745 3421 135 3421 135 3422 1745 3422 1746 3422 135 3423 1746 3423 84 3423 84 3424 1746 3424 1747 3424 84 3425 1747 3425 82 3425 82 3426 1747 3426 1716 3426 82 3427 1716 3427 80 3427 1710 3428 1711 3428 1748 3428 1748 3429 1711 3429 1712 3429 178 3430 176 3430 1749 3430 1749 3431 1750 3431 178 3431 178 3432 1750 3432 1751 3432 178 3433 1751 3433 179 3433 179 3434 1751 3434 1752 3434 179 3435 1752 3435 173 3435 173 3436 1752 3436 1753 3436 173 3437 1753 3437 174 3437 174 3438 1753 3438 1754 3438 174 3439 1754 3439 170 3439 170 3440 1754 3440 1755 3440 170 3441 1755 3441 171 3441 171 3442 1755 3442 1756 3442 171 3443 1756 3443 168 3443 168 3444 1756 3444 1757 3444 168 3445 1757 3445 166 3445 166 3446 1757 3446 1758 3446 166 3447 1758 3447 156 3447 156 3448 1758 3448 1759 3448 156 3449 1759 3449 157 3449 157 3450 1759 3450 1748 3450 157 3451 1748 3451 163 3451 163 3452 1748 3452 1712 3452 163 3453 1712 3453 164 3453 1708 3454 1709 3454 1760 3454 1760 3455 1709 3455 1710 3455 1710 3456 1748 3456 1760 3456 1760 3457 1748 3457 1759 3457 1760 3458 1759 3458 1761 3458 1761 3459 1759 3459 1758 3459 1761 3460 1758 3460 1762 3460 1762 3461 1758 3461 1757 3461 1762 3462 1757 3462 1763 3462 1763 3463 1757 3463 1756 3463 1763 3464 1756 3464 1764 3464 1764 3465 1756 3465 1755 3465 1764 3466 1755 3466 1765 3466 1765 3467 1755 3467 1754 3467 1765 3468 1754 3468 1766 3468 1766 3469 1754 3469 1753 3469 1766 3470 1753 3470 1767 3470 1767 3471 1753 3471 1752 3471 1767 3472 1752 3472 1768 3472 1768 3473 1752 3473 1751 3473 1768 3474 1751 3474 1769 3474 1769 3475 1751 3475 1750 3475 1769 3476 1750 3476 1770 3476 8 3477 7 3477 1708 3477 1749 3478 1771 3478 1750 3478 1750 3479 1771 3479 1772 3479 1750 3480 1772 3480 1770 3480 1770 3481 1772 3481 1773 3481 1770 3482 1773 3482 1774 3482 1708 3483 1760 3483 8 3483 8 3484 1760 3484 1761 3484 8 3485 1761 3485 25 3485 25 3486 1761 3486 1762 3486 25 3487 1762 3487 3 3487 3 3488 1762 3488 1763 3488 3 3489 1763 3489 4 3489 4 3490 1763 3490 1764 3490 4 3491 1764 3491 50 3491 50 3492 1764 3492 1765 3492 50 3493 1765 3493 39 3493 39 3494 1765 3494 1766 3494 39 3495 1766 3495 69 3495 69 3496 1766 3496 1767 3496 69 3497 1767 3497 67 3497 67 3498 1767 3498 1768 3498 67 3499 1768 3499 65 3499 65 3500 1768 3500 1769 3500 65 3501 1769 3501 13 3501 13 3502 1769 3502 1770 3502 13 3503 1770 3503 11 3503 11 3504 1770 3504 1774 3504 11 3505 1774 3505 9 3505 1775 3506 1776 3506 1777 3506 1735 3507 1776 3507 1736 3507 1736 3508 1776 3508 1775 3508 1736 3509 1775 3509 1721 3509 1721 3510 1775 3510 1722 3510 181 3511 1724 3511 1778 3511 1779 3512 1780 3512 1778 3512 181 3513 1778 3513 182 3513 182 3514 1778 3514 1780 3514 182 3515 1780 3515 175 3515 9 3516 1774 3516 1390 3516 1390 3517 1774 3517 1777 3517 1390 3518 1777 3518 1391 3518 1391 3519 1777 3519 1776 3519 1391 3520 1776 3520 1383 3520 1383 3521 1776 3521 1735 3521 1383 3522 1735 3522 78 3522 1774 3523 1773 3523 1777 3523 1777 3524 1773 3524 1779 3524 1777 3525 1779 3525 1775 3525 1775 3526 1779 3526 1778 3526 1775 3527 1778 3527 1722 3527 1722 3528 1778 3528 1724 3528 176 3529 175 3529 1749 3529 1749 3530 175 3530 1780 3530 1749 3531 1780 3531 1771 3531 1771 3532 1780 3532 1779 3532 1771 3533 1779 3533 1772 3533 1772 3534 1779 3534 1773 3534 183 3535 144 3535 184 3535 184 3536 144 3536 177 3536 184 3537 177 3537 186 3537 186 3538 177 3538 172 3538 186 3539 172 3539 203 3539 203 3540 172 3540 169 3540 203 3541 169 3541 214 3541 214 3542 169 3542 167 3542 214 3543 167 3543 218 3543 218 3544 167 3544 158 3544 218 3545 158 3545 189 3545 189 3546 158 3546 159 3546 189 3547 159 3547 190 3547 190 3548 159 3548 147 3548 190 3549 147 3549 192 3549 192 3550 147 3550 149 3550 192 3551 149 3551 195 3551 195 3552 149 3552 151 3552 195 3553 151 3553 200 3553 200 3554 151 3554 150 3554 200 3555 150 3555 207 3555 207 3556 150 3556 143 3556 207 3557 143 3557 183 3557 183 3558 143 3558 144 3558</p>
        </triangles>
      </mesh>
    </geometry>
  </library_geometries>
  <library_visual_scenes>
    <visual_scene id="Scene" name="Scene">
      <node id="Prop_CCW" name="Prop_CCW" type="NODE">
        <matrix sid="transform">1.004379 0 0 0 0 0.9999951 0 0 0 0 0.8161211 0 0 0 0 1</matrix>
        <instance_geometry url="#Prop_CCW-mesh" name="Prop_CCW">
          <bind_material>
            <technique_common>
              <instance_material symbol="Material_001-material" target="#Material_001-material"/>
            </technique_common>
          </bind_material>
        </instance_geometry>
      </node>
    </visual_scene>
  </library_visual_scenes>
  <scene>
    <instance_visual_scene url="#Scene"/>
  </scene>
</COLLADA>