<?xml version="1.0" encoding="utf-8"?>
<COLLADA xmlns="http://www.collada.org/2005/11/COLLADASchema" version="1.4.1" xmlns:xsi="http://www.w3.org/2001/XMLSchema-instance">
  <asset>
    <contributor>
      <author>Blender User</author>
      <authoring_tool>Blender 3.6.23 commit date:2025-06-16, commit time:11:52, hash:e467db79ca8c</authoring_tool>
    </contributor>
    <created>2026-08-14T05:45:41</created>
    <modified>2026-08-14T05:45:41</modified>
    <unit name="meter" meter="1"/>
    <up_axis>Z_UP</up_axis>
  </asset>
  <library_cameras>
    <camera id="Camera-camera" name="Camera">
      <optics>
        <technique_common>
          <perspective>
            <xfov sid="xfov">39.59775</xfov>
            <aspect_ratio>1.777778</aspect_ratio>
            <znear sid="znear">0.1</znear>
            <zfar sid="zfar">100</zfar>
          </perspective>
        </technique_common>
      </optics>
      <extra>
        <technique profile="blender">
          <shiftx sid="shiftx" type="float">0</shiftx>
          <shifty sid="shifty" type="float">0</shifty>
          <dof_distance sid="dof_distance" type="float">10</dof_distance>
        </technique>
      </extra>
    </camera>
  </library_cameras>
  <library_lights>
    <light id="Light-light" name="Light">
      <technique_common>
        <point>
          <color sid="color">1000 1000 1000</color>
          <constant_attenuation>1</constant_attenuation>
          <linear_attenuation>0</linear_attenuation>
          <quadratic_attenuation>0.00111109</quadratic_attenuation>
        </point>
      </technique_common>
      <extra>
        <technique profile="blender">
          <type sid="type" type="int">0</type>
          <flag sid="flag" type="int">0</flag>
          <mode sid="mode" type="int">1</mode>
          <gamma sid="blender_gamma" type="float">1</gamma>
          <red sid="red" type="float">1</red>
          <green sid="green" type="float">1</green>
          <blue sid="blue" type="float">1</blue>
          <shadow_r sid="blender_shadow_r" type="float">0</shadow_r>
          <shadow_g sid="blender_shadow_g" type="float">0</shadow_g>
          <shadow_b sid="blender_shadow_b" type="float">0</shadow_b>
          <energy sid="blender_energy" type="float">1000</energy>
          <dist sid="blender_dist" type="float">29.99998</dist>
          <spotsize sid="spotsize" type="float">75</spotsize>
          <spotblend sid="spotblend" type="float">0.15</spotblend>
          <att1 sid="att1" type="float">0</att1>
          <att2 sid="att2" type="float">1</att2>
          <falloff_type sid="falloff_type" type="int">2</falloff_type>
          <clipsta sid="clipsta" type="float">0.04999995</clipsta>
          <clipend sid="clipend" type="float">30.002</clipend>
          <bias sid="bias" type="float">1</bias>
          <bufsize sid="bufsize" type="int">2880</bufsize>
          <samp sid="samp" type="int">3</samp>
          <buffers sid="buffers" type="int">1</buffers>
          <radius sid="radius" type="float">0.1</radius>
          <area_shape sid="area_shape" type="int">1</area_shape>
          <area_size sid="area_size" type="float">0.1</area_size>
          <area_sizey sid="area_sizey" type="float">0.1</area_sizey>
          <area_sizez sid="area_sizez" type="float">1</area_sizez>
        </technique>
      </extra>
    </light>
  </library_lights>
  <library_effects>
    <effect id="Material_001-effect">
      <profile_COMMON>
        <technique sid="common">
          <lambert>
            <emission>
              <color sid="emission">0 0 0 1</color>
            </emission>
            <diffuse>
              <color sid="diffuse">0.0648032 0.06480321 0.06480327 1</color>
            </diffuse>
            <index_of_refraction>
              <float sid="ior">1.45</float>
            </index_of_refraction>
          </lambert>
        </technique>
      </profile_COMMON>
    </effect>
  </library_effects>
  <library_images/>
  <library_materials>
    <material id="Material_001-material" name="Material.001">
      <instance_effect url="#Material_001-effect"/>
    </material>
  </library_materials>
  <library_geometries>
    <geometry id="My_Prop_CW-mesh" name="My_Prop_CW">
      <mesh>
        <source id="My_Prop_CW-mesh-positions">
          <float_array id="My_Prop_CW-mesh-positions-array" count="5436">0.005861401 0.005416274 -0.00942558 0.005944073 0.005333065 -0.009459137 0.004360854 0.006556332 -0.009552299 0.003195643 0.007360577 -0.00680077 0.003234267 0.007331311 -0.006969034 0.002534508 0.007376313 -0.009613275 0.00319308 0.007368683 -0.00671184 0.006015241 0.005905628 -0.001479566 0.005879342 0.005854547 -0.003772199 0.004409968 0.007163763 -0.001575469 0.005641877 0.006061851 -0.003931164 0.002550065 0.00800395 -0.001637935 0.004679501 0.006736695 -0.004773437 0.004457354 0.006860554 -0.005005657 0.003296732 0.007348716 -0.006420493 0.003259718 0.007359683 -0.006478488 0.003200411 0.007371008 -0.0066455 0.003197014 0.007370591 -0.006667554 0.00323379 0.007366299 -0.006531715 0.003213703 0.007370054 -0.006588041 0.003209173 0.00737065 -0.006604731 0.003206908 0.007370829 -0.006613731 0.003204703 0.007370948 -0.006623446 0.003431439 0.007218837 -0.007317721 0.004496276 0.006557822 -0.008489668 0.004921853 0.006243228 -0.008851468 0.008111655 0.002446055 -0.001211404 0.007800638 0.003155589 -0.002791404 0.007273375 0.004302263 -0.001355826 0.006996095 0.00457412 -0.003303349 0.006753265 0.004903793 -0.0033831 0.008394718 -0.001396894 -9.09512e-4 0.00849682 -2.68581e-5 -0.001414537 0.008475184 5.40792e-4 -0.001062154 0.008461415 6.43913e-4 -0.001692533 0.008097231 0.002385854 -0.002460896 -0.006511509 0.004981517 -0.006517827 -0.005677342 0.005922913 -0.005479991 -0.005217075 0.005998015 -0.009489715 -0.005558848 0.00604099 -0.005301952 -0.00531131 0.00628215 -0.004845619 -0.005271375 0.006324172 -0.004713118 -0.005250453 0.00635159 -0.00457102 -0.005201518 0.006625711 -0.001514375 -0.005245804 0.006384313 -0.004194319 -0.005303919 0.006346166 -0.004092752 -0.006205201 0.005620062 -0.002689063 -0.006476104 0.005343675 -0.002326488 -0.006402134 0.005498707 -0.001423358 -0.007220685 0.004387378 -0.001454472 -0.007361829 0.004161775 -0.001316249 -0.008506536 -0.001133561 -0.00892204 -0.008462607 3.41816e-4 -0.007634639 -0.0083642 8.9697e-4 -0.009082138 -0.008258283 0.00148791 -0.007478833 -0.007740199 0.002834975 -0.009235858 -0.007742762 0.002966821 -0.007390379 -0.006670594 0.004568696 -0.00937438 -0.007434844 0.003584444 -0.007274329 -0.006760001 0.00465244 -0.00676769 -0.007438421 -0.004836976 -0.008632659 -0.007685482 -0.004350304 -0.008538663 -0.008186459 -0.003046572 -0.008772075 -0.008295059 -0.002575755 -0.008176147 -0.008471369 -0.001495301 -0.007958233 5.42967e-4 0.00837779 -0.001663446 5.27424e-4 0.007750093 -0.009638786 -0.001495599 0.008263647 -0.001650512 -0.001511156 0.00763601 -0.009625852 -0.003448009 0.007668197 -0.001599848 -0.003463506 0.0070405 -0.009575188 -0.00589621 -0.006822288 -0.008439481 -0.005979061 -0.006745338 -0.008485317 -0.004395842 -0.007968544 -0.008392095 -0.004474639 -0.007557809 -0.003853499 -0.003319323 -0.00826168 -0.005179047 -0.002553939 -0.008160889 -3.55837e-4 -0.006019175 -0.006062567 -5.14225e-4 -0.005892097 -0.006370782 -0.002787113 -0.004413843 -0.007320702 -4.18339e-4 -0.005655229 -0.006600439 -0.00291258 -0.004695892 -0.007399082 -0.003642678 -0.003226459 -0.008316636 -0.005384087 -0.003219306 -0.008323311 -0.005430936 -0.003240287 -0.008306741 -0.005330741 -0.003234922 -0.008310377 -0.005348622 -0.003232836 -0.008311867 -0.00535649 -0.003230929 -0.008313238 -0.005363941 -0.00322932 -0.00831443 -0.005370914 -0.003216326 -0.008328318 -0.005478918 -0.003232181 -0.008333802 -0.00562936 -0.002569496 -0.008788585 -0.00833112 -0.003322839 -0.008315205 -0.005870878 -0.003457605 -0.008273661 -0.006084978 -0.004527151 -0.007803797 -0.007341802 -0.004954159 -0.007549524 -0.007746696 -0.00811553 -0.002602994 -7.82416e-4 -0.007810473 -0.003551006 -0.002233147 -0.00727725 -0.004459142 -6.37964e-4 -0.00700742 -0.00503242 -0.002520024 -0.006764829 -0.005370557 -0.002548158 -0.008398592 0.001240015 -0.001084268 -0.008502244 -1.92171e-4 -0.001368403 -0.008479058 -6.9771e-4 -9.31658e-4 -0.008467733 -8.98184e-4 -0.001538217 -0.008105993 -0.002738952 -0.002026021 0.006487727 -0.005941808 -0.005683481 0.005657851 -0.006708979 -0.004507958 0.005182087 -0.007410287 -0.00845474 0.005540132 -0.00679773 -0.00431317 0.005294442 -0.006964445 -0.003823757 0.005254983 -0.006985187 -0.003686189 0.005234658 -0.006990075 -0.003541409 0.005197644 -0.00678265 -4.79416e-4 0.00523144 -0.006963491 -0.003164231 0.005289912 -0.006909906 -0.003070116 0.006196439 -0.005973398 -0.001800775 0.006468653 -0.005643784 -0.001486957 0.00639826 -0.005655646 -5.70452e-4 0.007216334 -0.004563093 -7.78206e-4 0.007357895 -0.004318714 -6.77541e-4 0.008471608 -2.78688e-4 -0.009022414 0.008433103 -0.001534461 -0.0075199 0.008329212 -0.002309203 -0.008862316 0.008229732 -0.002642035 -0.007185935 0.007705211 -0.004247248 -0.008708596 0.007714927 -0.004088759 -0.006865203 0.006635606 -0.005980968 -0.008570015 0.007407724 -0.004680514 -0.006652772 0.006735146 -0.005655884 -0.005982697 0.007403433 0.003424704 -0.009311795 0.007651031 0.002958655 -0.009143769 0.008151471 0.001634299 -0.00917232 0.008262515 0.001262485 -0.00851047 0.008440017 2.29402e-4 -0.008126914 -5.46853e-4 -0.008534729 -3.30328e-4 -5.62396e-4 -0.009162366 -0.008305609 0.001491725 -0.008420586 -3.43282e-4 0.001476168 -0.009048283 -0.008318603 0.003444075 -0.007825136 -3.93953e-4 0.003428578 -0.008452773 -0.008369266 0.002251803 0.007131576 -5.65657e-4 4.80803e-4 0.007461369 -5.88165e-4 0.001232922 0.002726256 -2.16968e-4 -2.99666e-4 0.002975821 -2.3362e-4 0.007192671 -0.002179622 1.57523e-4 0.007267713 -0.00188446 1.3415e-4 0.002734899 -0.001229584 9.14412e-5 0.007408797 -0.001163363 7.712e-5 0.002984941 2.98288e-4 -2.92934e-5 0.001317918 -0.007360696 5.76735e-4 0.003040611 -0.006835281 5.32025e-4 2.99666e-4 -0.002975821 2.3362e-4 0.001751959 -0.002427995 1.87674e-4 -4.80803e-4 -0.007461369 5.88165e-4 -0.001232922 -0.002726256 2.16967e-4 -0.002251803 -0.007131576 5.65657e-4 -0.001317918 0.007360696 -5.76735e-4 -0.003040611 0.006835281 -5.32025e-4 -0.001751959 0.002427995 -1.87674e-4 0.004587888 -0.005915462 4.56616e-4 0.005647242 -0.004921019 3.76291e-4 0.006493985 -0.003741383 2.818e-4 -0.007192671 0.002179622 -1.57523e-4 -0.007267713 0.00188446 -1.3415e-4 -0.002734899 0.001229584 -9.14414e-5 -0.007408797 0.001163363 -7.71202e-5 -0.002984941 -2.98288e-4 2.92932e-5 -0.004587888 0.005915462 -4.56617e-4 -0.005647242 0.004921019 -3.76291e-4 -0.006493985 0.003741383 -2.81801e-4 0.003892838 0.006390213 -5.10509e-4 0.002435207 0.001746237 -1.42179e-4 0.005309283 0.005280077 -4.25903e-4 0.007479846 5.46398e-4 -5.75803e-5 0.007159054 0.002227485 -1.89264e-4 0.00641936 0.003865301 -3.16722e-4 -0.003892838 -0.006390213 5.10509e-4 -0.002435207 -0.001746237 1.42179e-4 -0.005309283 -0.005280077 4.25903e-4 -0.007479846 -5.46398e-4 5.758e-5 -0.007159054 -0.002227485 1.89264e-4 -0.00641936 -0.003865301 3.16721e-4 -0.006436049 -0.004656732 -0.009651899 -0.006567299 -0.004429459 -0.009669482 -0.002454638 -0.002530813 -0.009826958 -0.007227301 -0.002849698 -0.009792566 -0.003004372 -0.001082837 -0.009939849 -0.0052796 -0.00611329 -0.009539484 -0.001252353 -0.003510832 -0.009752154 -0.003882646 -0.007192611 -0.00945729 0.007345318 -0.002199053 -0.009872138 0.002715468 -0.00201416 -0.009877681 0.002965509 -4.86303e-4 -0.00999844 -3.19095e-4 0.002191245 -0.01020276 -0.00177139 0.001643359 -0.01015681 -0.003060042 0.006050705 -0.01050114 -0.007509768 -0.001161694 -0.009924829 -0.007384181 6.29911e-4 -0.01006609 -0.00275433 4.45004e-4 -0.01006054 0.006375133 0.003124535 -0.01028925 0.006528437 0.002860307 -0.01026874 0.002415776 9.61653e-4 -0.01011133 0.007188439 0.001280486 -0.01014572 0.007470905 -4.07434e-4 -0.0100134 0.005240738 0.004544138 -0.01039874 0.00121349 0.00194168 -0.01018607 0.003843784 0.005623459 -0.01048099 -0.006833612 0.002339899 -0.01020175 -0.005889832 0.003869652 -0.010324 -0.004607319 0.005130827 -0.01042574 2.80237e-4 -0.003760397 -0.009735524 -5.00232e-4 -0.008246004 -0.009380936 -0.002271234 -0.007916152 -0.009403467 0.001732528 -0.003212571 -0.009781479 0.00302118 -0.007619857 -0.009437084 0.001298487 -0.008145272 -0.00939238 0.00679475 -0.003909111 -0.009736478 0.00585097 -0.005438864 -0.009614288 0.004568457 -0.006700038 -0.009512484 -0.001337349 0.00657612 -0.01054584 4.61374e-4 0.006676793 -0.01055729 0.002232372 0.00634694 -0.01053476 -0.1233927 -0.01103788 -0.00309354 -0.126406 -0.01269489 -0.003663063 -0.1263756 -0.01299786 -0.003661632 -0.02892875 0.006165146 -5.15391e-4 -0.03553211 0.007113158 -5.38855e-4 -0.03524887 0.006944298 -3.88357e-4 -0.01179844 0.00315088 -0.001974523 -0.01184213 0.003570258 -0.002085804 -0.01563739 0.002843499 -0.001729965 -0.01579391 0.004382491 -0.001933276 -0.01577162 0.004166841 -0.001862883 -0.01386362 0.00439006 -0.002221345 -0.01002579 0.004726171 -0.002719581 -0.008131861 0.005155324 -0.003046691 -0.008192598 0.00568968 -0.003791511 -0.01846432 -0.007908165 -0.006752073 -0.0185433 -0.007056295 -0.006090223 -0.02227932 -0.008029162 -0.006472408 -0.01887798 -0.003485918 -0.003701448 -0.08122372 -0.003755271 -0.001904666 -0.09663808 -0.006138682 -0.00229597 -0.09617203 -0.01084673 -0.002752006 -0.119663 -0.01009809 -0.002890467 -0.1120007 -0.008739173 -0.002693235 -0.1121714 -0.007043421 -0.002817392 -0.1240343 -0.009505391 -0.00355488 -0.1251345 -0.0106486 -0.003613352 -0.1235837 -0.009167253 -0.003477632 -0.1107233 -0.01796191 -0.004270613 -0.1113372 -0.01547139 -0.003631412 -0.1191394 -0.01541024 -0.003578245 -0.08125782 -0.01979172 -0.005520105 -0.07888936 -0.01985913 -0.005650043 -0.0801022 -0.0151996 -0.004154801 -0.0665912 -0.01995217 -0.006413578 -0.06292819 -0.01988506 -0.006672799 -0.06448948 -0.01459634 -0.00467956 -0.03323042 -0.01399689 -0.007949531 -0.03349745 -0.01116704 -0.006338596 -0.04115593 -0.01261883 -0.005940556 -0.007145345 0.005222558 -0.003010332 -0.006846249 0.005485534 -0.003311872 -0.006977438 0.005922555 -0.004086613 -0.005939841 0.006122112 -0.004338979 -0.008060276 0.004510819 -0.002437174 -0.007984578 0.004362106 -0.002323865 -0.009181797 0.002596676 -0.001942813 -0.008677482 0.003478765 -0.001983523 -0.01175159 0.002692878 -0.001911938 -0.008234798 0.004064798 -0.00217241 -0.009214818 0.002463877 -0.001959264 -0.01165258 0.001692891 -0.002012133 -0.009318053 0.001981496 -0.002022027 -0.009471535 -8.91176e-6 -0.002346396 -0.009412288 -7.72687e-4 -0.00250411 -0.01127207 -0.002206206 -0.003006994 -0.008937835 -0.002778351 -0.00295782 -0.01109129 -0.00405699 -0.003667652 -0.008567631 -0.003679633 -0.003150761 -0.01091319 -0.005863785 -0.004405438 -0.007588446 -0.005345284 -0.003410696 -0.007295966 -0.005739271 -0.0034343 -0.01082688 -0.006755828 -0.004867255 -0.007260262 -0.005785048 -0.003435671 -0.00488466 -0.007565438 -0.004315137 -0.005115151 -0.007415771 -0.004140555 -0.01075792 -0.007548928 -0.005592882 -0.006113052 -0.006713271 -0.003599524 -0.006359755 -0.006529033 -0.003525912 -0.0161733 -0.009578287 -0.008309125 -0.01566195 -0.009483575 -0.008226454 -0.01459896 -0.007985174 -0.006640195 -0.01109784 -0.008842468 -0.007312059 -0.02577084 -0.01144587 -0.008111774 -0.02299976 -0.01166462 -0.00899434 -0.02210235 -0.009944558 -0.007947802 -0.02026778 -0.01054555 -0.008767187 -0.0183888 -0.008739292 -0.007457494 -0.01980978 -0.01041096 -0.008731663 -0.03191864 -0.01553553 -0.009096801 -0.0273053 -0.01369071 -0.009188175 -0.04890698 -0.01352447 -0.005461752 -0.04294902 -0.0184133 -0.008364915 -0.04064559 -0.01798224 -0.00855571 -0.03734594 -0.01720941 -0.008800566 -0.06201279 -0.0198605 -0.006740093 -0.05161345 -0.01934248 -0.00758028 -0.04906219 -0.01914095 -0.007808923 -0.1181686 -0.01730871 -0.00404638 -0.1211034 -0.01531887 -0.003573954 -0.1205827 -0.01699733 -0.003974854 -0.121903 -0.01665586 -0.003927767 -0.123001 -0.01500672 -0.003589808 -0.123596 -0.01580083 -0.00384885 -0.1244117 -0.01517403 -0.003802239 -0.1247314 -0.01432436 -0.003639757 -0.1258344 -0.01376122 -0.003712594 -0.1231938 -0.01303762 -0.003209412 -0.1263617 -0.01313894 -0.003681063 -0.06638908 0.004677951 -0.001980781 -0.06657546 0.004740476 -0.00217539 -0.08178311 0.001775026 -0.002590656 -0.08185267 0.001831769 -0.002761363 -0.09709656 -0.001634418 -0.00315392 -0.09718328 -0.001655459 -0.003155708 -0.1123255 -0.005549609 -0.003296077 -0.111365 -0.005261242 -0.003385663 -0.1199206 -0.007591545 -0.003392815 -0.121089 -0.007928967 -0.003485143 -0.1218054 -0.00821495 -0.003422319 -0.1218241 -0.008198499 -0.003495335 -0.1235957 -0.00915569 -0.003537774 -0.1264201 -0.01255643 -0.00370115 -0.1264203 -0.01255506 -0.00370264 -0.1251385 -0.01065355 -0.003613591 -0.126421 -0.01254904 -0.003714621 -0.1235792 -0.009208798 -0.003431558 -0.1235677 -0.009317159 -0.00336939 -0.1217999 -0.00826621 -0.003366768 -0.1217865 -0.008398473 -0.003291249 -0.1199142 -0.007647991 -0.003332018 -0.1250976 -0.01089394 -0.003454327 -0.1250538 -0.0111922 -0.003387391 -0.1235433 -0.009552478 -0.003285348 -0.1234933 -0.01004129 -0.003181636 -0.1198659 -0.008108556 -0.003138124 -0.09687495 -0.003778874 -0.002408027 -0.08151555 -8.38626e-4 -0.001941621 -0.06608158 0.001657307 -0.001408636 -0.1116638 -0.01213437 -0.002938866 -0.1193961 -0.01277554 -0.003057479 -0.1122564 -0.006210029 -0.002980649 -0.1197985 -0.008763432 -0.003002345 -0.1264173 -0.01258373 -0.003686606 -0.1264186 -0.01257115 -0.003691315 -0.03404849 -0.005361199 -0.003373026 -0.04177403 -0.006157398 -0.003126084 -0.04954612 -0.006877958 -0.00291264 -0.01009315 0.005339801 -0.003335356 -0.01199644 0.005025029 -0.002891182 -0.0119602 0.004689693 -0.002598285 -0.01232111 0.004976391 -0.002817153 -0.01390343 0.004765868 -0.002465665 -0.01192235 0.004332065 -0.002398073 -0.01572716 0.003730654 -0.001784205 -0.01945245 0.002488493 -0.00136578 -0.01554387 0.001909315 -0.00178796 -0.008037447 0.004300951 -0.002289474 -0.02206283 0.004760742 -0.001023948 -0.02741318 0.005739986 -4.66554e-4 -0.02349978 0.00474894 -7.31691e-4 -0.0273965 0.005578279 -4.11976e-4 -0.0234695 0.004448115 -7.11705e-4 -0.0273621 0.005236506 -3.84307e-4 -0.02340984 0.003846585 -7.59501e-4 -0.02729409 0.004551887 -4.2818e-4 -0.02716135 0.003200292 -6.67119e-4 -0.01580256 0.004583835 -0.002068161 -0.01963156 0.004289805 -0.001254439 -0.01960545 0.004031836 -0.001220941 -0.01955384 0.003514647 -0.001229763 -0.02329373 0.002661705 -9.89466e-4 -0.02307027 3.55161e-4 -0.001703202 -0.02690482 5.58093e-4 -0.001428663 -0.04242819 5.87185e-4 -0.001109719 -0.0346384 7.60264e-4 -0.001153588 -0.03494852 0.003932893 -4.45727e-4 -0.03510779 0.005545139 -2.57799e-4 -0.03518885 0.006356537 -2.54327e-4 -0.0352295 0.006757616 -3.12307e-4 -0.01544749 9.231e-4 -0.002010941 -0.01925265 4.37247e-4 -0.001920342 -0.02642256 -0.004485547 -0.003645539 -0.02598172 -0.009181082 -0.006541132 -0.00368148 -0.008255779 -0.005487203 -0.04307502 0.007112264 -5.74378e-4 -0.04309552 0.007308125 -6.69797e-4 -0.05089735 0.006819069 -0.001130878 -0.04276919 0.004055261 -5.40111e-4 -0.04294323 0.00580722 -4.36901e-4 -0.05074459 0.005323231 -7.9684e-4 -0.03967118 0.007392287 -6.78576e-4 -0.0433554 0.007441461 -8.55147e-4 -0.04955136 0.007078468 -0.001229941 -0.06092971 0.005637109 -0.001899302 -0.06640011 0.00476998 -0.002167344 -0.05087739 0.006629884 -0.001018524 -0.0663715 0.004514276 -0.001855313 -0.08176845 0.001639902 -0.002470612 -0.09707874 -0.001789391 -0.002912521 -0.1123175 -0.005622267 -0.003219723 -0.1198988 -0.007793128 -0.003249168 -0.1122979 -0.005807876 -0.003117024 -0.0970512 -0.002051293 -0.002777397 -0.08173394 0.001309871 -0.002317547 -0.06633138 0.00412774 -0.001704514 -0.05083358 0.006203651 -8.98894e-4 -0.04303127 0.00668323 -4.84958e-4 -0.09699314 -0.002615213 -0.002603709 -0.08166176 6.05937e-4 -0.002130389 -0.06624841 0.003314018 -0.001536786 -0.0505675 0.00355041 -8.02942e-4 -0.05021882 2.23224e-5 -0.001198053 -0.06575053 -0.001667618 -0.001531243 -0.08065235 -0.009546935 -0.00265783 -0.09572154 -0.01546013 -0.003821611 -0.09591633 -0.01907891 -0.004820227 -0.04987782 -0.003460943 -0.001916646 -0.03433799 -0.002343237 -0.002141714 -0.06510639 -0.008228182 -0.002693295 -0.06631851 0.002044498 -0.003442585 -0.06600493 -0.00117135 -0.004237592 -0.08141368 -0.003429949 -0.004347622 -0.06655889 0.004545331 -0.002475559 -0.06654274 0.004372477 -0.002589643 -0.08189243 0.00148195 -0.003114879 -0.007201373 -0.008034825 -0.006859481 -0.00715053 -0.008494555 -0.006427049 -0.009074687 -0.008631646 -0.006912052 -0.02732551 -0.01364314 -0.009273529 -0.02606832 -0.01133841 -0.008496224 -0.02240914 -0.009833097 -0.00831139 -0.1199429 -0.007602512 -0.003528952 -0.00606817 0.0058133 -0.005093634 -0.01229077 0.004635035 -0.003613114 -0.01231849 0.004928648 -0.003168106 -0.007215678 0.004601895 -0.006139993 -0.007963716 0.003674268 -0.006459712 -0.01214343 0.003104448 -0.005087912 -0.009227752 2.99702e-4 -0.006679892 -0.00929737 -0.001738786 -0.006972908 -0.011684 -0.00174123 -0.006557464 -0.004030823 -0.008281767 -0.005617678 -0.006611108 -0.00707072 -0.007499933 -0.005618333 -0.007642865 -0.006990671 -0.007267475 -0.007415831 -0.007329702 -0.005167305 -0.007858514 -0.00667113 -0.007998108 -0.005905866 -0.00767827 -0.00797379 -0.005932986 -0.007683157 -0.01120668 -0.006696343 -0.007613599 -0.007579922 -0.006333291 -0.00770992 -0.007351815 -0.006584227 -0.007679998 -0.006724834 -0.006996095 -0.007540345 -0.009133875 -0.002945184 -0.007176101 -0.008507072 -0.004908621 -0.007514595 -0.01130235 -0.005709588 -0.007452905 -0.008328378 0.003161728 -0.006501078 -0.008500158 0.002901732 -0.006491005 -0.01205378 0.002154231 -0.00550121 -0.008960425 0.001580178 -0.00654447 -0.01232337 0.004983842 -0.003043889 -0.005694925 0.006134927 -0.004615902 -0.00594455 0.005926191 -0.004945695 -0.01232409 0.004999935 -0.002909123 -0.005656778 0.006166815 -0.004506587 -0.005784571 0.006152987 -0.004359841 -0.005657732 0.006175994 -0.004407525 -0.005654513 0.006181776 -0.004341542 -0.02771902 0.005947172 -6.86747e-4 -0.02383059 0.005114674 -9.36326e-4 -0.02003335 0.004591882 -0.001471757 -0.01608151 0.004607319 -0.002145051 -0.04335248 0.007396519 -0.001015782 -0.03553128 0.007089436 -6.92812e-4 -0.05112808 0.006861865 -0.001490235 -0.06657087 0.004680275 -0.002320647 -0.08191788 0.001759052 -0.002888381 -0.09717929 -0.001705467 -0.003255248 -0.11237 -0.005565106 -0.003469169 -0.1218174 -0.008280038 -0.003598153 -0.1220478 -0.008374094 -0.003600239 -0.1222763 -0.008473813 -0.003602564 -0.1223046 -0.008486688 -0.003602862 -0.1261243 -0.01205682 -0.003699123 -0.1262746 -0.01230341 -0.003709852 -0.1263618 -0.01245129 -0.00371617 -0.1263641 -0.01245522 -0.003716349 -0.125829 -0.01375091 -0.003809809 -0.1263644 -0.01312172 -0.003778457 -0.12474 -0.01429754 -0.00389117 -0.1232182 -0.01297336 -0.004041135 -0.1211299 -0.01526808 -0.00405693 -0.1219019 -0.01664155 -0.004026234 -0.1230192 -0.01496416 -0.003987312 -0.1235921 -0.0157873 -0.003947019 -0.1244066 -0.01516121 -0.00390011 -0.1113958 -0.01539415 -0.00430268 -0.11817 -0.01729339 -0.004144847 -0.1191724 -0.01535421 -0.004109799 -0.1205831 -0.01698267 -0.004073321 -0.0799781 -0.0179041 -0.005450308 -0.08126229 -0.01976835 -0.005617022 -0.09559822 -0.01767963 -0.0048092 -0.09591913 -0.01905864 -0.00491786 -0.1107251 -0.01794487 -0.004368782 -0.06202071 -0.01983189 -0.00683546 -0.06293588 -0.01985675 -0.006768286 -0.06438106 -0.01762151 -0.00627464 -0.06659811 -0.01992499 -0.006509423 -0.07889413 -0.01983517 -0.005746841 -0.051624 -0.01931017 -0.007674157 -0.04883575 -0.01665186 -0.007338643 -0.04907357 -0.01910752 -0.007902324 -0.04111695 -0.01565301 -0.007922649 -0.04296296 -0.01837712 -0.008456945 -0.03351134 -0.01387709 -0.008360862 -0.03193747 -0.0154922 -0.009184718 -0.03331017 -0.0159648 -0.009126842 -0.03736239 -0.01716995 -0.008890807 -0.01981914 -0.01035469 -0.008813321 -0.02027863 -0.01048982 -0.008849084 -0.02301836 -0.01161241 -0.00907731 -0.01480984 -0.009283065 -0.008159101 -0.01565867 -0.009427607 -0.008306801 -0.01494586 -0.007900655 -0.00778979 -0.01617145 -0.009521722 -0.008389532 -0.01871532 -0.008613049 -0.008039712 -0.01112252 -0.007551014 -0.007555484 -0.01108425 -0.008805036 -0.007389366 -0.009197592 -0.007465898 -0.007441997 -0.1194381 -0.01268571 -0.004170119 -0.06536066 -0.0077219 -0.005288481 -0.06470656 -0.01432865 -0.005912661 -0.08084321 -0.009202897 -0.005002081 -0.0802657 -0.0150085 -0.005270898 -0.09630173 -0.01062726 -0.004684031 -0.09583216 -0.01533192 -0.004742801 -0.1117345 -0.01200807 -0.00434482 -0.08169227 -5.8568e-4 -0.003776609 -0.09676653 -0.005939066 -0.004307627 -0.09699416 -0.003623127 -0.003918409 -0.1120705 -0.008628308 -0.004155993 -0.1122353 -0.006955385 -0.00391525 -0.08190697 0.001636803 -0.003020405 -0.09715813 -0.001934111 -0.003433108 -0.09717017 -0.001806855 -0.003359973 -0.1123544 -0.005732595 -0.003593206 -0.1123632 -0.005639791 -0.003542661 -0.1199305 -0.007735073 -0.00362581 -0.1199375 -0.007661759 -0.003586351 -0.1198355 -0.008700549 -0.003870546 -0.123514 -0.009998798 -0.003830969 -0.1235617 -0.009512901 -0.003729343 -0.1225025 -0.00857973 -0.003605127 -0.1223897 -0.008525967 -0.003603816 -0.1227206 -0.008754372 -0.003640949 -0.1218113 -0.008346915 -0.003633916 -0.1222193 -0.008448302 -0.003601968 -0.1221623 -0.008423209 -0.003601372 -0.122333 -0.008499681 -0.003603219 -0.1251075 -0.01086992 -0.003733098 -0.124388 -0.009940505 -0.003666043 -0.1235846 -0.009277343 -0.00365138 -0.1227262 -0.008692383 -0.003607928 -0.1235898 -0.009222507 -0.003622114 -0.1243932 -0.009895563 -0.003641664 -0.1263845 -0.01249039 -0.003717839 -0.1263664 -0.01245909 -0.003716528 -0.1258117 -0.0115748 -0.003678023 -0.1263573 -0.01244348 -0.003715872 -0.1263481 -0.01242786 -0.003715157 -0.1264193 -0.01256793 -0.003730714 -0.1264207 -0.01255303 -0.003720521 -0.1250644 -0.01116639 -0.003796637 -0.1264159 -0.01260262 -0.003741323 -0.1234165 -0.01098436 -0.00395888 -0.1263935 -0.01282984 -0.003772914 -0.1264086 -0.01267749 -0.003755807 -0.1197042 -0.01002031 -0.004047632 -0.01929563 -0.002559363 -0.005691587 -0.01967054 0.001386344 -0.003868818 -0.04986542 -0.006170392 -0.005527675 -0.0505402 7.39943e-4 -0.003925561 -0.04212379 -0.005350232 -0.005609631 -0.04278218 0.001426517 -0.003694653 -0.03442573 -0.004460453 -0.005652904 -0.0350216 0.001712799 -0.003509759 -0.02682226 -0.003512322 -0.005637228 -0.02731108 0.001594722 -0.00344634 -0.02348554 0.001406013 -0.003520786 -0.01975989 0.002335309 -0.003330707 -0.01612937 0.004524052 -0.002342402 -0.01992619 0.004109978 -0.002056956 -0.01996093 0.004491627 -0.001666426 -0.03162026 0.00661534 -6.3291e-4 -0.02771747 0.005924165 -7.68192e-4 -0.02383053 0.005106568 -0.001010835 -0.01996892 0.004587471 -0.001485466 -0.01613599 0.004603326 -0.002160429 -0.01232475 0.005001306 -0.002978146 -0.005666017 0.00615406 -0.004570066 -0.0238198 0.004980206 -0.001200616 -0.02377814 0.004523694 -0.001605212 -0.02770322 0.005761265 -9.70887e-4 -0.03550821 0.006828606 -9.98112e-4 -0.03161275 0.006523728 -7.96649e-4 -0.0316177 0.006581127 -7.19972e-4 -0.02771353 0.005877137 -8.41875e-4 -0.02382785 0.005072772 -0.00107938 -0.01996719 0.004564404 -0.001549959 -0.01613461 0.004585146 -0.002224266 -0.05086708 0.00411576 -0.002853095 -0.04310005 0.00472635 -0.002479374 -0.03530752 0.004702329 -0.002201378 -0.02754324 0.004045724 -0.002143263 -0.02368468 0.003519117 -0.002297699 -0.01984584 0.003249228 -0.002728104 -0.01222324 0.003935277 -0.004412412 -0.006949245 0.004906713 -0.005951762 -0.03552782 0.007045984 -7.83254e-4 -0.03552198 0.00698024 -8.61872e-4 -0.03944021 0.007297456 -9.21489e-4 -0.03943377 0.007225155 -0.001000106 -0.04334801 0.00734204 -0.001110911 -0.0433411 0.007265329 -0.001189708 -0.05111604 0.006724536 -0.001661479 -0.05109947 0.006545901 -0.001792371 -0.04332518 0.007092654 -0.001325786 -0.02765321 0.005218625 -0.001402974 -0.03544449 0.006147384 -0.001446306 -0.04325324 0.006329894 -0.001761674 -0.05102503 0.005760729 -0.002200484 -0.06647068 0.003617703 -0.002928853 -0.08182793 8.09847e-4 -0.003385543 -0.0971052 -0.002484321 -0.003636479 -0.1123159 -0.00613141 -0.003731191 -0.1198997 -0.008050203 -0.003731548 -0.01116269 -0.007144987 -0.007601857 -0.007306635 -0.007033526 -0.007534742 -0.01890659 -0.006617188 -0.007265508 -0.02631813 -0.008742451 -0.00751841 -0.03381466 -0.01075035 -0.007428944 -0.04145115 -0.01222991 -0.007119715 -0.04917764 -0.01316785 -0.006701409 -0.1263558 -0.01320457 -0.003744184 -0.1263567 -0.0131967 -0.003754436 -0.1258564 -0.0137766 -0.003786921 -0.003844916 -0.00827068 -0.005561828 -0.003759503 -0.008265256 -0.005534768 -0.01108419 -0.008836269 -0.007374942 -0.003697335 -0.008261024 -0.005513846 -0.003677845 -0.008259534 -0.005506753 -0.01108634 -0.008846461 -0.007360875 -0.003646612 -0.008256971 -0.005493938 -0.003638505 -0.008256077 -0.005489587 -0.01108962 -0.00885111 -0.007344365 -0.003636777 -0.00825566 -0.005487263 -0.003634929 -0.008255481 -0.005486309 -0.01109361 -0.00884974 -0.007327377 -0.003636598 -0.008255004 -0.005483984 -0.003870427 -0.00827223 -0.005569636 -0.01108348 -0.008821904 -0.007384836 -0.1263585 -0.01317971 -0.00376594 -0.1263603 -0.01316207 -0.003772616 -0.1258448 -0.01376539 -0.003802716 -0.1263554 -0.01320749 -0.003725528 -0.1258589 -0.01378124 -0.003743231 -0.1263556 -0.01320397 -0.00371617 -0.1263558 -0.01320165 -0.003712534 -0.126358 -0.01317811 -0.003693461 -0.04294723 -0.01843249 -0.008380889 -0.04906183 -0.0191608 -0.007824122 -0.05161327 -0.01936256 -0.007595241 -0.06201326 -0.01988112 -0.006754219 -0.06292867 -0.01990574 -0.006686866 -0.06659191 -0.01997298 -0.006427347 -0.07889062 -0.01988029 -0.005663096 -0.08125919 -0.019813 -0.005533039 -0.09591823 -0.01910036 -0.004832506 -0.1107255 -0.01798343 -0.004282295 -0.118171 -0.01733022 -0.004057824 -0.1205871 -0.01701849 -0.003986179 -0.1219104 -0.016676 -0.003939092 -0.1236082 -0.0158177 -0.003860414 -0.1244252 -0.01518911 -0.003813922 -0.1258492 -0.01377373 -0.003724217 -0.1263566 -0.01319259 -0.003702938 -0.1244211 -0.01517856 -0.00389415 -0.1236049 -0.01580649 -0.003941476 -0.1219095 -0.01666402 -0.004021227 -0.1205874 -0.01700621 -0.004068613 -0.1181721 -0.01731741 -0.004140436 -0.110727 -0.01796913 -0.004364967 -0.09592062 -0.01908326 -0.004915058 -0.081263 -0.01979315 -0.005615115 -0.07889467 -0.01986002 -0.005745053 -0.06659775 -0.01994997 -0.006508588 -0.06293523 -0.01988172 -0.006767809 -0.06201994 -0.01985687 -0.006835043 -0.05162227 -0.01933509 -0.007674932 -0.04907155 -0.01913243 -0.007903397 -0.04295903 -0.0184018 -0.008459031 -0.03735631 -0.01719403 -0.008894085 -0.03192937 -0.01551532 -0.009189248 -0.02731591 -0.01366537 -0.009279191 -0.02300721 -0.01163357 -0.009083747 -0.02027124 -0.01051229 -0.00885564 -0.01981222 -0.01037728 -0.008819878 -0.01616656 -0.009543776 -0.008393704 -0.01565408 -0.009449481 -0.008310317 -0.01565128 -0.009470939 -0.008303761 -0.0161634 -0.009565651 -0.008387446 -0.01980614 -0.01040035 -0.008814454 -0.02026462 -0.01053529 -0.008850216 -0.0229969 -0.01165533 -0.009077966 -0.02730649 -0.01368737 -0.009272515 -0.03192114 -0.01553755 -0.00918132 -0.03734987 -0.01721638 -0.008884906 -0.0429545 -0.01842415 -0.008448839 -0.04906857 -0.01915466 -0.00789231 -0.0516197 -0.0193572 -0.007663488 -0.06201839 -0.0198785 -0.006822645 -0.06293374 -0.01990336 -0.006755292 -0.06659662 -0.01997137 -0.006495833 -0.07889443 -0.01988095 -0.005731582 -0.08126288 -0.01981401 -0.005601465 -0.09592127 -0.01910352 -0.004900693 -0.1107281 -0.01798862 -0.004349946 -0.1181735 -0.01733648 -0.004125118 -0.1205905 -0.01702481 -0.004053175 -0.1219151 -0.01668184 -0.00400573 -0.1236145 -0.01582169 -0.003925859 -0.1244319 -0.01519227 -0.003878533 -0.0156508 -0.009487628 -0.008288502 -0.01616251 -0.009582698 -0.008372068 -0.01980233 -0.01041841 -0.00879836 -0.02026033 -0.0105533 -0.008834064 -0.02298992 -0.01167231 -0.009061396 -0.02729952 -0.01370376 -0.009255111 -0.03191483 -0.01555323 -0.009163022 -0.03734457 -0.01723146 -0.008865714 -0.04295033 -0.01843869 -0.008428871 -0.04906553 -0.01916867 -0.007871806 -0.05161684 -0.01937097 -0.007642805 -0.06201642 -0.01989144 -0.006801366 -0.06293189 -0.01991617 -0.006733953 -0.06659501 -0.01998394 -0.006474375 -0.07889354 -0.01989275 -0.005709648 -0.08126211 -0.01982569 -0.005579531 -0.09592103 -0.01911443 -0.004878401 -0.1107283 -0.01799863 -0.004327476 -0.1181737 -0.01734602 -0.004102528 -0.1205915 -0.01703411 -0.004030644 -0.1219172 -0.01669073 -0.003983259 -0.1236186 -0.01582944 -0.003903806 -0.1244366 -0.01519936 -0.003856718 -0.1258614 -0.01378226 -0.003765642 -0.1263554 -0.01320755 -0.003735601 -0.01565277 -0.009496092 -0.008267641 -0.01616424 -0.009591341 -0.008350908 -0.01980167 -0.01042717 -0.008775532 -0.02025938 -0.01056194 -0.008811116 -0.02298796 -0.01168036 -0.00903809 -0.02729672 -0.01371037 -0.009231328 -0.03191202 -0.01555854 -0.009138762 -0.03734189 -0.01723551 -0.008841156 -0.0429477 -0.01844173 -0.008404195 -0.04906302 -0.01917088 -0.007847011 -0.05161452 -0.01937288 -0.00761801 -0.06201457 -0.01989239 -0.006776452 -0.06293004 -0.01991707 -0.006709098 -0.06659328 -0.01998454 -0.00644946 -0.07889211 -0.01989251 -0.005684792 -0.08126074 -0.01982533 -0.005554616 -0.0959199 -0.01911324 -0.004853665 -0.1107273 -0.01799678 -0.004302918 -0.1181728 -0.01734375 -0.004078149 -0.1205903 -0.01703178 -0.004006385 -0.1219155 -0.01668858 -0.003959178 -0.1236163 -0.01582801 -0.003880202 -0.1244342 -0.01519817 -0.003833532 -0.01565676 -0.009494662 -0.008245468 -0.01616805 -0.009589791 -0.008328318 -0.01980435 -0.01042443 -0.008751332 -0.02026212 -0.01055914 -0.008786857 -0.02299153 -0.01167762 -0.009013772 -0.0272988 -0.01370567 -0.00920701 -0.03191339 -0.0155521 -0.009114682 -0.03734236 -0.01722747 -0.008817493 0.1233764 0.01038038 -0.005260109 0.126387 0.01192706 -0.006093502 0.1263566 0.01222652 -0.006139338 0.02892839 -0.006178677 3.43339e-4 0.03553193 -0.007120728 4.42883e-4 0.03524923 -0.006930291 5.66207e-4 0.0117917 -0.003424525 -0.00150299 0.01183503 -0.003856182 -0.001547455 0.01563143 -0.003083944 -0.001324415 0.0157876 -0.00463581 -0.001285076 0.01576554 -0.004411756 -0.001249134 0.01385623 -0.004687726 -0.001560926 0.01001662 -0.005096495 -0.001985549 0.008121609 -0.005570948 -0.00223416 0.008179605 -0.006215274 -0.002886474 0.01843565 0.006748914 -0.007977545 0.01851743 0.006011068 -0.007190883 0.0222516 0.006910979 -0.007735013 0.01886242 0.002858221 -0.004274308 0.0812146 0.003386318 -0.002783358 0.09662657 0.005674481 -0.003602325 0.09615737 0.01025336 -0.004787504 0.1196478 0.009485065 -0.004898071 0.1119868 0.008176088 -0.00446099 0.1121575 0.006481766 -0.004319071 0.1240167 0.008794426 -0.00547856 0.1251163 0.0099141 -0.005719423 0.1235665 0.008472681 -0.005347609 0.1250882 0.01372605 -0.006470501 0.1245936 0.01418197 -0.006572127 0.124712 0.01354062 -0.006318926 0.03319513 0.01257085 -0.01016992 0.0334692 0.01002776 -0.008137226 0.04112875 0.01152163 -0.00800085 0.007135272 -0.005631387 -0.002183914 0.006835043 -0.005938231 -0.002439439 0.006963372 -0.006491065 -0.003136754 0.00592488 -0.006727337 -0.003350853 0.00805217 -0.004839003 -0.001732707 0.00797683 -0.004674375 -0.001643776 0.009174942 -0.002871394 -0.00154823 0.008669912 -0.003750145 -0.001448512 0.01174491 -0.00296241 -0.001512646 0.008227527 -0.004357099 -0.001541674 0.009207904 -0.002742826 -0.001585364 0.01164519 -0.001990377 -0.001767635 0.009310781 -0.002276241 -0.001723229 0.009462356 -3.6115e-4 -0.002355575 0.009402275 3.6857e-4 -0.002630591 0.01125967 0.001705229 -0.003358721 0.008925497 0.002278745 -0.003390669 0.01107573 0.003429949 -0.004300057 0.00855422 0.00313878 -0.00372076 0.01089423 0.005099117 -0.005310714 0.007573544 0.004743576 -0.004234254 0.007280826 0.005129158 -0.004318118 0.01080584 0.005907893 -0.005906105 0.007245123 0.00517416 -0.004326462 0.004865586 0.006795823 -0.005464434 0.005096793 0.006675183 -0.005269467 0.01073384 0.006577789 -0.00674659 0.006097018 0.006065666 -0.004629075 0.006344079 0.005895137 -0.004528522 0.01976317 0.008908271 -0.01032829 0.0161218 0.008152961 -0.00976473 0.01457071 0.006843626 -0.007864058 0.01559418 0.008070111 -0.009662806 0.01102846 0.007583737 -0.008638918 0.01835715 0.007459461 -0.008803963 0.0202136 0.009033143 -0.01038521 0.02206838 0.008572101 -0.009491205 0.02293986 0.01009678 -0.0107938 0.02573573 0.01002818 -0.009902238 0.0325368 0.01414299 -0.01155108 0.02718603 0.01204293 -0.01131659 0.03787696 0.01575994 -0.01151484 0.04331636 0.01693475 -0.0112856 0.04888129 0.01248866 -0.007699608 0.048204 0.01758426 -0.01095652 0.05799454 0.01835352 -0.01026755 0.06446641 0.01366496 -0.00715512 0.06408524 0.01861709 -0.009869098 0.08131021 0.01865792 -0.008858621 0.06875312 0.01872301 -0.009579062 0.06501859 0.01864463 -0.00981009 0.09863853 0.01789784 -0.007987499 0.08370196 0.0185945 -0.008730411 0.08008086 0.01433807 -0.006791651 0.1229259 0.01535475 -0.006844639 0.122187 0.01568973 -0.006928443 0.1229816 0.01422286 -0.00636965 0.1210839 0.01453429 -0.006395459 0.1261677 0.01257622 -0.006224036 0.1231765 0.0123375 -0.00568664 0.1263425 0.01236283 -0.006180644 0.06638234 -0.004950463 -0.001481711 0.06656795 -0.005042731 -0.001664936 0.08177298 -0.002183437 -0.002597928 0.08184194 -0.002266168 -0.002757847 0.09708315 0.001091301 -0.003746926 0.09716981 0.001111805 -0.003752291 0.1123102 0.00493139 -0.004558801 0.1113495 0.00463289 -0.004598438 0.1199042 0.006930768 -0.005003154 0.1210722 0.007249236 -0.005151689 0.1217887 0.007541298 -0.005137145 0.1218072 0.007513642 -0.005206704 0.1235783 0.008451819 -0.005405247 0.126401 0.01178431 -0.006109535 0.1264012 0.0117827 -0.006110787 0.1251204 0.009918987 -0.005720436 0.1264019 0.01177489 -0.006121695 0.1235621 0.00852096 -0.005308568 0.1235508 0.008637666 -0.005264103 0.1217834 0.007600605 -0.005090236 0.1217703 0.00774306 -0.005036294 0.1198981 0.006996035 -0.004951894 0.12508 0.0101813 -0.005600571 0.1250362 0.01048636 -0.005580902 0.1235267 0.008883237 -0.00521779 0.123477 0.009382307 -0.005191683 0.1198503 0.007481276 -0.004832267 0.09686374 0.003326058 -0.003344774 0.0815072 4.99704e-4 -0.002364695 0.06607615 -0.001877427 -0.001388013 0.1116479 0.01149117 -0.005233466 0.1193794 0.01210355 -0.005480885 0.1122421 0.005633056 -0.004350244 0.1197833 0.008149325 -0.004800319 0.1263982 0.01181358 -0.006099462 0.1263996 0.01179879 -0.006102621 0.11912 0.01462447 -0.006406366 0.1113176 0.01467889 -0.006438255 0.03403353 0.004757165 -0.004302084 0.04175972 0.005579829 -0.004212617 0.04953235 0.006322562 -0.004144608 0.01008182 -0.005798935 -0.00249803 0.01198673 -0.005419135 -0.002115905 0.0119515 -0.005042076 -0.001878976 0.01231157 -0.00535959 -0.002051711 0.01389527 -0.00509715 -0.001743614 0.01191431 -0.004657506 -0.001737058 0.01572126 -0.003968596 -0.001239538 0.01944774 -0.00267744 -0.001035034 0.01553744 -0.002170264 -0.001527488 0.008029818 -0.004608631 -0.001619637 0.02206015 -0.004869043 -3.52064e-4 0.02741295 -0.005750656 3.3093e-4 0.02349817 -0.004812121 -7.08085e-5 0.02739638 -0.005582392 3.59605e-4 0.02346795 -0.004511833 -9.80163e-5 0.02736198 -0.005240499 3.33606e-4 0.02340793 -0.003925144 -2.39092e-4 0.02729362 -0.004571139 1.83436e-4 0.02715957 -0.003273546 -2.63476e-4 0.01579582 -0.004855751 -0.001386821 0.01962786 -0.004439175 -6.43995e-4 0.01960182 -0.004179179 -6.51156e-4 0.01955002 -0.003669738 -7.40569e-4 0.02329051 -0.002790808 -6.51126e-4 0.0230636 -6.24268e-4 -0.001716017 0.02689921 -7.82922e-4 -0.001428008 0.04242378 -7.66497e-4 -0.001168549 0.03463393 -9.41928e-4 -0.001154601 0.03494775 -0.003964841 3.96229e-5 0.0351082 -0.005527913 4.76827e-4 0.0351895 -0.006328761 6.06872e-4 0.0352301 -0.006734013 6.12198e-4 0.01543986 -0.001231014 -0.001901566 0.0192452 -7.38142e-4 -0.001902818 0.02640688 0.00385195 -0.004404723 0.02595341 0.008036851 -0.007997453 0.003657698 0.007294654 -0.00672537 0.0430746 -0.007127642 3.78435e-4 0.04309481 -0.00733608 3.14758e-4 0.05089467 -0.006927549 -2.47376e-4 0.042768 -0.004102885 -6.47529e-5 0.042943 -0.005817174 3.10576e-4 0.05074274 -0.005397796 -1.5086e-4 0.03967052 -0.007419466 3.3251e-4 0.04335403 -0.007496833 1.51543e-4 0.04954838 -0.00719887 -2.99435e-4 0.06092363 -0.005883395 -0.00123012 0.06639266 -0.005070567 -0.001651704 0.05087506 -0.006723105 -1.65933e-4 0.06636518 -0.004769146 -0.001383423 0.08175873 -0.002031147 -0.002500414 0.09706616 0.001282155 -0.003532648 0.1123024 0.005015134 -0.004494726 0.119883 0.007152318 -0.004892766 0.1122832 0.005214512 -0.004422187 0.0970391 0.001561999 -0.003440022 0.08172476 -0.001681208 -0.002400755 0.06632554 -0.004363775 -0.001294732 0.05083161 -0.006283402 -1.14273e-4 0.04303109 -0.006689965 3.99813e-4 0.09698158 0.002146124 -0.003356516 0.08165311 -9.56646e-4 -0.002325713 0.06624299 -0.00353384 -0.001256048 0.05056512 -0.003647685 -4.33535e-4 0.05021381 -2.24782e-4 -0.001374363 0.06574362 0.001387476 -0.002027928 0.08063858 0.008989036 -0.004431009 0.09570127 0.01464277 -0.006563842 0.04986894 0.003103256 -0.00262767 0.03432869 0.00196886 -0.002614915 0.06509292 0.00768572 -0.004199504 0.1203336 0.01616877 -0.00706464 0.1184431 0.01639932 -0.007150352 0.1135544 0.01680624 -0.007339894 0.06630527 -0.002578079 -0.003337204 0.06598764 4.73938e-4 -0.004624307 0.08139514 0.002682805 -0.005145967 0.06655019 -0.004896938 -0.001991808 0.06653356 -0.004744052 -0.002131462 0.08188021 -0.001975953 -0.003161907 0.007172286 0.006860613 -0.008059799 0.007122993 0.007382392 -0.007704436 0.009045183 0.007441341 -0.008212327 0.02720594 0.0119825 -0.01139348 0.02603173 0.009861767 -0.0102663 0.02237379 0.008405029 -0.009834051 0.058003 0.01830917 -0.01035654 0.06409233 0.01857459 -0.009959161 0.0643509 0.01640331 -0.009203374 0.119926 0.006920278 -0.00513941 0.006050169 -0.006540358 -0.004144966 0.01227807 -0.00514698 -0.002891123 0.01230764 -0.005367279 -0.002405762 0.007193207 -0.005507946 -0.005372405 0.007939755 -0.004642009 -0.005836188 0.01212459 -0.003865838 -0.004586637 0.009201884 -0.001343786 -0.006586492 0.009269773 6.23749e-4 -0.007195055 0.01165801 6.90411e-4 -0.006794333 0.004006505 0.007299721 -0.00685966 0.006579875 0.005808413 -0.008539259 0.005588889 0.006453514 -0.008121907 0.007236778 0.006175696 -0.008427679 0.005138993 0.006716609 -0.007838308 0.007966518 0.004629552 -0.008538544 0.00794214 0.004655599 -0.008547484 0.01117509 0.005419433 -0.008610725 0.007548093 0.005046904 -0.008635044 0.007319986 0.005299508 -0.008643865 0.006693422 0.005728363 -0.008567929 0.009105145 0.001783549 -0.007583796 0.008476436 0.003670036 -0.008222877 0.01127165 0.004469931 -0.008298099 0.008304059 -0.004142343 -0.005958616 0.00847584 -0.003884017 -0.005990028 0.01203304 -0.002991974 -0.005143165 0.008935511 -0.002587199 -0.006251335 0.012313 -0.005402386 -0.002274453 0.005678892 -0.006783187 -0.003621339 0.005927145 -0.006628751 -0.003980755 0.01231426 -0.00539726 -0.002138853 0.005641162 -0.006797611 -0.003508329 0.005769491 -0.006761014 -0.003365993 0.005642533 -0.006791174 -0.003408968 0.005639493 -0.006786525 -0.003342926 0.02771794 -0.005989849 1.44679e-4 0.02382838 -0.005205452 -2.16989e-4 0.02002894 -0.004771709 -8.12955e-4 0.01607447 -0.004891037 -0.001460194 0.04335051 -0.007477581 -1.41772e-5 0.03553044 -0.007121324 2.87111e-4 0.05112403 -0.007026076 -5.96526e-4 0.06656277 -0.005005955 -0.001817762 0.08190661 -0.002214193 -0.002894937 0.0971654 0.001145601 -0.003858387 0.112354 0.004919648 -0.00473231 0.1218 0.007578074 -0.005321025 0.1220303 0.007670581 -0.005338728 0.1222588 0.00776863 -0.005357444 0.1222872 0.007781267 -0.005359888 0.1261054 0.01129126 -0.006028294 0.1262555 0.01153308 -0.006078004 0.1263427 0.01167815 -0.006107747 0.1263449 0.01168197 -0.006108522 0.1263448 0.01233059 -0.006274163 0.1231977 0.0121439 -0.006498157 0.1261625 0.01255232 -0.006318688 0.1247196 0.01347476 -0.006563067 0.1250822 0.01369899 -0.006564974 0.1211086 0.01440852 -0.006864666 0.1221851 0.01566028 -0.007023394 0.1229983 0.01411867 -0.00675565 0.1229228 0.01532566 -0.006939589 0.124588 0.01415419 -0.00666666 0.1113736 0.01449757 -0.007089376 0.118444 0.01636886 -0.007245182 0.1191509 0.01448595 -0.006922721 0.1203337 0.01613879 -0.00715959 0.09580838 0.01437199 -0.007454037 0.09864073 0.01786309 -0.008081018 0.1135556 0.01677471 -0.007434427 0.09557348 0.01668047 -0.007885992 0.07995092 0.01680666 -0.008493781 0.08370578 0.01855677 -0.008822739 0.06502544 0.01860231 -0.009900271 0.06875926 0.0186817 -0.00966978 0.08131432 0.01861965 -0.008950769 0.04880189 0.01528394 -0.01004236 0.04108119 0.01420837 -0.01043295 0.04821532 0.01753634 -0.01104336 0.04332977 0.01688486 -0.01137101 0.03347444 0.01238811 -0.01055854 0.03255492 0.01408684 -0.0116316 0.0332697 0.01433032 -0.01164084 0.03789281 0.01570719 -0.01159816 0.01977217 0.008839964 -0.01040017 0.02022409 0.008965253 -0.01045745 0.02295815 0.01003223 -0.01086759 0.01477533 0.007887899 -0.009568154 0.01559048 0.00800234 -0.009733438 0.0149132 0.006580233 -0.008987665 0.01611959 0.008084535 -0.009835302 0.0186814 0.007243633 -0.009360551 0.01109087 0.006272733 -0.00868678 0.01101452 0.00753498 -0.008709311 0.009166419 0.006206989 -0.008553862 0.1194171 0.01184076 -0.006565868 0.0653373 0.006779611 -0.006684482 0.06467878 0.01320761 -0.008331954 0.08082044 0.008282423 -0.006693243 0.08024007 0.01397466 -0.007864773 0.09627962 0.009734332 -0.006661891 0.1117131 0.01114648 -0.006602644 0.0816769 -3.72285e-5 -0.004138171 0.09674727 0.005162596 -0.00555849 0.09697711 0.002935945 -0.004812657 0.1120508 0.007837772 -0.00588876 0.1122172 0.006223082 -0.005389869 0.08189517 -0.002114117 -0.003044486 0.09714353 0.001343607 -0.004069805 0.09715586 0.001229345 -0.003977656 0.1123379 0.005065619 -0.004880964 0.1123469 0.004981875 -0.004816532 0.1199132 0.007036089 -0.005255758 0.1199204 0.006969869 -0.005205392 0.1198169 0.007951378 -0.005648195 0.1234952 0.009238719 -0.005826413 0.1235435 0.008774757 -0.005650162 0.1224849 0.00787276 -0.005377411 0.1223722 0.00781989 -0.005367279 0.1227029 0.008039593 -0.00544095 0.1217938 0.007638573 -0.005366742 0.1222019 0.007743537 -0.005352675 0.1221448 0.007718861 -0.005347967 0.1223155 0.007794082 -0.005362331 0.1250888 0.01011395 -0.00587213 0.1243699 0.009206712 -0.005657732 0.1235667 0.00855422 -0.005536437 0.1227086 0.007983565 -0.00539869 0.1235721 0.008504688 -0.005499005 0.1243751 0.009166121 -0.005626738 0.1263654 0.01171648 -0.006115555 0.1263472 0.01168578 -0.006109297 0.1257929 0.01081818 -0.005930423 0.1263381 0.01167047 -0.006106138 0.126329 0.01165515 -0.006103038 0.1264001 0.01179105 -0.00614053 0.1264015 0.01177793 -0.006128132 0.1250454 0.01039683 -0.005981147 0.1263967 0.01182365 -0.006156444 0.1233968 0.01019215 -0.006106495 0.1263741 0.01204311 -0.006223082 0.1263892 0.01189529 -0.006182432 0.1196845 0.009227216 -0.006029009 0.01927268 0.001631617 -0.006096541 0.01965582 -0.001980483 -0.003680527 0.04984176 0.005214512 -0.006618022 0.05052489 -0.001360297 -0.003957211 0.04210013 0.004393994 -0.006540656 0.042768 -0.001999974 -0.003591716 0.03440225 0.003510713 -0.006414413 0.03500831 -0.002251446 -0.003334224 0.02679914 0.002579092 -0.006221175 0.02729803 -0.002122581 -0.003260195 0.02347213 -0.001946628 -0.003348469 0.01974755 -0.002833604 -0.003000915 0.0161215 -0.004839658 -0.001668274 0.01991933 -0.004387259 -0.001465857 0.01995569 -0.004703104 -0.00102061 0.0316196 -0.00664258 2.87266e-4 0.0277161 -0.005979835 6.06434e-5 0.02382797 -0.005209147 -2.91871e-4 0.01996439 -0.004769444 -8.26891e-4 0.01612889 -0.004889488 -0.001476168 0.01231461 -0.005409419 -0.002206861 0.005650162 -0.006794929 -0.003573 0.02381646 -0.005113959 -4.99042e-4 0.02377313 -0.00472635 -9.69919e-4 0.02770096 -0.005850672 -1.6498e-4 0.03550612 -0.006911456 -5.51417e-5 0.03161138 -0.00657767 1.11244e-4 0.03161668 -0.006622374 1.95935e-4 0.0277118 -0.005944907 -1.94744e-5 0.02382504 -0.005186438 -3.64873e-4 0.01996243 -0.004756808 -8.94212e-4 0.01612728 -0.00488156 -0.001542091 0.05085688 -0.004526972 -0.002371132 0.04309153 -0.005069136 -0.001876473 0.03530013 -0.004999577 -0.001575469 0.02753597 -0.004339635 -0.001590609 0.02367663 -0.003842473 -0.00181061 0.01983612 -0.003642082 -0.002263128 0.01220726 -0.004580795 -0.003789782 0.006927609 -0.005779445 -0.005137801 0.03552663 -0.007092595 1.91002e-4 0.03552055 -0.007039964 1.03094e-4 0.0394386 -0.007363796 7.86571e-5 0.03943181 -0.007304668 -1.03234e-5 0.04334557 -0.0074386 -1.16646e-4 0.04333835 -0.00737524 -2.06421e-4 0.05111128 -0.006917238 -7.87127e-4 0.05109417 -0.006761252 -9.44293e-4 0.0433219 -0.00722593 -3.67777e-4 0.02764916 -0.005382239 -6.7645e-4 0.0354405 -0.006308734 -6.04152e-4 0.04324799 -0.006540715 -9.17326e-4 0.05101788 -0.006049573 -0.00146985 0.06645989 -0.004051625 -0.002584338 0.0818144 -0.001354396 -0.003534138 0.09708958 0.001855254 -0.004356443 0.1122987 0.00543797 -0.005079448 0.1198819 0.007330775 -0.005409419 0.01113098 0.005864441 -0.008669137 0.007275283 0.005765974 -0.008570492 0.01887631 0.005393385 -0.008284449 0.02628612 0.00745064 -0.008895337 0.03378236 0.009445548 -0.009150147 0.0414195 0.01095288 -0.009105741 0.0491473 0.01194244 -0.00886923 0.1263408 0.01237136 -0.00627464 0.126339 0.01238983 -0.006270766 0.1263372 0.01240837 -0.006262063 0.1263373 0.01241236 -0.006210565 0.1263387 0.01239955 -0.006199002 0.1263359 0.01242351 -0.006235241 0.1263362 0.01242154 -0.006225466 0.126336 0.01242208 -0.006245195 0.1263363 0.01241773 -0.006253182 0.1261901 0.01258033 -0.006299376 0.003865778 0.007298171 -0.006816208 0.00372231 0.007296323 -0.006769716 0.01101458 0.007567942 -0.008699834 0.003651559 0.00729525 -0.006744325 0.01101678 0.007580101 -0.008687555 0.003643274 0.007295131 -0.006741046 0.00361979 0.007294714 -0.006730556 0.01102012 0.007587254 -0.008671998 0.003619313 0.007294416 -0.006721258 0.003633439 0.007294476 -0.006722152 0.01102417 0.007588505 -0.00865513 0.003613471 0.007294535 -0.006726682 0.003616392 0.007294595 -0.00672394 0.003611743 0.007294476 -0.006725132 0.0110138 0.007552266 -0.008707404 0.1261785 0.01256728 -0.006313502 0.1261925 0.012591 -0.006256997 0.1250976 0.01371568 -0.00656116 0.1246027 0.01417183 -0.006663382 0.1229338 0.01534688 -0.006937623 0.1221936 0.01568287 -0.007021903 0.1203377 0.01616287 -0.007158696 0.1184464 0.01639324 -0.007244586 0.1135576 0.01679921 -0.007434189 0.09864228 0.01788783 -0.008081853 0.08370661 0.01858156 -0.008824586 0.08131498 0.01864445 -0.008952736 0.06875908 0.0187065 -0.009672701 0.06502497 0.0186271 -0.00990349 0.06409174 0.01859933 -0.009962499 0.05800187 0.01833379 -0.01036047 0.04821312 0.01756078 -0.01104843 0.04332607 0.01690888 -0.01137685 0.03788697 0.01573055 -0.01160502 0.03254705 0.01410919 -0.01163953 0.02719634 0.0120036 -0.01140254 0.02294701 0.01005214 -0.01087719 0.0202167 0.008986413 -0.01046741 0.01976525 0.008861243 -0.01041013 0.01611471 0.008105635 -0.009842813 0.01558595 0.008023381 -0.009740293 0.01558321 0.008045554 -0.009737133 0.01611155 0.008128225 -0.009840011 0.01975917 0.008884847 -0.01040834 0.02021008 0.009010016 -0.01046562 0.0229367 0.01007449 -0.01087486 0.02718687 0.01202636 -0.01139938 0.03253906 0.01413244 -0.011635 0.03788071 0.0157541 -0.01159936 0.04332166 0.0169326 -0.01137018 0.04821008 0.01758444 -0.01104104 0.05800002 0.01835721 -0.01035195 0.06409043 0.01862257 -0.009953439 0.06502372 0.01865029 -0.00989443 0.06875818 0.01872962 -0.009663283 0.08131498 0.01866716 -0.008942484 0.08370673 0.01860421 -0.008814215 0.09864312 0.01791 -0.008070707 0.113559 0.01682066 -0.007422327 0.1184478 0.01641446 -0.007232427 0.1203404 0.01618379 -0.007146418 0.1221999 0.01570254 -0.007009327 0.1229419 0.01536548 -0.006924808 0.1246138 0.01418745 -0.00665009 0.125109 0.0137304 -0.006547749 0.01558279 0.008064389 -0.009724676 0.01611077 0.008147418 -0.009827554 0.01975542 0.008905231 -0.01039528 0.02020585 0.009030342 -0.0104525 0.02292978 0.01009386 -0.01086109 0.02718001 0.01204526 -0.01138478 0.03253298 0.01415073 -0.01161921 0.03787565 0.01577192 -0.01158255 0.04331773 0.01695007 -0.01135265 0.04820698 0.01760154 -0.01102304 0.05799788 0.01837354 -0.01033318 0.06408876 0.01863849 -0.009934306 0.06502211 0.0186662 -0.009875178 0.06875675 0.0187453 -0.009643912 0.08131426 0.01868212 -0.008922636 0.08370608 0.01861906 -0.008794248 0.09864306 0.01792407 -0.008050322 0.1135593 0.0168339 -0.007401585 0.1184483 0.01642739 -0.007211625 0.1203414 0.01619648 -0.007125616 0.1222025 0.01571464 -0.006988525 0.1229454 0.0153771 -0.006904125 0.1246187 0.01419764 -0.006629765 0.1251141 0.01374012 -0.006527483 0.1261951 0.01258879 -0.00627923 0.01558482 0.008076012 -0.009705424 0.01611256 0.008159279 -0.009807944 0.01975488 0.008917391 -0.01037412 0.02020508 0.009042441 -0.01043117 0.02292793 0.01010549 -0.0108394 0.02717733 0.01205557 -0.01136225 0.0325303 0.01415961 -0.01159602 0.03787302 0.01577967 -0.01155894 0.04331517 0.01695686 -0.01132869 0.0482046 0.01760768 -0.0109989 0.05799591 0.01837873 -0.0103088 0.06408703 0.01864314 -0.009909808 0.06502044 0.01867079 -0.00985074 0.0687552 0.01874959 -0.009619355 0.08131301 0.01868563 -0.008898019 0.08370488 0.01862245 -0.008769631 0.09864205 0.01792669 -0.008025705 0.1135584 0.01683574 -0.007377088 0.1184474 0.01642894 -0.007187187 0.1203403 0.01619803 -0.007101237 0.1222008 0.01571643 -0.006964504 0.1229434 0.01537913 -0.006880283 0.1246164 0.01420021 -0.006606757 0.1251118 0.01374274 -0.006504774 0.003611147 0.007294416 -0.006722927 0.01558893 0.008078098 -0.00968331 0.01611649 0.008161306 -0.009785473 0.01975768 0.008918523 -0.01034981 0.02020788 0.009043455 -0.01040679 0.02293157 0.01010656 -0.0108149 0.02717947 0.01205474 -0.01133751 0.03253167 0.01415681 -0.01157122 0.0378735 0.01577526 -0.01153433 0.04331469 0.01695132 -0.01130431 0.04820346 0.01760143 -0.0109747 0.05799472 0.01837146 -0.01028496 0.06408578 0.01863539 -0.009886145 0.06501919 0.01866292 -0.009827017 0.06875389 0.01874148 -0.009595811 0.08131152 0.01867687 -0.008874773 0.08370339 0.01861351 -0.008746445 0.09864044 0.01791715 -0.008002877 0.1135566 0.01682567 -0.007354736 0.1184456 0.01641881 -0.007165014 0.1203375 0.01618796 -0.007079184 0.1221952 0.01570737 -0.006942749 0.1229364 0.01537102 -0.006858825 0.1246074 0.01419454 -0.006586015 0.1251025 0.01373773 -0.006484329 0.1261827 0.01258647 -0.006237328 -0.003591477 -0.008223891 -0.00596112 -0.003735125 -0.008208453 -0.005839049 -0.003883302 -0.008228003 -0.005723178 -0.00357747 -0.008246183 -0.00571227 -0.003460288 -0.008267939 -0.00557208 -0.003427505 -0.008268952 -0.005488455 -0.003424942 -0.008266925 -0.005462706 -0.003426611 -0.008263707 -0.005438148 -0.003427922 -0.008262574 -0.005431354 -0.003428757 -0.008261919 -0.005427718 -0.00342971 -0.008261203 -0.005423963 -0.003430902 -0.008260369 -0.005419969 -0.003434121 -0.008258402 -0.005410909 -0.003404617 -0.008239805 -0.005260527 -0.003494262 -0.00823152 -0.005339801 -0.003587007 -0.008236885 -0.005415737 -0.00456357 -0.007527232 -0.003978967 -0.007323503 0.00429064 -0.001727521 -0.007880687 0.003269672 -0.001335918 -0.008390069 0.00170958 -0.001410186 -0.008238792 0.002040088 -0.001053273 -0.008286535 0.002147555 -0.00134778 -0.008149683 0.002376198 -0.001044094 -0.007814466 0.003293633 -0.001113891 -0.006653547 0.005450546 -0.00318396 -0.005549013 0.00621289 -0.004305899 -0.005554735 0.006210982 -0.00430864 -0.006476223 0.005462169 -0.00303179 -0.005418539 0.006266176 -0.0042001 -0.005389213 0.006286144 -0.004249989 -0.005436956 0.006260752 -0.004267454 -0.005337595 0.006317436 -0.004230558 -0.005251646 0.006379544 -0.004196703 -0.006938457 0.005177259 -0.002875804 -0.007724404 0.004277348 -0.002183735 -0.006592929 0.005239784 -0.002522766 -0.006323993 0.005519688 -0.002863764 -0.008350253 0.003359198 -0.001872718 -0.006750345 0.0051831 -0.002709805 -0.007496893 0.004252731 -0.001978516 -0.008072316 0.003286242 -0.001646816 -0.008498728 0.002244174 -0.0016824 -0.005542933 0.006215155 -0.004304647 -0.008826315 0.002355813 -0.001898229 -0.008929908 0.00189352 -0.001956939 -0.009099423 -2.18603e-5 -0.002263128 -0.009053468 -7.60676e-4 -0.00241214 -0.008630275 -0.002710342 -0.002841293 -0.008288979 -0.003588318 -0.003024339 -0.007369756 -0.005209267 -0.003271639 -0.007091701 -0.005589842 -0.003294289 -0.006206214 -0.006435036 -0.003383338 -0.005968749 -0.006634294 -0.003461956 -0.004997014 -0.007376194 -0.004031419 -0.004771113 -0.007531106 -0.004212677 -0.004663228 -0.007518231 -0.004099667 -0.004885792 -0.007359981 -0.003909766 -0.005840599 -0.006588041 -0.003296375 -0.00607264 -0.006375551 -0.003206193 -0.006926596 -0.00547266 -0.003087699 -0.007190585 -0.005106508 -0.003064334 -0.00805521 -0.003533422 -0.002813875 -0.008371055 -0.002679526 -0.002629935 -0.008750915 -7.80017e-4 -0.002198815 -0.008785963 -6.10175e-5 -0.002049148 -0.008602797 0.001797676 -0.00174129 -0.004784524 -0.00736773 -0.003778994 -0.005734443 -0.006576597 -0.003110408 -0.005966067 -0.006353735 -0.003003895 -0.006814539 -0.005397439 -0.002831816 -0.007066249 -0.005045831 -0.002806425 -0.007890045 -0.003520548 -0.002540886 -0.008189439 -0.002689421 -0.002347528 -0.008546352 -8.28053e-4 -0.001893579 -0.00857675 -1.20683e-4 -0.001735746 -0.00499171 -0.007766485 -0.006807982 -0.005343198 0.006288349 -0.004553198 -0.006002128 -0.006768584 -0.008139789 -0.006105363 -0.006672561 -0.008188664 -0.006004273 -0.00672096 -0.008492708 -0.006867051 -0.005831599 -0.008375048 -0.00681746 -0.005805432 -0.008656561 -0.007209599 -0.005352437 -0.008320331 -0.007181227 -0.005273938 -0.008657574 -0.005547642 0.006195366 -0.004520773 -0.005559563 0.006178975 -0.004602968 -0.005590379 0.006152987 -0.004669129 -0.00583589 0.005931377 -0.005027174 -0.005956709 0.005815505 -0.005181431 -0.006812393 0.004888594 -0.006073057 -0.007067978 0.004574 -0.006270766 -0.007769882 0.00360471 -0.006608426 -0.008101224 0.003070294 -0.006646931 -0.00536096 0.006264567 -0.004674971 -0.0053972 0.006227135 -0.004784822 -0.005641222 0.005989313 -0.005206942 -0.005759298 0.005870878 -0.005376577 -0.00658977 0.004926681 -0.006360948 -0.00683552 0.00459975 -0.006590962 -0.007496654 0.003558278 -0.007029294 -0.007796049 0.002968728 -0.007110416 -0.008316993 0.001475453 -0.007172763 -0.008522868 3.06046e-4 -0.007314324 -0.008524894 -0.001556932 -0.007613003 -0.008340954 -0.00265032 -0.007816076 -0.007718384 -0.004430472 -0.008153796 -0.00729382 -0.005089044 -0.008646786 -0.008686006 0.001523971 -0.00668168 -0.008927106 2.83793e-4 -0.00680983 -0.008965611 -0.001686811 -0.00708729 -0.008791327 -0.002848625 -0.007279217 -0.008163809 -0.004733204 -0.007598578 -0.005084753 -0.007481515 -0.00752741 -0.004662096 -0.007738292 -0.007153332 -0.004819989 -0.007725596 -0.006971895 -0.005246698 -0.00747478 -0.007318913 -0.006168842 -0.006795287 -0.00786519 -0.006272196 -0.00670582 -0.007906258 -0.007031023 -0.005937755 -0.008043944 -0.007371008 -0.005507409 -0.007981121 -0.007886528 -0.004565119 -0.007823288 -0.008514344 -0.002745628 -0.007502794 -0.008696854 -0.00162357 -0.007309973 -0.008683443 2.85987e-4 -0.007029175 -0.008464336 0.00148791 -0.006898164 -0.007918894 0.003004193 -0.006855726 -0.007610738 0.003565192 -0.006802439 -0.00693953 0.004573225 -0.006423115 -0.006691217 0.004895329 -0.006210982 -0.005853056 0.005834817 -0.005276381 -0.005734145 0.005952596 -0.005114793 -0.00549066 0.006183862 -0.004725694 -0.00545746 0.006215989 -0.004638075 -0.005442678 0.006236016 -0.00453639 -0.005428791 -0.007529854 -0.007135748 -0.006379127 -0.006899595 -0.007644236 -0.006486475 -0.006817758 -0.007681965 -0.007280945 -0.006113648 -0.007810711 -0.0076406 -0.005712211 -0.007756352 0.003471076 0.00729376 -0.006575286 0.003381669 0.007314383 -0.006497919 0.004545807 0.006810724 -0.005125105 0.007318079 -0.004510283 -0.001063406 0.007876455 -0.003440797 -8.38522e-4 0.008385062 -0.001911699 -0.001157879 0.008235275 -0.002182304 -7.53079e-4 0.008281946 -0.002334475 -0.001027345 0.008146286 -0.002512753 -6.91103e-4 0.007811129 -0.00342971 -6.15258e-4 0.006642818 -0.005883574 -0.002317845 0.005533337 -0.006812155 -0.003302872 0.005539894 -0.006810188 -0.003305435 0.00646609 -0.005871176 -0.002165079 0.005404174 -0.006847679 -0.003189086 0.00537467 -0.006875216 -0.003235161 0.005422294 -0.006852865 -0.003256559 0.005323112 -0.006903111 -0.003210842 0.00523734 -0.00695914 -0.00316739 0.006928801 -0.005565524 -0.002057373 0.007717192 -0.004568636 -0.001517653 0.006584703 -0.005571901 -0.00169754 0.006314516 -0.005901634 -0.001989543 0.008343935 -0.003613352 -0.001356482 0.006741344 -0.005545258 -0.001891732 0.007490456 -0.00451219 -0.001317918 0.008066833 -0.003505885 -0.001143693 0.008492827 -0.002482354 -0.001343548 0.005528092 -0.006813764 -0.003300786 0.008819639 -0.002626419 -0.001540482 0.008922815 -0.002179026 -0.001671195 0.009090602 -3.35216e-4 -0.002273917 0.009043812 3.71206e-4 -0.002536475 0.008618354 0.002229869 -0.003263711 0.008276104 0.003068506 -0.00358051 0.007355451 0.004631102 -0.004074811 0.007077157 0.005003511 -0.004155576 0.006191134 0.005824625 -0.004372358 0.005953252 0.006009221 -0.004480302 0.004979133 0.006653189 -0.005155026 0.004752457 0.006777942 -0.005357384 0.003563523 0.007287144 -0.006651461 0.004644989 0.006782948 -0.00524336 0.004868388 0.006656289 -0.005031883 0.005825757 0.005989432 -0.004308998 0.006058216 0.005793631 -0.004187583 0.006912946 0.004920125 -0.003932595 0.007177054 0.004562079 -0.003853261 0.008043169 0.003047287 -0.003363192 0.008359968 0.002232551 -0.003049135 0.008742094 4.23767e-4 -0.00232768 0.008777916 -2.62976e-4 -0.002067506 0.008596539 -0.002050578 -0.001471936 0.004767596 0.006684362 -0.004903554 0.005720376 0.006007254 -0.004123151 0.005952417 0.005803763 -0.003983974 0.006801843 0.004885911 -0.003667712 0.007053792 0.004542529 -0.003588557 0.007879078 0.003077328 -0.003090858 0.008179485 0.002286612 -0.002771079 0.008538663 5.19031e-4 -0.002032876 0.008569896 -1.54948e-4 -0.001766443 0.003565907 0.007189035 -0.007188081 0.003858625 0.007230222 -0.006954848 0.003441333 0.007301926 -0.006601631 0.003421902 0.007306814 -0.006627023 0.00340861 0.007309556 -0.006654977 0.003405988 0.007309973 -0.006663501 0.003404796 0.007310092 -0.00666809 0.003403723 0.007310211 -0.006673097 0.003401994 0.007310152 -0.006684541 0.003401279 0.007309854 -0.006696105 0.003402471 0.007308304 -0.006719648 0.003415286 0.007301986 -0.006768107 0.003473222 0.007279217 -0.006862998 0.003709971 0.00719285 -0.007065653 0.004962921 0.006604313 -0.007958412 0.005327403 -0.006924808 -0.003534078 0.005968451 0.005410075 -0.009121596 0.006071567 0.005307555 -0.009155273 0.005969285 0.005307793 -0.009462714 0.006832778 0.004447519 -0.009210765 0.006782174 0.004377603 -0.009484469 0.007175683 0.003982782 -0.009083032 0.007145464 0.00385344 -0.009404003 0.005531966 -0.00682795 -0.003517389 0.005543589 -0.006824672 -0.003601193 0.005574107 -0.006809353 -0.003670692 0.005818188 -0.006646573 -0.00405997 0.005938351 -0.006556272 -0.004230916 0.006790339 -0.005780518 -0.005259871 0.00704503 -0.005500793 -0.005505383 0.007745325 -0.004596471 -0.005993187 0.008076369 -0.004074752 -0.006116151 0.005344688 -0.006920397 -0.003658115 0.005380511 -0.006900608 -0.003772616 0.005622863 -0.006731867 -0.004227757 0.005740225 -0.006641387 -0.00441426 0.006566584 -0.00586307 -0.00553739 0.00681132 -0.005576252 -0.005816698 0.007470428 -0.004616379 -0.006415128 0.007769346 -0.004046857 -0.006588637 0.008289635 -0.002581894 -0.006885826 0.008494555 -0.001449048 -0.00720936 0.008494853 3.44258e-4 -0.00779581 0.008309841 0.001392424 -0.00816673 0.007685363 0.00309807 -0.008776307 0.007234215 0.003711581 -0.009373307 0.008660554 -0.002553105 -0.006394624 0.008900761 -0.001348316 -0.006716132 0.008937597 5.5467e-4 -0.007298588 0.00876218 0.001672148 -0.00766921 0.008132874 0.003483772 -0.008276998 0.005053281 0.006210267 -0.008624732 0.004631996 0.006522595 -0.008293807 0.004790604 0.006538391 -0.008113265 0.005216062 0.006236195 -0.00841844 0.006136238 0.005479395 -0.008855223 0.006239473 0.005384564 -0.008882164 0.006998002 0.00460416 -0.00890094 0.007338345 0.004188835 -0.008772909 0.007854759 0.003282666 -0.008471608 0.008484363 0.001535534 -0.007872819 0.008667945 4.57428e-4 -0.007507622 0.008656203 -0.001384675 -0.006931483 0.00843805 -0.002551257 -0.006613194 0.007893145 -0.004042088 -0.00633198 0.007585465 -0.004587769 -0.006190419 0.006915986 -0.00552386 -0.005655467 0.006668627 -0.005808711 -0.005394577 0.005834341 -0.006590187 -0.004321277 0.005716085 -0.006681144 -0.00414282 0.00547415 -0.006848692 -0.003721356 0.005441308 -0.006866633 -0.003629684 0.005426943 -0.006870567 -0.003526031 0.005398809 0.006319224 -0.008246779 0.006347358 0.005616903 -0.008654117 0.006454586 0.005530118 -0.008679032 0.007248759 0.004814267 -0.008699119 0.007608771 0.004426181 -0.008584022 0.005849123 0.005198657 -0.009949922 0.005889952 0.005248963 -0.009836256 0.007158875 0.003637969 -0.009738981 0.00559169 0.004909873 -0.01029384 0.005737245 0.005069494 -0.01014727 0.006970286 0.003501355 -0.01003998 0.007285475 0.003320395 -0.009804904 0.007146358 0.003226876 -0.01000499 0.006965219 0.003113806 -0.01015514 0.006862699 0.003052234 -0.01020812 0.006695806 0.003321528 -0.01023274 0.007336258 0.003357708 -0.009690225 0.005509316 0.004822015 -0.0103448 0.008021712 0.001558184 -0.009667634 -0.00592637 -0.006721258 -0.008871138 -0.004327774 -0.007893323 -0.008899688 -0.002530276 -0.00870037 -0.008839666 -5.54779e-4 -0.00906831 -0.008814573 0.001451671 -0.008956015 -0.008827328 0.003373265 -0.008369922 -0.008877217 0.005099177 -0.007343828 -0.008961319 0.006529808 -0.005937039 -0.009074807 0.007582545 -0.004230678 -0.009211182 0.008196711 -0.00232315 -0.009362518 0.008336782 -3.24655e-4 -0.009520053 0.00766927 0.001428663 -0.01002389 0.007970511 -3.71779e-4 -0.009882807 0.00783658 -0.002282857 -0.009732127 0.007249295 -0.004106879 -0.009587407 0.006242573 -0.005738615 -0.009457051 0.004874587 -0.007083892 -0.009348511 0.003224134 -0.008065044 -0.009268045 0.001386582 -0.008625507 -0.009220361 -5.32025e-4 -0.008732914 -0.009208202 -0.002421081 -0.008381068 -0.009232223 -0.004139959 -0.007609307 -0.009289562 -0.005886018 -0.006689369 -0.00899142 -0.005774974 -0.00659275 -0.00920701 -0.005630016 -0.006458044 -0.0093773 -0.005547881 -0.006379246 -0.009441673 -0.007184088 -0.004750132 -0.009349286 -0.00732243 -0.004811108 -0.009136438 -0.008058667 -0.003048896 -0.009273707 -0.007372677 -0.004830002 -0.009017169 0.004290878 0.006402611 -0.01004165 0.002493321 0.007209658 -0.01010161 5.17863e-4 0.007577598 -0.01012676 -0.001488566 0.007465302 -0.01011401 -0.00341016 0.00687921 -0.01006412 -0.005136072 0.005853116 -0.009980022 -0.006566703 0.004446327 -0.009866476 -0.00761944 0.002739965 -0.00973016 -0.008233606 8.32473e-4 -0.009578824 -0.008373737 -0.001166045 -0.009421288 -0.006901264 -0.004609465 -0.009578347 -0.007003545 -0.004661917 -0.009515941 -0.007707595 -0.002976834 -0.00964719 -0.008008897 -0.001176357 -0.009788334 -0.007874906 7.34723e-4 -0.009939014 -0.007287621 0.002558708 -0.01008367 -0.006280899 0.004190444 -0.01021409 -0.004912912 0.005535721 -0.01032263 -0.003262519 0.006516873 -0.01040303 -0.001424968 0.007077336 -0.01045078 4.93687e-4 0.007184743 -0.01046293 0.002382755 0.006832897 -0.01043891 0.004101634 0.006061136 -0.01038151 -0.007220983 -0.005074799 -0.009021461 -0.007033407 -0.004988074 -0.00934267 -0.006758391 -0.004841625 -0.009563505 0.00792253 -0.002058207 -1.14659e-4 0.007618904 -0.00197196 7.27715e-5 0.007532119 -0.002278804 1.00302e-4 0.007786691 -0.00122869 5.16959e-6 0.007902443 -0.001251399 -5.12998e-5 0.008106708 -0.001295983 -2.07599e-4 0.008263289 -0.001336932 -4.12433e-4 0.007827758 -0.002375304 -7.75139e-5 0.00804162 -0.002456784 -3.53105e-4 0.008137643 -0.002131581 -4.02887e-4 0.008320212 -0.001355111 -5.28792e-4 0.006825208 -0.003938257 2.20294e-4 0.006926655 -0.004001319 1.67026e-4 0.007292747 -0.004250705 -2.98899e-4 0.007242918 -0.004212617 -1.84118e-4 0.007105708 -0.004117131 1.63793e-5 0.006023466 -0.005259633 2.67816e-4 -0.007786989 0.001216709 -1.56941e-4 -0.007978737 -5.93336e-4 -7.21425e-5 -0.007636547 -0.00238651 6.83205e-5 -0.00684762 -0.004133522 2.04275e-4 -0.005663514 -0.005642592 3.20735e-4 -0.004152655 -0.006826698 4.10981e-4 -0.002402186 -0.007617473 4.69806e-4 -5.13116e-4 -0.007969319 4.93815e-4 0.001405537 -0.007861912 4.81622e-4 0.003243088 -0.007301449 4.33932e-4 0.004893481 -0.006320297 3.53496e-4 0.006298363 -0.005528509 -7.87163e-5 0.005116641 -0.006637752 1.08842e-5 0.003390729 -0.007663786 9.50004e-5 0.001469135 -0.008249878 1.44872e-4 -5.37292e-4 -0.008362174 1.57623e-4 -0.002512753 -0.007994234 1.32515e-4 -0.00434333 -0.007167279 7.09994e-5 -0.00592333 -0.005928993 -2.33759e-5 -0.007161617 -0.0043509 -1.45165e-4 -0.007986664 -0.002523958 -2.87339e-4 -0.008344471 -6.4872e-4 -4.34229e-4 -0.007902979 0.001230359 -2.15823e-4 -0.0081079 0.001250028 -3.76381e-4 -0.008265256 0.001258432 -5.84483e-4 -0.008322656 0.001258194 -7.02032e-4 -0.00710684 0.004071176 -6.00359e-4 -0.006927192 0.003980338 -4.34149e-4 -0.006023943 0.005238592 -5.34939e-4 -0.006825506 0.003926336 -3.72065e-4 0.0079782 5.72313e-4 -1.9498e-4 0.00763607 0.002365529 -3.35443e-4 0.006847083 0.004112482 -4.71398e-4 0.005662977 0.005621612 -5.87858e-4 0.004152119 0.006805717 -6.78104e-4 0.002401649 0.007596492 -7.36929e-4 5.12596e-4 0.007948338 -7.60938e-4 -0.001406013 0.007840931 -7.48745e-4 -0.003243565 0.007280468 -7.01055e-4 -0.004893958 0.006299316 -6.20619e-4 -0.007295131 0.004153847 -9.31926e-4 -0.007244825 0.004134178 -8.12798e-4 -0.00630027 0.005450069 -9.182e-4 -0.005118608 0.006559252 -0.001007795 -0.003392696 0.007585346 -0.001091897 -0.001471102 0.008171439 -0.001141786 5.35349e-4 0.008283734 -0.001154482 0.002510845 0.007915794 -0.001129388 0.004341363 0.00708884 -0.001067876 0.005921363 0.005850553 -9.7354e-4 0.00715965 0.004272401 -8.51751e-4 0.007984697 0.002445518 -7.09576e-4 0.008342564 5.70261e-4 -5.62687e-4 -0.007923543 0.002017319 -4.0453e-4 -0.007619142 0.00196135 -2.07093e-4 -0.007532358 0.002268731 -2.2824e-4 -0.007828712 0.002336323 -4.1782e-4 -0.008043646 0.002373754 -7.01933e-4 -0.008139789 0.002044796 -6.99859e-4</float_array>
          <technique_common>
            <accessor source="#My_Prop_CW-mesh-positions-array" count="1812" stride="3">
              <param name="X" type="float"/>
              <param name="Y" type="float"/>
              <param name="Z" type="float"/>
            </accessor>
          </technique_common>
        </source>
        <source id="My_Prop_CW-mesh-normals">
          <float_array id="My_Prop_CW-mesh-normals-array" count="10860">0.5824374 0.7260335 -0.365571 0.3594183 0.9298017 -0.07929176 0.3435578 0.9360902 -0.07552069 0.6179467 0.7843556 -0.0541135 0.6600106 0.7512304 -0.006238281 0.40881 0.8898788 -0.2024604 0.5514202 0.8333768 0.03766751 0.4972275 0.8675239 -0.01293784 0.4420264 0.8953953 -0.05366492 0.3790088 0.9229443 -0.06727772 0.3600288 0.9302484 -0.07083284 0.3741788 0.9248425 -0.06823837 0.369722 0.9265708 -0.06908148 0.3664984 0.9278069 -0.06966727 0.365328 0.9282484 -0.06993108 0.364431 0.9285938 -0.07002609 0.3627604 0.9292229 -0.07035511 0.3771699 0.9223166 -0.08411461 0.4351573 0.8937652 -0.1087287 0.4104948 0.910284 -0.05363816 0.5528389 0.8302007 -0.07166594 0.6065955 0.7833582 -0.1356164 0.9111891 0.4119496 0.005653083 0.8772356 0.4764977 -0.05837649 0.7874402 0.6158365 -0.02614283 0.8051502 0.5930709 2.07017e-6 0.7468829 0.6623296 -0.05903911 0.9930604 -0.03234547 0.1130705 0.9988019 0.04684847 -0.01414233 0.9821005 0.188127 0.009332239 0.9804192 0.1958276 -0.02073121 0.936698 0.3490478 -0.02761369 -0.7082209 0.7026957 -0.06813216 -0.6567891 0.7515775 -0.06131315 -0.6376724 0.7679736 -0.05992072 -0.6212788 0.7812583 -0.06040066 -0.6177539 0.7840371 -0.06054908 -0.6196046 0.7825981 -0.06025254 -0.6752063 0.7357252 -0.05296409 -0.7107578 0.7034186 0.005070269 -0.6855472 0.7248191 -0.06828111 -0.8041597 0.5933227 -0.03599059 -0.7992402 0.5848104 0.1386069 -0.9968874 0.06655955 -0.04225307 -0.9844892 0.175445 3.50368e-4 -0.9518701 0.302612 -0.04867738 -0.9435096 0.3304083 -0.02490001 -0.8518038 0.522445 -0.03849327 -0.8818904 0.4594781 -0.1055906 -0.6955284 0.7138662 0.08145803 -0.7968442 0.5814298 -0.1642524 -0.7532265 0.6491563 -0.1060477 -0.8747035 -0.388064 -0.290345 -0.9346793 -0.3413415 0.09930145 -0.9846246 -0.1684036 -0.04642009 -0.9874091 -0.1565494 -0.02270942 -0.9993541 -0.001560926 0.03590089 0.3547145 0.9322146 -0.07178956 0.3389318 0.9378588 -0.07447153 0.1835026 0.9799609 -0.07748192 0.1835026 0.9799609 -0.07748258 -0.05621653 0.9953494 -0.0782262 -0.05621659 0.9953494 -0.07822626 -0.292692 0.9533036 -0.07445615 -0.292692 0.9533036 -0.07445645 -0.5122779 0.8562498 -0.06638991 -0.5122783 0.8562496 -0.06639009 -0.6140077 0.7869598 -0.06073617 -0.6155491 0.7857602 -0.06066507 -0.5836496 -0.7740893 -0.2452327 -0.4419576 -0.892632 0.08877956 -0.6179119 -0.7829762 0.07164734 -0.6597992 -0.7427579 0.1139115 -0.4093201 -0.91047 -0.05917376 -0.5510159 -0.8170563 0.1697075 -0.4970118 -0.8587145 0.1248556 -0.3603332 -0.9296413 0.0769878 -0.3754522 -0.9234797 0.07887256 -0.3673909 -0.926804 0.07783579 -0.3663569 -0.9272213 0.07773983 -0.3654959 -0.9275702 0.0776295 -0.3648545 -0.9278326 0.07751065 -0.363736 -0.928282 0.07738649 -0.351309 -0.9335659 0.07097101 -0.366977 -0.9278743 0.06616061 -0.3808918 -0.9226124 0.06089329 -0.4353023 -0.8996379 0.03411167 -0.4104226 -0.9073423 0.09101188 -0.5528603 -0.8310214 0.06122845 -0.6068776 -0.7947438 -0.009052932 -0.9110351 -0.4057149 0.07355642 -0.87731 -0.4794954 0.02028131 -0.787348 -0.612104 0.07356685 -0.8049615 -0.5855258 0.09589838 -0.7469052 -0.663182 0.04819232 -0.9926245 0.04993891 0.1104655 -0.9988349 -0.04818099 -0.00276947 -0.9819998 -0.1840502 0.04245185 -0.9804323 -0.1963611 0.01395678 -0.9366911 -0.3487857 0.03095883 0.7081659 -0.7049186 0.03988927 0.6567784 -0.7521138 0.05446976 0.6376678 -0.7680883 0.05848431 0.6212838 -0.7812735 0.060153 0.617761 -0.784039 0.06045126 0.6196065 -0.7825766 0.06051301 0.6752205 -0.7351581 0.06016546 0.7109858 -0.6941829 0.112291 0.6854988 -0.7267855 0.04329293 0.8041949 -0.5918936 0.05415457 0.7999508 -0.5561724 0.2252798 0.9967365 -0.0726549 -0.03518229 0.9845366 -0.1735305 0.02397763 0.9517668 -0.3067905 -0.00442624 0.9435066 -0.3305237 0.02343893 0.8518077 -0.5222939 0.0404095 0.8816151 -0.4706073 -0.03582799 0.696056 -0.6925468 0.1894335 0.7963795 -0.6002086 -0.07436013 0.7530071 -0.657984 -0.006109058 0.8734546 0.3375982 -0.3508628 0.9349523 0.3523895 0.04106009 0.9843863 0.1587669 -0.07600629 0.987266 0.1507679 -0.05074459 0.9994853 0.006853401 0.0313428 -0.351755 -0.9330025 0.07599252 -0.3389022 -0.9378696 0.07447254 -0.183503 -0.9799608 0.0774824 -0.1835025 -0.9799609 0.07748216 0.05621659 -0.9953495 0.07822602 0.05621659 -0.9953494 0.07822668 0.2926922 -0.9533036 0.07445585 0.2926922 -0.9533036 0.07445651 0.5122782 -0.8562497 0.06639009 0.512278 -0.8562499 0.06638997 0.6140011 -0.786965 0.06073671 0.615538 -0.7857719 0.06062817 0.001942873 0.07845908 0.9969155 0.001942813 0.07845908 0.9969155 0.001942873 0.07845914 0.9969154 0.001942873 0.07845908 0.9969155 0.001942873 0.07845908 0.9969155 0.001942873 0.07845908 0.9969154 0.001942932 0.07845908 0.9969155 0.001942873 0.07845908 0.9969155 0.001942873 0.07845908 0.9969155 0.001942813 0.07845908 0.9969155 0.001942932 0.07845908 0.9969155 0.001942873 0.07845908 0.9969154 0.001942813 0.07845908 0.9969154 0.001942873 0.07845908 0.9969154 0.001942873 0.07845908 0.9969155 0.001942873 0.07845908 0.9969155 0.001942873 0.07845908 0.9969155 0.001942873 0.07845914 0.9969154 0.001942873 0.07845908 0.9969155 0.001942873 0.07845908 0.9969154 0.001942873 0.07845908 0.9969155 0.001942873 0.07845908 0.9969155 0.001942873 0.07845908 0.9969155 0.001942873 0.07845908 0.9969155 0.001942932 0.07845902 0.9969155 0.001942873 0.07845908 0.9969155 0.001942873 0.07845908 0.9969155 0.001942873 0.07845908 0.9969155 0.001942873 0.07845908 0.9969155 0.001942873 0.07845908 0.9969155 0.001942932 0.07845908 0.9969155 0.001942873 0.07845908 0.9969155 0.001942932 0.07845902 0.9969155 0.001942873 0.07845908 0.9969155 0.001942873 0.07845908 0.9969155 0.001942873 0.07845908 0.9969155 0.001942873 0.07845908 0.9969155 0.001942873 0.07845908 0.9969155 -0.001942276 -0.07845616 -0.9969157 -0.001942932 -0.0784595 -0.9969154 -0.001943349 -0.07845854 -0.9969155 -0.001942098 -0.07845938 -0.9969154 -0.001943349 -0.07845926 -0.9969154 -0.001942813 -0.07845884 -0.9969155 -0.001942932 -0.0784586 -0.9969155 -0.00194323 -0.07845908 -0.9969155 -0.001942694 -0.07845866 -0.9969155 -0.001942873 -0.07845914 -0.9969155 -0.001942515 -0.0784592 -0.9969155 -0.001942515 -0.07845956 -0.9969154 -0.001942455 -0.07845896 -0.9969155 -0.001942336 -0.07845914 -0.9969155 -0.001943349 -0.0784592 -0.9969155 -0.001942873 -0.07845866 -0.9969155 -0.001942217 -0.07845932 -0.9969154 -0.001942813 -0.07845926 -0.9969155 -0.001942813 -0.07845884 -0.9969155 -0.001942455 -0.0784592 -0.9969155 -0.001943767 -0.0784592 -0.9969155 -0.001942753 -0.07845938 -0.9969154 -0.00194329 -0.0784589 -0.9969155 -0.00194329 -0.07845914 -0.9969155 -0.001942217 -0.07845914 -0.9969155 -0.001943051 -0.0784592 -0.9969155 -0.001942932 -0.07845932 -0.9969154 -0.001942217 -0.07845908 -0.9969155 -0.001942932 -0.0784589 -0.9969155 -0.00194323 -0.07845908 -0.9969155 -0.001942932 -0.0784592 -0.9969155 -0.00194329 -0.07845926 -0.9969155 -0.00194323 -0.07845944 -0.9969154 -0.001942574 -0.07845884 -0.9969155 -0.001943945 -0.07845914 -0.9969155 -0.001942276 -0.0784589 -0.9969155 -0.001942574 -0.0784589 -0.9969155 -0.00194323 -0.07845896 -0.9969155 -0.001943409 -0.07845902 -0.9969155 -0.001942932 -0.07845896 -0.9969155 -0.1787 -0.01316225 0.9838156 0.1060605 0.7547934 0.6473317 0.04062557 0.26016 0.9647105 0.1385827 0.3203414 0.9371107 -0.08167767 0.8066443 0.5853664 0.07723206 -0.6072601 0.7907406 0.05842143 -0.5513269 0.8322414 -0.01019722 -0.09741699 0.9951914 -0.03793257 0.06918865 0.9968823 -0.4051852 0.3466533 0.8459649 0.004661977 -0.247515 0.9688729 0.04397594 -0.294865 0.9545264 0.07263451 -0.3328984 0.9401612 0.1360946 -0.4803933 0.8664298 -0.0762214 0.7876765 0.6113559 -0.01386302 0.8119115 0.583616 -0.1162928 0.8565303 0.502824 -0.04589468 0.8667334 0.496656 0.01903593 0.612125 0.7905318 0.0253489 0.2588046 0.9655971 0.01343303 0.03844553 0.9991705 -0.06838333 0.3524924 0.9333129 0.02068442 -0.133353 0.9908528 0.02428507 -0.1626312 0.986388 -0.008168637 -0.2028067 0.9791847 -0.06617736 -0.2527393 0.9652687 -0.07862788 -0.2376064 0.968174 -0.1038146 -0.3433473 0.9334534 -0.1548466 -0.2672073 0.9511167 -0.1294069 -0.3857673 0.9134755 -0.234188 -0.2828193 0.9301447 -0.2442135 -0.2377045 0.9401363 -0.2145192 -0.4653845 0.8587193 -0.298046 -0.2596061 0.9185714 -0.1216783 -0.8271806 0.5486044 -0.1539139 -0.7307947 0.6650184 -0.1866931 -0.6719156 0.7167114 -0.2052205 -0.5874977 0.7827714 -0.2444025 -0.4028373 0.8820372 0.02688246 -0.7356243 0.6768562 -0.04015862 -0.7127966 0.7002202 0.204034 -0.5843385 0.7854418 0.1690407 -0.575169 0.8003786 0.1158615 -0.6592299 0.7429617 0.1416243 -0.6734145 0.7255725 0.05581426 -0.6348287 0.7706344 0.2039669 -0.467454 0.8601652 0.1039807 -0.4110893 0.9056455 0.1528819 -0.42132 0.8939332 0.153337 -0.4212544 0.8938862 0.1705862 -0.4506631 0.8762438 0.1933897 -0.4751482 0.8583908 0.07800078 -0.3313599 0.9402747 0.09223109 -0.3250216 0.9411985 0.07197767 -0.3706637 0.9259739 0.1125411 -0.3857905 0.9156966 0.1289741 -0.3854057 0.9136894 0.00862658 -0.2352568 0.971895 -0.009230256 -0.2438642 0.9697656 -0.001177191 -0.2326502 0.9725598 -0.02756339 -0.2402994 0.9703075 -0.04592204 -0.2298052 0.9721527 -0.08264762 -0.252593 0.9640364 -0.1920818 -0.2536103 0.9480435 -0.1437295 -0.1551163 0.9773847 -0.1399151 -0.167944 0.9758169 -0.1824007 0.8717101 0.4548094 -0.1871418 0.9068257 0.3776838 -0.214015 0.8975245 0.3855481 -0.1630108 0.6058118 0.7787294 -0.2340121 0.8963818 0.3764812 -0.2529061 0.927684 0.2746651 -0.2574043 0.9456465 -0.1987354 -0.2735801 0.8020543 0.5309076 -0.3332024 0.8979425 0.2875335 -0.4569108 0.8355146 0.3052013 -0.4643189 0.8480692 0.255317 -0.6074628 0.7489429 0.264714 -0.7287474 0.4685444 0.4993932 -0.03717243 -0.0224452 0.9990568 -0.7952514 0.5215533 0.3091236 -0.2727527 0.4566425 0.8468078 -0.2723892 0.4560312 0.8472543 -0.1716981 0.4752147 0.8629546 -0.2552225 0.1759362 0.9507408 -0.2548741 0.175608 0.9508948 -0.115462 0.1947647 0.9740304 -0.04136639 0.06883484 0.9967702 -0.03328275 0.04408645 0.9984732 -0.03864842 0.04353982 0.998304 -0.02691376 0.009971976 0.999588 -0.03597718 0.009061813 0.9993116 -0.003958404 -0.09680974 0.9952951 -0.01334899 -0.0734812 0.9972074 -0.009234845 -0.07307857 0.9972835 -0.01439327 -0.06367969 0.9978666 -0.0353614 -0.06572872 0.9972108 -0.06908392 0.1957494 0.9782176 -0.1132367 0.1905643 0.9751219 -0.07597923 0.08020931 0.9938781 -0.1799538 0.06859725 0.9812803 -0.1717775 -0.02609258 0.9847902 -0.3587679 0.1539372 0.920646 -0.363475 0.1576013 0.9181764 -0.4837492 0.2631738 0.8347014 -0.1219581 -0.2305364 0.9653907 -0.1175379 -0.2273244 0.9666998 -0.1064426 -0.1986302 0.9742772 -0.03998333 -0.193292 0.9803263 -0.02679347 -0.1816329 0.9830014 -0.006911337 -0.194544 0.9808695 0.001024782 -0.193807 0.9810392 0.00508356 -0.2027143 0.9792248 0.00503844 -0.2027189 0.979224 -0.006222844 -0.7203901 0.6935412 -0.03493773 -0.6485298 0.7603872 0.1062747 -0.637784 0.7628481 0.07731288 -0.6039183 0.7932878 0.2045148 -0.5854113 0.7845173 0.1297912 -0.44124 0.8879536 0.06979155 -0.3927546 0.9169914 0.1020169 -0.3890449 0.9155527 0.05833756 -0.3525893 0.933958 0.07102334 -0.3512291 0.933592 0.06536692 0.6603998 0.7480638 0.07140368 0.6604984 0.7474244 0.04957687 0.644747 0.7627866 0.1107274 0.5499543 0.8278223 0.1211454 0.550064 0.826289 0.03809738 0.7099165 0.7032546 0.03074431 0.7096955 0.7038375 0.04524844 0.4916362 0.8696243 0.09347248 0.4938696 0.8644975 0.09531366 0.3486807 0.9323825 0.1596355 0.1908777 0.9685465 0.09967285 -0.05169361 0.9936766 0.04447394 -0.05744582 0.9973576 0.05174106 0.1404345 0.9887372 0.01975536 0.1373769 0.9903219 -0.09035366 0.5342746 0.8404684 -0.1790305 0.5530648 0.8136754 -0.1193594 0.5626281 0.8180483 -0.07327014 0.6809473 0.7286579 -0.02951598 0.6850695 0.7278796 -0.05941247 0.5500753 0.832999 0.07590407 0.3850317 0.9197767 0.01382899 0.3805038 0.924676 0.1472321 0.0751931 0.9862397 0.0883736 0.06968837 0.9936468 0.1740656 0.4535187 0.8740836 0.1467221 0.3299017 0.9325435 0.09753614 0.07573348 0.9923463 0.1016463 0.09044861 0.9907004 0.06906044 -0.07221454 0.9949954 0.07468634 -0.05638372 0.9956118 0.05330818 -0.1687619 0.9842143 0.1188443 0.5561753 0.8225237 0.1317837 0.5556514 0.8209048 0.1574242 0.3212175 0.9338291 0.1585416 0.1429361 0.9769514 0.1555764 0.1905933 0.9692628 0.143536 -0.002551019 0.9896419 0.1488157 -0.1154689 0.9821003 0.09132862 -0.1219739 0.9883226 0.08053666 -0.2875333 0.9543786 0.05302929 -0.2905145 0.9554001 0.01031005 -0.2167924 0.9761633 0.007330119 -0.2170757 0.9761273 0.01751065 -0.1140555 0.9933201 -6.6533e-4 -0.1741511 0.9847188 0.02152979 -0.002127945 0.9997659 0.007529199 -0.06320333 0.9979724 0.037404 0.1466696 0.9884782 0.02520269 0.08319675 0.9962145 0.0693295 0.3825994 0.9213095 0.05933046 0.32473 0.9439441 0.05789041 0.3151453 0.9472762 0.2050223 0.7961639 0.5692882 0.07357847 -0.4064376 0.9107112 0.06078237 -0.40781 0.9110415 0.08059787 -0.5622931 0.8230009 0.1428444 -0.5097573 0.8483767 0.1568291 -0.552913 0.818347 0.04947763 -0.2423836 0.9689182 -0.02900421 -0.338106 0.940661 -0.0289157 -0.3385476 0.9405049 -0.04455232 -0.5583946 0.8283783 -0.1409382 -0.3861415 0.9116091 -0.07677471 -0.6161832 0.783852 -0.1450934 -0.4659678 0.8728242 -0.03352659 -0.786484 0.6167002 -0.1214991 -0.6757251 0.727072 -0.07641392 -0.7894241 0.6090735 -0.1354743 -0.7786561 0.6126512 -0.04628616 -0.8807786 0.4712609 0.1620549 0.3937093 0.9048377 0.1726199 0.4665253 0.8675002 0.1491281 0.1421886 0.9785414 0.1386682 0.07952147 0.9871411 0.1302515 -0.003908336 0.9914734 0.1150774 -0.06734091 0.9910714 0.1038419 -0.1796826 0.9782285 0.0560193 -0.1849375 0.9811524 0.04209423 -0.2729362 0.9611108 0.02701789 -0.2744334 0.9612265 -0.08009052 0.4296842 0.8994204 -0.04210186 -0.06292545 0.9971299 -0.0180971 0.7994485 0.6004619 -0.08363538 0.7496493 0.6565296 -0.08581954 0.7116217 0.6973017 -0.1382757 0.8863008 0.4419851 -0.1370252 0.7223698 0.677795 -0.1614583 0.8812788 0.4441609 -0.1682791 0.8800913 0.4439839 -0.08007609 0.5026397 0.8607794 -0.1159782 0.4980091 0.8593813 -0.1241371 0.5950645 0.794033 -0.1430944 0.5922169 0.7929712 -0.1507126 0.6473983 0.7471019 -0.1708119 0.6439877 0.7457233 -0.198799 0.8179635 0.5398286 -0.2144658 0.8146416 0.5388539 -0.1902135 0.7011726 0.6871505 -0.1969032 0.6998634 0.6866006 -0.1987757 0.7078692 0.6777975 -0.241578 0.6985338 0.6735656 -0.2422236 0.7011415 0.6706179 -0.3750284 0.6626701 0.6482454 -0.3776328 0.6687911 0.6403999 -0.5925826 0.5680492 0.5711095 -0.4650321 0.4027953 0.7883535 -0.1714301 0.4745734 0.8633608 -0.1403071 0.4795204 0.8662414 -0.1378276 0.4685087 0.8726415 -0.1349785 0.4689278 0.8728618 -0.1295215 0.4438834 0.8866745 -0.1242014 0.4446402 0.8870564 -0.1174511 0.4076684 0.9055451 -0.1108065 0.4085636 0.905979 -0.1029462 0.3523316 0.930196 -0.09569489 0.353251 0.9306215 -0.08754569 0.2608781 0.9613941 -0.06723791 0.2632426 0.9623837 -0.06785309 0.1969481 0.9780631 -0.6204736 0.3866896 0.6822637 -0.5981721 0.3706992 0.7104732 -0.4806061 0.4250327 0.7670497 -0.3428165 0.2844166 0.8953123 -0.2012073 0.3110846 0.928839 -0.1026015 0.161246 0.9815665 -0.1229696 0.3181184 0.9400422 -0.09961932 0.3211619 0.9417702 -0.09755015 0.3105348 0.9455434 -0.09651893 0.3106629 0.9456071 -0.09135413 0.2845037 0.9543124 -0.08929342 0.2847527 0.9544332 -0.08340841 0.2480596 0.9651474 -0.08081489 0.2483634 0.9652899 -0.0744335 0.1940401 0.9781658 -0.07187551 0.1943298 0.9782994 -0.06607007 0.1082999 0.9919204 -0.0526027 0.1097365 0.9925678 -0.05592298 0.04908674 0.9972278 -0.02610433 -0.1138167 0.9931588 -0.02490293 -0.113703 0.9932026 -0.01723599 -0.03855776 0.9991077 -0.01888918 -0.0387212 0.9990716 -0.006449878 -0.1295732 0.991549 0.004741072 -0.128489 0.9916996 0.01289868 -0.2246366 0.9743573 0.0120303 -0.2247198 0.9743492 0.01193124 -0.2665888 0.9637366 0.01754271 -0.2444972 0.9694913 0.0102424 -0.2135698 0.9768742 0.03539025 -0.3000878 0.9532548 0.02604043 -0.3009976 0.9532693 0.06677109 -0.3961308 0.9157631 0.04450666 -0.3984183 0.9161235 0.06058144 -0.4075613 0.9111661 0.06036573 -0.255015 0.965051 0.05560642 -0.2555196 0.9652035 0.0736674 -0.2130452 0.9742612 0.04416328 -0.2161765 0.9753551 0.05201691 -0.09445631 0.9941692 0.009646952 -0.09874057 0.9950665 0.007232367 -0.1248801 0.9921455 -0.03324633 -0.006761014 0.9994243 -0.0466246 -0.008095324 0.9988797 -0.04771226 0.07224863 0.9962448 -0.05099856 0.07190769 0.9961067 -0.05426609 0.1239706 0.990801 -0.05658078 0.1237235 0.9907024 -0.06046503 0.1595636 0.9853342 -0.06187492 0.1594099 0.9852716 -0.06579381 0.1853343 0.9804705 -0.06557303 0.1853593 0.9804806 -0.04201239 0.07921594 0.9959719 -0.07327222 0.07591021 0.9944189 -0.03877073 -0.06164842 0.9973447 -0.1412158 -0.07125961 0.9874109 -0.1409537 -0.1490158 0.9787372 0.0570771 -0.2915575 0.954849 0.04426586 -0.323404 0.9452251 0.04344189 -0.2936339 0.9549304 0.03897756 -0.2940835 0.9549847 0.03750747 -0.2762697 0.960348 0.05184417 -0.2748064 0.9601009 0.03644162 -0.3157345 0.9481475 0.06786906 -0.3712968 0.9260305 0.07562363 -0.3704468 0.9257701 0.08316344 -0.4470384 0.8906405 0.1569792 -0.5076635 0.8471336 0.1497449 -0.4784384 0.8652591 0.2040565 -0.5449758 0.813242 0.1995744 -0.5312242 0.82339 0.2168025 -0.5385916 0.8141964 0.03297007 -0.2675139 0.9629898 0.02525198 -0.2907308 0.9564717 0.02485764 -0.2536597 0.9669741 0.02373516 -0.2537691 0.9669736 0.01690578 -0.172782 0.984815 0.004251837 -0.1740103 0.9847347 9.6529e-4 -0.201952 0.979395 0.003520369 -0.2017108 0.9794389 5.60129e-4 -0.1620315 0.9867855 -0.01446223 -0.1634523 0.9864453 -0.01298582 -0.06009054 0.9981085 -0.02664709 -0.1183354 0.9926161 -0.02105998 0.05265283 0.9983909 -0.02969622 -0.007243931 0.9995328 -0.02037894 0.2020215 0.9791691 -0.02671748 0.1403528 0.9897411 -0.01029288 0.4369907 0.8994072 -0.01580226 0.3758832 0.9265323 -0.009446144 0.4763415 0.8792096 0.02162224 0.6851432 0.7280875 -0.0278573 0.23734 -0.9710271 -0.07396084 0.5445793 -0.835442 0.2284524 -0.653462 -0.7216627 -0.1050419 0.3687744 -0.9235647 -0.26091 0.9433985 0.204757 -0.2789309 0.7935256 -0.5408462 -0.3285307 0.5335949 -0.7793229 -0.1697968 0.1458976 -0.9746195 0.2316629 -0.6527509 -0.7212826 0.08900862 -0.5715775 -0.8157062 0.001241981 -0.8280843 -0.5606023 -0.05224579 0.1310784 -0.9899944 -0.03023988 0.03705459 -0.9988557 -0.01328241 -0.1303574 -0.9913781 0.3311255 0.1907382 -0.9241076 -0.06460785 0.1494827 -0.9866513 -0.2958063 0.1590749 -0.9419098 -0.2929329 0.1402775 -0.9457868 -0.2448956 0.8922983 -0.379249 -0.08897554 0.9518753 0.2932865 -0.02381724 0.8386977 0.5440763 -0.09580999 0.9507972 0.2946274 -0.2076059 0.9744184 -0.08607381 -0.2104386 0.9728969 -0.09585028 -0.2055193 0.9747747 -0.08704167 -0.2113562 0.973041 -0.09230238 -0.2052579 0.9758511 -0.07472568 0.216598 0.8943584 0.3914185 0.1853135 0.9677512 -0.1706365 0.189743 0.8103924 0.5543121 -0.09881389 0.6967655 -0.7104602 0.02917033 0.9806365 0.1936519 -0.01701974 0.9373293 0.3480289 0.008936285 0.870854 0.4914606 -0.07296878 0.9655629 0.2497276 -0.08755069 0.9643083 0.2498886 0.02574676 0.9628463 -0.2688201 0.05615025 0.7959054 -0.6028115 -0.04004484 0.9620846 -0.2697957 -0.02381521 0.8346219 -0.5503084 -0.1192837 0.9878575 -0.09954339 -0.04057478 0.5932524 -0.8039934 -0.1250777 0.910736 -0.3935931 -0.1359134 0.9136042 -0.3832166 -0.1590934 0.9101532 -0.3825057 -0.1528181 0.8894128 -0.4308034 -0.1919843 0.8909268 -0.4115719 -0.1863729 0.8694214 -0.4575713 -0.2025669 0.8717646 -0.4460867 -0.2138428 0.8694587 -0.4453232 -0.1961917 0.8033277 -0.5622931 -0.2358934 0.8883559 -0.3939265 -0.296188 0.7389811 -0.6051279 -0.3456051 0.7743381 -0.5300542 -0.1846671 0.06994712 0.9803089 -0.3792906 0.2086117 0.9014544 -0.8153332 0.4877439 -0.3119897 -0.08646661 -0.02400183 -0.9959657 -0.08232474 -0.01823258 -0.9964388 -0.03706592 -0.001507997 -0.9993117 -0.05289393 -0.01206874 -0.9985272 -0.06193143 -0.005757093 -0.9980638 -0.02476769 0.005270302 -0.9996794 -0.02924215 0.002955317 -0.9995681 -0.03907465 0.1156893 -0.9925166 -0.04318511 0.0884903 -0.9951406 -0.03049254 0.08559429 -0.9958634 -0.07669305 0.1674684 -0.9828899 -0.07263118 0.1700623 -0.982753 -0.05492603 0.1534177 -0.9866338 -0.06060582 0.1181753 -0.9911415 -0.05082327 0.1236492 -0.9910237 -0.1049519 0.2321299 -0.9670061 -0.1031976 0.232011 -0.9672235 -0.1188126 0.268041 -0.9560531 -0.1488756 0.3879651 -0.9095709 -0.1499994 0.3293581 -0.9322142 -0.1520878 0.3274877 -0.9325349 -0.1309894 0.3303282 -0.9347327 -0.1361449 0.2711935 -0.9528477 -0.133436 0.2770653 -0.9515408 -0.07294934 0.4794166 -0.8745504 -0.09761023 0.4215104 -0.9015549 -0.1659024 0.4372865 -0.8838875 0.1207941 0.2673052 -0.9560108 0.1037949 0.2751602 -0.955779 -0.003962695 0.3496359 -0.9368773 0.2157879 -0.1217626 -0.9688186 0.06406307 -0.1291436 -0.9895544 0.2446722 -0.3797669 -0.8921394 0.06356477 -0.407444 -0.9110154 0.2062708 -0.57786 -0.7896392 0.1250177 -0.591686 -0.7964159 0.1197028 -0.8698404 -0.4785907 -0.03237217 -0.02257978 -0.9992209 -0.04181295 -0.03117591 -0.9986391 -0.06881153 -0.03383141 -0.997056 -0.06087368 -0.0131973 -0.9980583 -0.08591282 -0.02288347 -0.9960399 -0.02715283 0.09135746 -0.9954479 -0.04300272 0.04194778 -0.9981939 -0.02458208 0.04380548 -0.9987377 -0.03409433 0.009074747 -0.9993775 -0.02288579 0.01019734 -0.9996861 -0.02820426 -0.01527142 -0.9994856 -0.02139228 -0.01459234 -0.9996647 -0.02491599 -0.02506971 -0.9993752 -0.02809578 -0.02538394 -0.9992829 -0.02694493 9.64066e-4 -0.9996365 -0.03620678 -0.001991987 -0.9993425 -0.01217055 0.1956679 -0.9805947 -0.03417479 0.1934946 -0.980506 -0.02331024 0.1634746 -0.9862722 -0.03823131 0.1619718 -0.9860545 -0.0306878 0.1394259 -0.9897569 -0.0672779 0.5151032 -0.8544837 -0.09673929 0.5118144 -0.853632 -0.09122401 0.4898168 -0.8670397 -0.112656 0.4871951 -0.8659963 -0.1074686 0.4678042 -0.877274 -0.1194719 0.4662694 -0.8765383 -0.11821 0.4618073 -0.8790679 -0.07046347 0.7493894 -0.6583696 -0.1176882 0.7442091 -0.657497 -0.1127418 0.724461 -0.6800336 -0.1472864 0.7197005 -0.6784821 -0.143305 0.7048319 -0.6947487 -0.1684833 0.7008702 -0.6931049 -0.1638913 0.6844223 -0.7104265 -0.177984 0.6820504 -0.7093158 -0.1764339 0.6767575 -0.714752 -0.07991141 0.1966404 -0.9772137 -0.1890528 0.4181528 -0.888486 -0.1726281 0.413313 -0.8940761 -0.1762977 0.451378 -0.8747439 -0.175352 0.429107 -0.8860694 -0.3159157 0.7498894 -0.58126 -0.3284564 0.7593508 -0.5616963 -0.3377232 0.7672169 -0.5452719 -0.170067 0.4009275 -0.9001857 -0.1677043 0.3909799 -0.9049918 -0.1658191 0.3841356 -0.9082642 -0.3509473 0.7790152 -0.5195875 -0.1825903 0.2106438 -0.9603593 -0.2200211 0.2871341 -0.9322794 -0.167217 0.2950586 -0.9407332 -0.4732344 0.8786855 -0.06293678 -0.418466 0.6973282 -0.5819103 -0.5039951 0.6594061 -0.5578284 -0.4697442 0.5800168 -0.6655231 -0.7048337 0.6872781 -0.1756651 -0.4348228 0.3975015 -0.8080359 0.02059763 0.02983111 -0.9993428 0.01964879 0.02952224 -0.9993711 0.1405466 -0.03349101 -0.9895076 -0.6097239 0.4090757 -0.6788917 0.02153372 0.03014117 -0.9993137 -0.7970011 0.4759541 -0.3718293 -0.8061563 0.4827176 -0.3421925 -0.8151398 0.4907474 -0.3077569 0.01827734 0.03655475 -0.9991645 0.02008068 0.03600835 -0.9991498 0.02084004 0.03037089 -0.9993214 -0.8093121 0.4856904 -0.3303315 -0.8218389 0.4928416 -0.2858114 -0.8413835 0.5055534 -0.1910225 0.01788938 0.03238207 -0.9993155 0.01064902 0.03691983 -0.9992616 -0.2996052 0.1530308 0.9417104 -0.16171 0.1868818 -0.9689815 -0.1605229 0.1846376 -0.9696089 -0.223389 0.1732583 -0.9592075 -0.1227777 0.09855443 -0.9875286 -0.0376693 0.1387173 -0.9896153 -0.03762835 0.129217 -0.9909021 -0.05559653 0.1273468 -0.9902989 -0.0556522 0.1230342 -0.9908408 -0.1100819 0.1171468 -0.9869948 -0.1050159 0.06661069 -0.9922372 -0.2151091 0.1653475 -0.9624907 -0.08368599 0.01064646 -0.9964354 -0.08264356 0.03296184 -0.9960339 -0.03693264 0.0376234 -0.9986093 -0.03489065 0.04238319 -0.9984921 -0.02645736 0.04323488 -0.9987146 -0.02390736 0.05339479 -0.9982873 -0.02669382 0.05311465 -0.9982316 -0.02352696 0.07769191 -0.9966999 -0.02762311 0.07727986 -0.9966268 -0.02066236 0.1106065 -0.9936495 -0.02887976 0.1097817 -0.9935361 -0.01594161 0.1568497 -0.9874939 -0.1461204 0.4033851 -0.9032881 -0.2262744 0.234848 -0.9453287 -0.2403277 0.2327154 -0.9423832 -0.2886372 0.1600996 -0.9439581 -0.03389114 0.2225833 -0.9743245 0.004538238 0.2723364 -0.9621914 -0.0364452 0.2684692 -0.9625986 0.01037013 0.3288444 -0.9443272 -0.03850132 0.3244071 -0.9451337 0.01360207 0.3953025 -0.9184504 0.001570165 0.3943669 -0.9189518 -0.3343619 0.3096253 -0.8901317 -0.329972 0.3501861 -0.8766345 -0.2441523 0.3673444 -0.8974675 -0.2301151 0.4635679 -0.8556588 -0.07689899 0.4863395 -0.8703795 -0.08069366 0.4116649 -0.9077559 -0.06083279 0.4290716 -0.9012197 -0.204817 0.8111246 -0.5478385 -0.1255294 0.9467545 -0.2964769 -0.1292476 0.7034231 -0.6989213 0.1208974 0.8546182 0.5049868 0.167496 0.9834831 -0.06860083 0.1591802 0.9508126 -0.2657388 0.1856854 0.946475 -0.2640191 0.1983458 0.9744067 -0.1057855 0.12075 0.9868741 -0.1072336 0.1782206 0.7921591 0.5837136 -0.1482772 0.4897468 -0.8591635 -0.03038591 0.9883111 -0.149392 -0.09089702 0.9938172 0.06375801 -0.09942728 0.9948269 0.0208258 -0.1674058 0.9856585 0.02127909 -0.2061584 0.9647212 -0.163743 0.00625205 0.7154628 -0.698623 -0.0167073 0.6623321 -0.749024 0.08992755 0.6651692 -0.7412577 0.08932548 0.6336134 -0.7684759 0.07159602 0.9858384 -0.1516464 0.1212329 0.9811273 -0.1506382 0.1176897 0.9254153 -0.3602162 0.1508128 0.9215711 -0.3577182 0.1347147 0.8384979 -0.5279899 0.1432912 0.8376826 -0.5270252 0.1574688 0.888203 -0.4316239 0.06649011 0.895993 -0.4390622 0.08306735 0.9392066 -0.333153 -0.06324076 0.9393498 -0.3370797 -0.05339884 0.9602439 -0.2740076 -0.1576816 0.9490095 -0.2729787 -0.1550518 0.9538944 -0.2569912 -0.2237955 0.9407147 -0.2548948 -0.2234293 0.9413684 -0.2527946 0.001558482 0.3029186 -0.9530152 0.01783215 0.3470435 -0.9376795 0.009573519 0.3463827 -0.9380444 0.03386121 0.4034057 -0.9143946 0.01368045 0.4019792 -0.9155466 0.04654145 0.4723653 -0.8801733 0.006000578 0.4698753 -0.8827126 0.03409588 0.5030742 -0.8635705 -0.07898682 0.4938094 -0.8659755 -0.05535477 0.5459758 -0.8359704 -0.2416103 0.5182021 -0.8204213 -0.2235728 0.601846 -0.7666789 -0.3341726 0.5750356 -0.7467682 -0.3177094 0.683483 -0.6572 0.07185155 0.7678465 -0.6365918 0.06991076 0.7372109 -0.6720362 0.04110068 0.7372118 -0.6744105 0.04110515 0.7178071 -0.6950276 -0.00747931 0.716267 -0.6977863 -0.04105925 0.5880522 -0.8077803 0.007784187 0.5914814 -0.8062812 0.003584563 0.6191608 -0.7852562 0.04435968 0.6208691 -0.7826583 0.05333453 0.5235692 -0.8503121 0.06808125 0.6701146 -0.7391288 0.09053748 0.6700524 -0.7367719 0.1001399 0.7669981 -0.633787 -0.03334879 0.5484322 -0.8355298 -0.07635259 0.7752762 -0.6269906 -0.0175755 0.7794575 -0.6262085 -0.02919799 0.8666096 -0.4981319 0.03392922 0.8677703 -0.4958058 0.004467904 0.7764893 0.6301147 0.0730372 0.9001033 -0.4295111 0.1135746 0.8972808 -0.4266006 0.1046156 0.7994642 -0.5915341 0.1255323 0.7981747 -0.5892019 0.1156815 0.7436233 -0.6585152 0.113673 0.7437172 -0.6587588 0.1240732 0.7925308 -0.597077 0.03093713 0.7953199 -0.6054 0.04368501 0.8482386 -0.5278098 -0.09801369 0.8415547 -0.5312054 -0.08877879 0.8829927 -0.4609148 -0.1893421 0.8685806 -0.4579491 -0.1829218 0.89567 -0.4053577 -0.2498808 0.8811057 -0.4015128 -0.257582 0.8596694 -0.4411577 0.07157915 0.6253336 -0.7770678 0.07886952 0.6253986 -0.7763095 0.07852435 0.5530728 -0.8294242 0.04652458 0.5520954 -0.832482 0.05312097 0.4992079 -0.8648525 0.01259303 0.4969925 -0.8676635 0.02066105 0.4626064 -0.886323 -0.02186942 0.4594188 -0.8879505 -0.01046782 0.4090731 -0.9124416 -0.0470367 0.4057327 -0.9127808 -0.03793811 0.3701417 -0.9282003 -0.06400245 0.3674882 -0.9278234 -0.05681502 0.3412914 -0.9382389 -0.07551008 0.3392736 -0.9376523 -0.07004475 0.3200435 -0.9448101 -0.08062726 0.3188661 -0.9443642 -0.07795453 0.3103478 -0.9474214 -0.09620136 0.3082352 -0.9464336 -0.1452494 0.4580845 -0.8769615 -0.144481 0.4560642 -0.8781406 -0.2157007 0.6694235 -0.7108765 -0.2488666 0.7510417 -0.6115568 -0.1820138 0.5277251 -0.829685 -0.3229363 0.2482078 -0.9132936 -0.480531 0.3701266 -0.795045 -0.4269776 0.3894201 -0.8161141 -0.4290365 0.3917505 -0.8139159 -0.3311114 0.4197989 -0.8450647 -0.3309784 0.419594 -0.8452185 -0.2537899 0.4365416 -0.8631466 -0.2539064 0.4367589 -0.8630024 -0.2129063 0.4442481 -0.8702382 -0.4215478 0.8450114 -0.3290187 -0.3784201 0.8049961 -0.4569241 -0.3593946 0.7871452 -0.5012364 -0.176018 0.4009233 -0.899043 -0.1670904 0.3885164 -0.9061655 -0.08615636 0.2090575 -0.9741007 -0.08118623 0.2017582 -0.9760649 -0.08076107 0.2006924 -0.9763197 -0.05152809 0.203863 -0.9776425 -0.05455261 0.2126041 -0.9756145 -0.04513555 0.2135852 -0.9758812 -0.05163198 0.2352364 -0.9705658 -0.0351423 0.2369247 -0.9708922 -0.04379576 0.2655933 -0.9630899 -0.02033722 0.2679117 -0.9632289 -0.03193992 0.3074663 -0.9510228 0.001734614 0.3105688 -0.9505493 0.03521949 0.261193 -0.9646439 0.07048922 -0.1062361 -0.9918393 0.0632413 -0.106999 -0.9922459 0.02563309 -0.315562 -0.9485587 0.06342196 -0.4665933 -0.8821952 -0.0596404 0.1319331 -0.9894629 -0.05805283 0.1549409 -0.9862167 -0.04299473 0.1564859 -0.986744 0.01251637 -0.4613406 -0.8871349 0.02179867 -0.4707518 -0.8819965 0.01057547 -0.3066372 -0.9517678 0.02539306 -0.3052054 -0.9519479 -0.01640504 -0.02776896 -0.9994798 0.0537579 -0.02086061 -0.9983361 -0.04076832 0.2674155 -0.9627185 -0.006416141 0.3610842 -0.9325112 -0.06996232 0.3549043 -0.9322812 0.01581233 0.3975196 -0.9174575 -0.08239519 0.4477267 -0.8903661 -0.06930464 0.4121291 -0.9084858 -0.09388917 0.3430211 -0.9346237 -0.1027386 0.3419647 -0.9340797 -0.1108278 0.2739746 -0.9553298 -0.09224796 0.276176 -0.9566699 -0.1066176 0.2171769 -0.9702922 -0.07937872 0.2202836 -0.9722007 -0.09619015 0.1699538 -0.9807463 -0.07794165 0.171976 -0.9820129 -0.07963389 0.2066065 -0.975178 -0.08722025 0.1564635 -0.9838251 -0.07250368 0.1580481 -0.984766 -0.03271555 0.2112291 -0.976889 -0.07946252 0.2063001 -0.975257 -0.03642332 0.268278 -0.9626528 -0.08202743 0.2634325 -0.9611841 -0.03980308 0.3347855 -0.9414533 -0.06320381 0.3323761 -0.9410268 -0.05191159 0.3568157 -0.9327313 -0.06539714 0.3554029 -0.9324227 -0.1324447 0.2060318 -0.9695408 -0.1380883 0.2053442 -0.9688991 -0.1699087 0.1412269 -0.9752876 -0.279531 0.789233 -0.5467851 -0.3158131 0.7005115 -0.6399576 -0.1840623 0.7317875 -0.6562075 -0.2247593 0.5860354 -0.7784895 -0.02674269 0.6131279 -0.7895309 -0.05284249 0.5634009 -0.824492 0.059502 0.5702766 -0.8192949 0.03939694 0.5359738 -0.843315 0.06870067 0.5370867 -0.8407248 0.04603457 0.4660726 -0.883548 0.04657512 0.4661013 -0.8835046 0.03376388 0.4109888 -0.911015 0.02144342 0.4101487 -0.9117667 0.01560324 0.3700214 -0.9288923 -0.01379978 0.3675919 -0.9298849 -0.004174053 0.3024119 -0.9531682 -0.009956002 0.2390667 -0.9709521 -0.008161067 0.225091 -0.9743037 -0.03080147 0.1553694 -0.9873762 -0.03148055 0.1623262 -0.9862349 -0.05711054 0.08829796 -0.9944556 -0.05816334 0.1034116 -0.9929366 -0.04554986 0.1047157 -0.9934586 -0.05371445 0.05642825 -0.9969608 -0.0350601 0.05832564 -0.9976819 -0.04065066 0.02419668 -0.9988804 -0.02836108 0.02543252 -0.9992742 -0.02941358 0.01818501 -0.9994019 -0.0284537 0.01843845 -0.9994251 -0.707602 -0.5884472 -0.3911896 0.1289506 -0.9684413 -0.213292 0.09129422 -0.9945315 -0.05072206 0.05548864 -0.9937884 0.09646642 0.04063332 -0.9858661 0.1625333 0.02768081 -0.9787416 0.2032209 -0.007564783 -0.9423727 0.3344793 0.07502919 -0.9970027 0.01887768 0.1090149 -0.9863032 -0.1237812 0.1433008 -0.9506425 -0.2752161 0.1230652 -0.9676717 -0.2201513 0.2169522 -0.7384107 -0.6384994 0.2395095 -0.5626113 -0.7912672 -0.4640662 -0.3561642 -0.8110424 -0.2473891 -0.1637507 -0.9549788 -0.7341857 -0.642208 0.2203186 -0.7002443 -0.6191896 0.3553339 -0.3170801 -0.3139425 0.8949304 0.1431463 -0.600238 0.7869075 0.1183311 -0.6025183 0.7892842 0.1183336 -0.5932785 0.7962523 0.094132 -0.5949801 0.7982092 0.0944671 -0.5630348 0.8210163 0.07558655 -0.5636014 0.8225814 0.07572847 -0.561253 0.8241726 0.06865155 -0.5613825 0.824704 0.06899344 -0.5520653 0.8309416 0.04749995 -0.5523205 0.8322775 0.04878371 -0.5263803 0.8488487 0.03166192 -0.5259562 0.8499221 0.03198605 -0.521707 0.8525249 0.0154016 -0.5210857 0.8533654 0.01721596 -0.4981582 0.8669154 -0.005254685 -0.4966952 0.8679092 -0.003340959 -0.477261 0.8787554 -0.01530516 -0.4762528 0.8791753 -0.01438057 -0.4676246 0.8838104 -0.03385752 -0.4657749 0.8842553 -0.03393846 -0.4662104 0.8840227 -0.08645069 -0.4563896 0.8855704 -0.08849543 -0.4630857 0.8818845 -0.1769497 -0.4319867 0.8843508 -0.1904798 -0.45647 0.8691104 -0.2632043 -0.407518 0.8744441 -0.2752061 -0.4216551 0.8639842 -0.3231198 -0.3804425 0.8665202 -0.3397353 -0.3958376 0.8531662 -0.3710061 -0.3610907 0.8555514 -0.5385489 -0.4952486 0.6816847 -0.2635357 -0.1770732 -0.9482584 -0.2503817 -0.1917963 -0.948959 -0.213694 -0.1528897 -0.9648625 -0.1892783 -0.1737923 -0.9664213 -0.1799328 -0.1606997 -0.9704638 -0.1403663 -0.1876302 -0.9721586 -0.1324298 -0.170943 -0.9763406 -0.08354908 -0.187882 -0.9786316 -0.08182418 -0.1805271 -0.9801607 -0.0530287 -0.1860071 -0.9811164 -0.05194097 -0.1763738 -0.9829519 -0.04506802 -0.1770338 -0.9831724 -0.04319882 -0.1533761 -0.9872232 -0.0481128 -0.1529508 -0.9870619 -0.04532611 -0.1122213 -0.992649 -0.05275112 -0.1117238 -0.9923382 -0.05121523 -0.07541644 -0.9958361 -0.05668538 -0.0752573 -0.9955517 -0.05660885 -0.0691058 -0.996002 -0.06225579 -0.06891512 -0.9956781 -0.0621826 -0.03326129 -0.9975105 -0.06984686 -0.0332942 -0.997002 -0.07018458 -0.02103173 -0.9973124 -0.07261902 -0.02110421 -0.9971365 -0.0727986 -0.01782995 -0.9971873 -0.07949692 -0.01802086 -0.9966723 -0.08168542 0.02414745 -0.9963656 -0.09093552 0.02350467 -0.9955794 -0.09198904 0.03565979 -0.9951213 -0.09454542 0.03549128 -0.9948878 -0.09846109 0.0687108 -0.992766 -0.09199577 0.06978201 -0.9933113 -0.1001431 0.1083257 -0.9890587 -0.09059327 0.1108225 -0.9897027 0.1960371 -0.4838036 0.8529382 -0.09597909 0.1583945 -0.9827001 -0.08409738 0.1625919 -0.983103 -0.1013206 0.2053411 -0.9734317 -0.06067013 0.2227056 -0.9729961 -0.0754708 0.2528367 -0.9645609 -0.03239411 0.2744688 -0.9610503 -0.03121036 0.2718039 -0.9618464 -0.007403433 0.2791808 -0.9602101 -0.006259024 0.2760095 -0.9611346 0.04480803 0.2901511 -0.9559314 0.06881302 0.1987993 -0.9776215 0.1184723 0.2084993 -0.9708205 0.1248906 0.183458 -0.9750618 0.1376054 0.1857765 -0.972909 0.2320539 -0.3541828 -0.905928 0.2260228 -0.2421823 -0.9435366 0.2439133 -0.2403107 -0.9395515 0.242267 -0.5580995 -0.7936195 0.2391557 -0.5584099 -0.7943444 0.2255356 -0.2566367 -0.9398252 0.2024694 -0.2609143 -0.9438909 0.1992202 -0.2429654 -0.9493572 0.168785 -0.2486492 -0.9537742 0.156062 -0.1866184 -0.9699578 0.1327496 -0.1933177 -0.9721142 0.1321751 -0.1916655 -0.9725195 0.156349 -0.1841771 -0.9703783 0.1563726 -0.1841946 -0.9703711 0.13554 -0.1944205 -0.971509 0.1508256 -0.2273051 -0.9620729 0.0837475 -0.2562947 -0.9629639 0.101637 -0.2996786 -0.948611 0.04701405 -0.3191523 -0.9465366 0.06149989 -0.3624052 -0.9299895 0.008972167 -0.376123 -0.9265264 0.01807916 -0.4119827 -0.9110124 -0.03231376 -0.4203024 -0.9068086 -0.02736115 -0.4499464 -0.8926364 -0.04409402 -0.4513918 -0.8912357 -0.04263746 -0.462058 -0.8858243 -0.04840743 -0.4625997 -0.8852447 -0.04486328 -0.4989421 -0.8654735 -0.05009758 -0.4991499 -0.8650662 -0.04982316 -0.5018761 -0.8635034 -0.05182492 -0.5018816 -0.8633823 -0.05113285 -0.5124005 -0.8572229 -0.05702334 -0.5124474 -0.8568233 -0.05602699 -0.5418844 -0.8385836 -0.06134551 -0.5417804 -0.8382785 -0.06125128 -0.5467651 -0.8350427 -0.06640332 -0.5466286 -0.8347381 -0.06679803 -0.5751595 -0.8153096 -0.07359021 -0.5747491 -0.8150141 -0.07497024 -0.6048564 -0.7927977 -0.0769146 -0.604689 -0.7927393 -0.07790517 -0.62131 -0.7796825 -0.1029675 -0.6188108 -0.7787625 -0.1035509 -0.6251837 -0.7735778 -0.1854652 -0.6096018 -0.7707064 -0.1862294 -0.6132513 -0.7676206 -0.321515 -0.5646437 -0.7601352 -0.3240804 -0.5705473 -0.7546177 -0.4293543 -0.5010896 -0.7513747 -0.4331192 -0.5067511 -0.7453932 -0.4966905 -0.4518785 -0.7410157 -0.5154028 -0.4729905 -0.7145909 -0.5501843 -0.434768 -0.7129334 -0.6041938 -0.4903799 -0.6280745 0.2019117 -0.8085202 -0.5527448 0.2245039 -0.8060438 -0.5476235 0.2370642 -0.6521956 -0.7200288 0.2386722 -0.6518887 -0.7197755 0.2378683 -0.6432653 -0.7277559 0.2332603 -0.6442107 -0.7284108 0.2298685 -0.6189921 -0.7510055 0.23988 -0.6161843 -0.750183 0.2398671 -0.6161885 -0.7501837 0.3056706 -0.5946089 -0.7436437 0.3065475 -0.5970621 -0.7413134 0.3133323 -0.5939745 -0.740957 0.3248974 -0.6207302 -0.7135375 0.2479879 -0.6544093 -0.7143182 0.2620276 -0.6869451 -0.677826 0.1839623 -0.7147273 -0.6747761 0.1956285 -0.7450922 -0.6376262 0.1157174 -0.7660871 -0.6322343 0.1235486 -0.7901675 -0.6003092 0.04186373 -0.8036335 -0.5936505 0.04665404 -0.8224323 -0.5669468 0.01480644 -0.8253979 -0.5643572 0.01634776 -0.8321063 -0.5543752 -0.003005087 -0.8334581 -0.5525745 9.78914e-4 -0.8553088 -0.5181176 -0.01491171 -0.8557455 -0.5171822 -0.01458942 -0.8574216 -0.5144078 -0.02055817 -0.8575741 -0.5139496 -0.01964956 -0.8636405 -0.5037252 -0.03765326 -0.8637115 -0.5025781 -0.03587967 -0.8802666 -0.473121 -0.05086869 -0.8798788 -0.4724677 -0.05061382 -0.8826749 -0.4672508 -0.06511139 -0.8821001 -0.4665403 -0.06438517 -0.8969444 -0.4374305 -0.08373254 -0.8956471 -0.4368124 -0.08362138 -0.9099593 -0.4061794 -0.09196507 -0.9092404 -0.4059857 -0.09203678 -0.9166513 -0.388947 -0.1292709 -0.9126476 -0.3877671 -0.1293464 -0.9149227 -0.3823431 -0.2447419 -0.8926844 -0.3784392 -0.2448151 -0.893314 -0.376903 -0.4337232 -0.8229054 -0.3670299 -0.4334895 -0.8222948 -0.3686706 -0.5816324 -0.7279435 -0.3630456 -0.5819103 -0.7284753 -0.3615303 -0.6703743 -0.6512296 -0.3556662 -0.6750399 -0.6575912 -0.3345074 -0.7238654 -0.6048277 -0.3319675 -0.7465664 -0.6376622 -0.1898041 0.1371715 -0.959957 -0.2442676 0.1823155 -0.9550135 -0.2339025 0.2000933 -0.9140707 -0.3527569 0.2261484 -0.909634 -0.3484582 0.2263378 -0.9079068 -0.3528124 0.2483743 -0.9035145 -0.3492447 0.248413 -0.9025898 -0.3516002 0.2895424 -0.8914792 -0.3484683 0.2896612 -0.8920528 -0.3468983 0.3808752 -0.8604326 -0.3385112 0.3813617 -0.8629444 -0.3314971 0.4144878 -0.8483946 -0.3292819 0.4188103 -0.8609453 -0.288741 0.3508336 -0.8906896 -0.2891156 0.3571358 -0.9030545 -0.2386347 0.2749806 -0.9321497 -0.2355476 0.2808291 -0.9415909 -0.185854 0.1935079 -0.9644663 -0.1798873 0.1980257 -0.9701573 -0.1399309 0.1054841 -0.9856081 -0.1320976 0.108991 -0.9890545 -0.09945923 0.06999498 -0.9928972 -0.09620821 0.0712378 -0.9938923 -0.08428132 0.0431115 -0.9957275 -0.08165901 0.0465821 -0.9980419 -0.04174232 0.02399438 -0.9989129 -0.0399692 0.02429914 -0.9990278 -0.03678476 0.01583886 -0.9992147 -0.03632354 0.01674741 -0.9995505 -0.02486824 -0.008906483 -0.9997025 -0.02270597 -0.006809115 -0.999929 0.009782552 -0.02776312 -0.9995546 0.01095026 -0.02740687 -0.9994904 0.01636201 -0.04767423 -0.9987069 0.01765507 -0.04611301 -0.9977794 0.0480622 -0.07327342 -0.9960948 0.04925513 -0.07197731 -0.9942611 0.0791471 -0.08471077 -0.9932299 0.07948839 -0.08408665 -0.9919397 0.09479039 -0.124593 -0.9875761 0.09576052 -0.1243994 -0.9872133 0.09967422 -0.245907 -0.9637605 0.1034194 -0.2460378 -0.9639039 0.1017577 -0.4447726 -0.8889946 0.1089319 -0.4458488 -0.8897505 0.09779131 -0.6028124 -0.7906957 0.1068537 -0.603499 -0.7909846 0.1006604 -0.6978303 -0.7083483 0.1061865 -0.6969999 -0.7081351 0.1128534 -0.7492838 -0.6519515 0.1163318 -0.7579153 -0.6522272 0.01280879 0.04653698 -0.9886989 0.142509 0.04282355 -0.988591 0.1444095 0.05595695 -0.9939983 0.09400117 0.117747 -0.9871349 0.1081682 0.1222679 -0.9887308 0.08638262 0.1673856 -0.9813964 0.09403926 0.1670298 -0.9812045 0.09663778 0.2110773 -0.9719777 0.1034693 0.2073814 -0.9693644 0.1316271 0.2698206 -0.9531584 0.1366966 0.2696148 -0.9527106 0.1401808 0.3645954 -0.919501 0.1469298 0.3631467 -0.9181234 0.1586631 0.4142378 -0.895348 0.1635823 0.40924 -0.8884367 0.2078529 0.3669556 -0.9067347 0.2077884 0.3634417 -0.894531 0.2602393 0.297649 -0.9178601 0.2625606 0.2959206 -0.902745 0.3122218 0.2228763 -0.9217942 0.3172091 0.2230198 -0.9076687 0.3555276 0.1427047 -0.9209615 0.3625814 0.1440772 -0.9083343 0.3926458 0.1076432 -0.9118864 0.3960762 0.1083406 -0.9070183 0.4069156 0.07843321 -0.908936 0.4094918 0.08057224 -0.8918528 0.4450918 0.0568909 -0.8926692 0.4471077 0.0571351 -0.8913415 0.4497179 0.04827296 -0.8915609 0.4503209 0.04896324 -0.8863183 0.4604808 0.0220406 -0.8865568 0.4620947 0.02395796 -0.8713307 0.4901111 0.002229213 -0.8709088 0.4914397 0.002610623 -0.8683003 0.496032 -0.01841372 -0.8675376 0.4970309 -0.01648223 -0.8529267 0.5217705 -0.04477357 -0.8511402 0.5230256 -0.04287284 -0.8374196 0.5448765 -0.05692219 -0.8362392 0.5454026 -0.05595093 -0.829284 0.5560194 -0.0900374 -0.8257991 0.5567308 -0.0898931 -0.8250166 0.557913 -0.1886677 -0.8061114 0.5608823 -0.189661 -0.8088375 0.5566064 -0.3526577 -0.7489433 0.5609961 -0.3589207 -0.7591477 0.54302 -0.4881777 -0.6754387 0.552689 -0.4932174 -0.6806819 0.5416723 -0.5730543 -0.6111159 0.5460278 -0.5774336 -0.6148517 0.5371481 -0.6237147 -0.5644202 0.5407494 -0.6473445 -0.5811406 0.4931741 -0.0318554 -0.9065253 0.420948 0.03873378 -0.8987613 0.4367241 0.01963347 -0.8614021 0.5075442 0.07434082 -0.8525512 0.5173298 0.07251274 -0.8476042 0.525651 0.1292881 -0.8355977 0.5339112 0.1168447 -0.8043278 0.5825841 0.1854283 -0.786508 0.5890853 0.1845197 -0.783528 0.5933266 0.26085 -0.7580837 0.5977177 0.2563712 -0.7494478 0.6104113 0.3123822 -0.7228031 0.6164195 0.2982468 -0.6956959 0.6534954 0.29222 -0.6983295 0.6534091 0.2791789 -0.6629888 0.6946258 0.2460761 -0.6747918 0.6957749 0.2369951 -0.638009 0.7326514 0.2058989 -0.6462484 0.7348257 -0.05583417 -0.100148 -0.9934048 0.1792907 -0.6199975 0.7638443 0.1442114 -0.6257005 0.7666173 -0.9950223 -0.09919482 0.009543597 -0.9949178 -0.1002537 0.009385108 -0.9953301 -0.09605765 0.009544432 -0.9950327 -0.09910857 0.009347081 -0.9949639 -0.09972131 0.01013469 -0.9953435 -0.09596294 0.009075224 -0.9949501 -0.09990084 0.009698987 -0.9948502 -0.1009102 0.009503424 -0.9949874 -0.09952598 0.009731352 -0.9949673 -0.09971803 0.009819328 -0.9949969 -0.09942352 0.009816646 -0.9950149 -0.0992434 0.009808421 -0.9949827 -0.09957814 0.00968337 -0.994999 -0.09940862 0.009745597 -0.9950016 -0.09938305 0.009746909 -0.9947631 -0.101701 0.0101701 -0.9950824 -0.09858143 0.009629905 -0.9950072 -0.09934842 0.009516596 -0.9960735 -0.08798992 0.009767055 -0.9951459 -0.09795153 0.009503364 -0.9945592 -0.1037324 0.009569048 -0.9948393 -0.1009867 0.009830653 0.1825026 0.1668672 0.9689418 -0.1033217 -0.6442021 0.7578445 -0.03680896 -0.1060311 0.9936813 -0.1348538 -0.1697576 0.9762156 0.08419048 -0.7051665 0.7040257 -0.07435339 0.7235062 0.686302 -0.05536484 0.6747474 0.7359692 0.01402264 0.251897 0.9676524 0.0418151 0.08759754 0.995278 0.4085575 -0.2101663 0.8882066 0.1727933 0.3891431 0.904826 -0.1328839 0.6100601 0.7811329 0.07883012 -0.6823664 0.7267475 0.01637107 -0.710622 0.7033835 0.118501 -0.7673603 0.6301712 0.04808253 -0.778383 0.6259457 -0.01578491 -0.4809168 0.8766242 -0.02152937 -0.1045573 0.9942858 -0.009558796 0.1181176 0.9929536 0.07222956 -0.2024819 0.9766187 -0.01688683 0.2867211 0.9578654 -0.02051311 0.314941 0.9488896 0.01189935 0.3534855 0.9353643 0.06983929 0.4006085 0.9135838 0.08230519 0.3861124 0.9187726 0.1073256 0.4851121 0.8678407 0.1584487 0.4126582 0.8969991 0.1328271 0.5238774 0.8413736 0.2377034 0.4247722 0.8735364 0.2477811 0.3817729 0.8904235 0.2177025 0.593922 0.7745079 0.3015256 0.4000191 0.8654867 0.1235496 0.9027764 0.4119834 0.1562663 0.8257827 0.5419076 0.1892632 0.7757035 0.6020494 0.208072 0.702655 0.6804279 0.2476948 0.535784 0.8072069 -0.09869235 0.8552946 0.5086561 -0.02370238 0.8322104 0.5539531 0.04327213 0.8138105 0.5795171 -0.1383492 0.7784348 0.6122897 -0.1132853 0.7675611 0.6308856 -0.1655242 0.6935783 0.701107 -0.2012429 0.7002171 0.6849797 -0.2006193 0.5978147 0.7761247 -0.1877487 0.6027094 0.7755592 -0.1483919 0.5612415 0.8142408 -0.1547896 0.5574845 0.8156295 -0.1003744 0.5454822 0.8320902 -0.1261906 0.5222796 0.8433861 -0.100766 0.5262638 0.8443298 -0.06711727 0.4858552 0.8714585 -0.07788604 0.4745281 0.8767879 -0.04831761 0.4646688 0.8841654 -0.06426244 0.4750408 0.8776142 -0.06947618 0.475331 0.8770596 -0.02471208 0.4317293 0.9016647 0.07218796 0.3889901 0.9184094 0.04959732 0.3789259 0.9240971 0.185118 0.3690186 0.9108 0.1440977 0.30996 0.9397663 0.1441795 0.3093519 0.9399541 0.1844272 -0.7898858 0.5848649 0.1888792 -0.8366345 0.5141667 0.2157799 -0.8262245 0.5203771 0.1664764 -0.4761615 0.8634557 0.2357399 -0.8265151 0.5111746 0.2542471 -0.8733579 0.415457 0.2569206 -0.9651704 -0.04937577 0.2758765 -0.7092184 0.6487692 0.3345884 -0.8420069 0.4231727 0.4583421 -0.7776354 0.4303553 0.4655484 -0.7977961 0.3831266 0.6086667 -0.6985043 0.3763199 0.7313463 -0.3869462 0.5616095 0.04195892 0.1859632 0.9816604 0.7961483 -0.467123 0.384635 0.2761688 -0.318635 0.9067539 0.2758144 -0.3179557 0.9071001 0.1751825 -0.3344193 0.9259994 0.2589527 -0.02511477 0.9655634 0.2586046 -0.02477097 0.9656656 0.1192933 -0.04003226 0.9920517 0.04524838 0.08792978 0.9950985 0.03716373 0.1126417 0.9929404 0.04252862 0.1131535 0.9926669 0.03078883 0.1465123 0.9887297 0.03985077 0.1473653 0.9882791 0.007784426 0.2513149 0.9678742 0.0171895 0.2285695 0.9733759 0.01307606 0.2281852 0.97353 0.01823908 0.2189921 0.9755562 0.03920418 0.2209056 0.974507 0.07293343 -0.04033344 0.9965209 0.1170712 -0.03570848 0.9924814 0.07985383 0.07622992 0.9938876 0.1837742 0.08570379 0.9792252 0.1755838 0.1797609 0.9679134 0.3623725 -0.008100569 0.9319982 0.3670827 -0.01216524 0.9301089 0.4928929 -0.1352196 0.8595187 0.1202012 0.3836876 0.9156067 0.1267014 0.3891642 0.9124133 0.1101552 0.3485608 0.9307907 0.04372185 0.3442561 0.9378573 0.03054589 0.3331634 0.9423742 0.01065135 0.345593 0.9383242 0.00271672 0.3448879 0.93864 -0.001352071 0.3534057 0.9354693 -0.001306951 0.3534091 0.935468 0.06580853 0.6922335 0.7186669 0.03768545 0.7594845 0.649433 -0.1035144 0.7492998 0.6540906 -0.07442319 0.7206039 0.6893413 -0.201653 0.7009909 0.6840672 -0.126485 0.5747535 0.8084924 -0.06635838 0.5313885 0.8445252 -0.09858804 0.5275098 0.8438091 -0.05482673 0.4943692 0.8675214 -0.06751322 0.4929721 0.8674218 -0.06226748 -0.535228 0.8424096 -0.06830656 -0.5354188 0.8418201 -0.04642474 -0.5174686 0.8544421 -0.1073525 -0.4136477 0.9040858 -0.117776 -0.4139943 0.9026282 -0.03515625 -0.5911518 0.8057938 -0.02780091 -0.5908439 0.8063068 -0.04172939 -0.3495314 0.9359949 -0.08997178 -0.3525253 0.9314671 -0.09159457 -0.1985016 0.9758113 -0.1558244 -0.03696733 0.9870929 -0.09583848 0.2065319 0.9737349 -0.04062759 0.2127731 0.9762567 -0.04786759 0.01598292 0.9987259 -0.0158773 0.01924073 0.9996888 0.09377217 -0.3962475 0.9133427 0.1823491 -0.4190206 0.8894777 0.1227015 -0.427762 0.8955245 0.07629948 -0.558598 0.8259218 0.03254425 -0.5627789 0.8259667 0.06280648 -0.4130115 0.9085577 -0.07222282 -0.236384 0.968972 -0.01013082 -0.2311639 0.9728621 -0.1433875 0.08005899 0.9864232 -0.08450233 0.08663719 0.9926497 -0.1705403 -0.3111459 0.9349355 -0.1430078 -0.1799117 0.973232 -0.09366828 0.0804671 0.9923464 -0.09777975 0.06567382 0.9930388 -0.06522738 0.2269979 0.9717085 -0.07084643 0.2114598 0.9748157 -0.04954653 0.320665 0.9458959 -0.1154883 -0.4206246 0.8998541 -0.1284328 -0.4203501 0.8982265 -0.1537076 -0.1711314 0.9731845 -0.1547123 0.01169967 0.9878903 -0.1517621 -0.03657311 0.9877402 -0.1397021 0.1573771 0.9776072 -0.1450452 0.2677263 0.9525149 -0.08753657 0.2751082 0.9574199 -0.07692652 0.4333151 0.8979535 -0.04941636 0.4364114 0.8983892 -0.006594598 0.3668322 0.9302638 -0.003614902 0.3671049 0.9301725 -0.01369732 0.2680461 0.9633088 0.004426836 0.3260504 0.9453421 -0.01765739 0.158506 0.9872002 -0.003682494 0.2185446 0.9758201 -0.03352969 0.009779334 0.9993899 -0.02131795 0.07367831 0.9970542 -0.06564313 -0.2337442 0.9700797 -0.05557411 -0.1730474 0.9833444 -0.05412435 -0.1630618 0.9851302 -0.2025732 -0.6972467 0.6876126 -0.07017397 0.5439227 0.8361961 -0.05737704 0.5453256 0.8362584 -0.07758086 0.6841404 0.7252126 -0.1397123 0.6362401 0.7587351 -0.1538255 0.6741718 0.7223782 -0.04579788 0.3909864 0.9192563 0.03254491 0.4810862 0.876069 0.03245556 0.481498 0.875846 0.04759079 0.6810929 0.7306488 0.1443506 0.5239518 0.8394268 0.07962286 0.7311953 0.6775056 0.1483313 0.5967264 0.7886162 0.03567546 0.8732637 0.4859401 0.1241088 0.781108 0.6119375 0.07841885 0.8751587 0.4774386 0.1373659 0.8655972 0.4815312 0.04797738 0.9436752 0.3273765 -0.1584288 -0.247265 0.9559081 -0.1691163 -0.3250186 0.9304637 -0.145292 0.01268386 0.9893076 -0.1348188 0.07591819 0.9879577 -0.1264109 0.1590002 0.9791523 -0.1112579 0.2215842 0.9687736 -0.1001064 0.330531 0.9384712 -0.0522744 0.3361637 0.9403518 -0.03845399 0.4199393 0.9067372 -0.02337777 0.4214315 0.9065588 0.08370572 -0.2837253 0.9552451 0.04594504 0.2181233 0.9748392 0.02066671 -0.6956825 0.718052 0.08640646 -0.6377416 0.7653886 0.08873683 -0.5938026 0.7997026 0.1402581 -0.8062902 0.5746511 0.1398699 -0.6074885 0.781917 0.163446 -0.8009964 0.5759255 0.1702651 -0.7998526 0.5755394 0.08356285 -0.3618137 0.9284979 0.1194576 -0.3574784 0.92625 0.1273936 -0.4635605 0.8768596 0.1463448 -0.4609158 0.8752942 0.1538035 -0.5226086 0.8385849 0.1738973 -0.5194563 0.8366152 0.2011375 -0.7235063 0.6603654 0.2167983 -0.720382 0.6588234 0.1930881 -0.5851044 0.7876356 0.199777 -0.583912 0.786852 0.2016147 -0.5931786 0.7794169 0.2443965 -0.5846467 0.7736012 0.2450282 -0.5876685 0.7711076 0.3777366 -0.5532078 0.7424798 0.3803148 -0.5604794 0.7356789 0.594953 -0.471917 0.6506346 0.4682116 -0.274618 0.839859 0.1749181 -0.3337149 0.9263035 0.1438081 -0.3381489 0.9300402 0.141349 -0.3262615 0.9346518 0.138502 -0.3266426 0.9349448 0.1330912 -0.2997549 0.9446872 0.1277731 -0.3004376 0.9452044 0.1210815 -0.2610235 0.9577087 0.1144391 -0.2618388 0.9583028 0.1066561 -0.2025075 0.9734553 0.09940671 -0.2033479 0.9740473 0.09134882 -0.1072952 0.9900219 0.07104599 -0.1094709 0.9914478 0.07170146 -0.04154312 0.9965606 0.6317821 -0.2836523 0.7213826 0.6009646 -0.2551931 0.7574419 0.4836983 -0.2999427 0.8222349 0.3463754 -0.1409844 0.9274414 0.2049019 -0.1620159 0.9652804 0.1064524 -0.005739808 0.9943013 0.1267073 -0.1671864 0.9777495 0.1033645 -0.1699194 0.9800221 0.1013078 -0.1588274 0.9820951 0.1002765 -0.1589462 0.9821816 0.09513694 -0.1317423 0.9867082 0.09307712 -0.1319676 0.9868745 0.08722203 -0.0940507 0.9917393 0.08462953 -0.09432637 0.9919378 0.07828164 -0.03865653 0.9961816 0.075724 -0.03891986 0.996369 0.06994521 0.04818308 0.9963866 0.05648088 0.04687023 0.997303 0.0598005 0.1075006 0.9924049 0.0299167 0.2677716 0.9630179 0.02871561 0.2676664 0.9630838 0.0210945 0.1943724 0.980701 0.02274745 0.1945273 0.9806334 0.01025134 0.283088 0.9590392 -9.38491e-4 0.2820441 0.9594011 -0.009192645 0.3742976 0.9272631 -0.008324146 0.3743777 0.9272391 -0.006523251 0.3637604 0.9314698 -0.03178864 0.4455258 0.8947046 -0.02243918 0.4464235 0.8945404 -0.06334382 0.5345306 0.842772 -0.04107898 0.5368397 0.8426836 -0.05717569 0.5450993 0.8364196 -0.05670469 0.4028602 0.9135033 -0.05194491 0.4033817 0.9135563 -0.06995761 0.3628527 0.9292168 -0.04045063 0.3661073 0.9296931 -0.04819411 0.2488311 0.9673472 -0.005822181 0.2531903 0.967399 -0.003426969 0.2785498 0.9604157 0.03711563 0.1630118 0.9859257 0.05049127 0.1642406 0.9851273 0.05159324 0.08447283 0.9950892 0.05487877 0.08478844 0.9948866 0.05814164 0.032534 0.9977781 0.06045591 0.03276193 0.9976331 0.06433033 -0.003477811 0.9979226 0.06573981 -0.003335654 0.9978313 0.06964796 -0.02969437 0.9971297 0.06942719 -0.02971613 0.9971444 0.04589456 0.07755112 0.9959315 0.07714682 0.08056265 0.9937596 0.04261529 0.216896 0.9752642 0.1450183 0.2248036 0.9635523 0.1447002 0.30022 0.9428308 -0.0364499 0.4397575 0.8973767 -0.03986585 0.4404909 0.8968715 -0.03983175 0.4394164 0.8974 -0.03536754 0.4398668 0.8973664 -0.03387117 0.4231107 0.9054447 -0.04820829 0.4216311 0.9054851 -0.03286468 0.4601811 0.8872166 -0.06439447 0.5116091 0.8568021 -0.07214975 0.5107311 0.8567079 -0.07984882 0.5808866 0.8100587 -0.153851 0.633982 0.7578896 -0.1465377 0.6079498 0.7803356 -0.2010709 0.6655467 0.7187615 -0.1968159 0.6542695 0.730202 -0.2136012 0.6596185 0.7206094 0.03373336 0.3918948 0.9193915 0.004504024 0.3806541 0.9247065 0.01282274 0.3907039 0.9204271 -0.003703176 0.3853731 0.9227535 -0.00102663 0.3911606 0.9203219 -0.01055091 0.3996075 0.9166256 -0.008288204 0.4069694 0.9134043 -0.02138257 0.4167562 0.9087668 -0.02118879 0.401812 0.9154771 -0.02006644 0.4019191 0.9154554 -0.0131433 0.3247188 0.9457194 -4.90199e-4 0.3259153 0.9453989 0.002767145 0.3526766 0.9357412 2.12255e-4 0.352446 0.9358322 0.003213047 0.3144037 0.949284 0.01823365 0.3157492 0.9486676 0.0168339 0.2154846 0.9763621 0.030456 0.2721495 0.961773 0.02494347 0.1041711 0.9942467 0.03356581 0.1635063 0.9859712 0.02423352 -0.04636424 0.9986307 0.03059422 0.01619541 0.9994007 0.01391023 -0.2909129 0.9566485 0.01950591 -0.2263162 0.9738586 0.01299721 -0.3329438 0.9428571 -0.01859265 -0.5628002 0.8263839 0.02416789 -0.3863282 -0.9220448 0.07089042 -0.6685848 -0.7402493 -0.2314452 0.5325934 -0.8141114 0.1024042 -0.5104849 -0.8537673 0.07557451 -0.3197759 -0.9444745 0.2619957 -0.8998374 0.3487849 0.2770758 -0.8684483 -0.4111285 0.3256712 -0.6490387 -0.6875225 0.1660648 -0.296617 -0.9404472 -0.2346544 0.5319516 -0.8136124 -0.09234219 0.4369637 -0.8947266 -0.003667175 0.7301925 -0.6832317 0.04845893 -0.2843671 -0.9574901 0.0263819 -0.1928612 -0.9808713 0.009401679 -0.02633827 -0.9996089 -0.3346504 -0.3328499 -0.8816009 0.06083106 -0.3020082 -0.9513626 0.292205 -0.3045538 -0.9065667 0.2893096 -0.286593 -0.913326 0.2436969 -0.9407153 -0.2359376 0.09040105 -0.894299 0.4382433 0.02618175 -0.7432768 0.6684715 0.09724086 -0.8930283 0.4393686 0.2075702 -0.9759476 0.0666421 0.2103627 -0.9759784 0.05669111 0.2054761 -0.9764538 0.06570851 0.2112994 -0.9755629 0.06024533 0.2052675 -0.975587 0.07807248 -0.2148059 -0.8220464 0.5273502 -0.1856776 -0.9824742 -0.01638638 -0.1873477 -0.7136474 0.6749876 0.0962736 -0.7993575 -0.5930929 -0.02812051 -0.9382643 0.3447746 0.01865446 -0.8713517 0.4903044 -0.00676608 -0.7832484 0.6216723 0.07422971 -0.9146271 0.3974258 0.08881223 -0.9133724 0.39732 -0.02649444 -0.9930363 -0.1147915 -0.05824238 -0.8803886 -0.470663 0.03929269 -0.992456 -0.1161344 0.02193778 -0.9104425 -0.4130535 0.1191982 -0.9913035 0.05576258 0.03764039 -0.7117254 -0.7014486 0.1238287 -0.9611337 -0.2467564 0.1346956 -0.9623495 -0.2360945 0.1578867 -0.9588315 -0.2360382 0.1514189 -0.945901 -0.286956 0.1906604 -0.9444 -0.2678757 0.1848622 -0.9303536 -0.3166517 0.201106 -0.9308827 -0.3049816 0.2123798 -0.9284842 -0.3046507 0.1942578 -0.881456 -0.4304642 0.2346318 -0.9391148 -0.2510209 0.2940734 -0.8246216 -0.4832391 0.3437872 -0.8475956 -0.4042179 0.1884793 0.08435744 0.9784474 0.3831487 -0.06521773 0.9213814 0.8023629 -0.5321794 -0.2701834 0.07827806 -0.134238 -0.9878526 0.07879906 -0.1382777 -0.9872538 0.0796386 -0.1370048 -0.9873639 0.03334152 -0.1539385 -0.9875177 0.04530972 -0.1477096 -0.9879924 0.05854684 -0.1467906 -0.9874334 0.02089905 -0.1611388 -0.9867105 0.02527558 -0.1595227 -0.9868707 0.02454924 -0.1959624 -0.9803042 0.02968621 -0.1775193 -0.9836695 0.0238384 -0.1720861 -0.9847934 0.03548711 -0.2576325 -0.9655911 0.06916147 -0.3206103 -0.944683 0.06515663 -0.3195852 -0.9453148 0.05101454 -0.2940849 -0.9544169 0.05347275 -0.2816739 -0.9580191 0.04416161 -0.2752586 -0.9603555 0.09973204 -0.3822883 -0.9186453 0.1157337 -0.4137242 -0.9030162 0.1456453 -0.5260022 -0.8379196 0.1463515 -0.4704757 -0.8701918 0.1486307 -0.4693701 -0.8704026 0.1274681 -0.4725241 -0.8720511 0.132523 -0.4171019 -0.8991461 0.1290541 -0.4228017 -0.896986 0.06949079 -0.6109186 -0.7886379 0.09386694 -0.5576013 -0.8247848 0.1619039 -0.5698682 -0.8056285 -0.1247665 -0.4135441 -0.9018951 -0.1080924 -0.4208463 -0.900669 2.51935e-4 -0.4910792 -0.8711149 -0.2197944 -0.030712 -0.9750627 -0.06812345 -0.02193325 -0.9974358 -0.2483122 0.2355933 -0.939594 -0.06721818 0.2599354 -0.9632837 -0.2095049 0.4472817 -0.8695095 -0.1282807 0.4598524 -0.8786807 -0.1218206 0.7842993 -0.6083045 0.02849423 -0.134021 -0.9905688 0.03793418 -0.1254419 -0.9913755 0.06493854 -0.1225786 -0.9903321 0.05844289 -0.1393998 -0.9885101 0.07862675 -0.1353572 -0.9876722 0.02332419 -0.2459632 -0.9689986 0.03914833 -0.1975961 -0.9795015 0.02072644 -0.1995101 -0.9796766 0.03022533 -0.1653102 -0.9857784 0.01901614 -0.1664638 -0.9858642 0.02432745 -0.1412789 -0.9896709 0.01751524 -0.1419752 -0.9897152 0.02103674 -0.1315831 -0.991082 0.02421647 -0.1312587 -0.9910523 0.02304452 -0.1579713 -0.9871748 0.03294479 -0.1536048 -0.9875831 0.008431494 -0.3466616 -0.9379523 0.03043502 -0.3445069 -0.9382904 0.01953941 -0.3157569 -0.9486389 0.03446072 -0.314242 -0.9487173 0.02689594 -0.2925504 -0.9558719 0.06412452 -0.642453 -0.7636375 0.09358757 -0.6390842 -0.7634218 0.08801364 -0.6194415 -0.7800936 0.1094477 -0.6167019 -0.7795512 0.1042122 -0.5993134 -0.7937023 0.1162153 -0.5976776 -0.793269 0.1149439 -0.5936842 -0.7964465 0.06814116 -0.8431791 -0.5332972 0.1153681 -0.8379362 -0.5334353 0.1103265 -0.8219594 -0.5587584 0.1448769 -0.8170213 -0.5581102 0.1408288 -0.8048834 -0.5764809 0.1660114 -0.8007233 -0.5755715 0.161345 -0.7871724 -0.5952542 0.1754443 -0.7846632 -0.594578 0.1738741 -0.7802916 -0.6007603 0.07618558 -0.3471148 -0.934723 0.1857293 -0.5520205 -0.8128826 0.1692615 -0.5479634 -0.8191989 0.1730409 -0.5827032 -0.794049 0.1720594 -0.5625674 -0.8086492 0.3139072 -0.8316742 -0.458018 0.3265164 -0.8380143 -0.4371719 0.3358216 -0.8431377 -0.4199321 0.166752 -0.537047 -0.8269065 0.1642764 -0.5277605 -0.8333559 0.1625956 -0.521668 -0.8375113 0.3487895 -0.8512827 -0.3919996 0.1789315 -0.3583367 -0.9162851 0.2164919 -0.429504 -0.8767312 0.1636652 -0.4386324 -0.8836376 0.4732556 -0.8778576 0.07345229 0.416416 -0.779902 -0.4672801 0.5020245 -0.7387019 -0.4497677 0.4673385 -0.6771124 -0.5684308 0.7043321 -0.7065302 -0.06878548 0.4273431 -0.5165686 -0.7419804 -0.03208422 -0.1796717 -0.9832033 -0.03195482 -0.1821546 -0.9827505 -0.138999 -0.125491 -0.9823092 0.6071026 -0.5103743 -0.6090522 -0.03233528 -0.1816976 -0.9828228 0.7959241 -0.5277971 -0.2965387 0.8038688 -0.5318059 -0.2664163 0.81946 -0.5267957 -0.2257695 -0.0364716 -0.170201 -0.9847343 -0.028099 -0.1884754 -0.9816759 -0.02978932 -0.1860867 -0.9820817 0.8180366 -0.5300543 -0.2232906 0.8173481 -0.5337784 -0.2168474 0.8399511 -0.531059 -0.1116187 -0.03147226 -0.1824482 -0.9827116 -0.03051406 -0.1836712 -0.982514 0.2919911 0.005059361 0.9564077 0.1580151 -0.3362149 -0.9284347 0.1568224 -0.3340989 -0.9294003 0.2197307 -0.3212509 -0.9211494 0.1189804 -0.2518757 -0.9604179 0.03387778 -0.2918307 -0.9558699 0.03382867 -0.2826487 -0.9586269 0.05179882 -0.2807132 -0.9583929 0.05185079 -0.2765361 -0.9596037 0.1062927 -0.2701388 -0.9569362 0.1011906 -0.2210347 -0.9700021 0.2114038 -0.3139884 -0.9255917 0.07982873 -0.1664156 -0.982819 0.07879447 -0.1883931 -0.9789277 0.03307557 -0.1933897 -0.9805644 0.03103566 -0.1980702 -0.9796964 0.02260136 -0.198944 -0.9797503 0.0200563 -0.2089114 -0.977729 0.02284282 -0.2086266 -0.9777286 0.01968938 -0.2326605 -0.9723587 0.02378576 -0.2322432 -0.9723669 0.01684671 -0.2646922 -0.9641859 0.02506422 -0.2638618 -0.9642348 0.01216381 -0.309401 -0.9508538 0.1427429 -0.5397682 -0.8296232 0.2226824 -0.3799072 -0.8978214 0.2367458 -0.377344 -0.8953005 0.2850276 -0.3058836 -0.9084023 0.03018444 -0.3722711 -0.9276332 -0.008182585 -0.4195016 -0.9077178 0.03279769 -0.415759 -0.9088833 -0.01392787 -0.4725174 -0.8812114 0.03493863 -0.468276 -0.8828914 -0.01703935 -0.5341089 -0.8452441 -0.005009472 -0.5332663 -0.8459327 0.3310058 -0.4451617 -0.8320254 0.32668 -0.4831114 -0.8123323 0.2407857 -0.5032918 -0.8298914 0.2269403 -0.5917848 -0.7734914 0.07367503 -0.6165327 -0.7838746 0.07730209 -0.5486251 -0.8324872 0.05747181 -0.5647892 -0.8232316 0.2029405 -0.8869026 -0.4149928 0.1246688 -0.9815157 -0.1452062 0.1267535 -0.8041361 -0.5807743 -0.1186799 -0.7650645 0.6329229 -0.1674608 -0.9820555 0.08674144 -0.1599187 -0.9806294 -0.113102 -0.1864185 -0.976068 -0.1119801 -0.1984575 -0.9788981 0.04871761 -0.1208649 -0.9914621 0.04893553 -0.1757135 -0.6910775 0.7010967 0.1451061 -0.6182992 -0.7724316 0.03010749 -0.9995225 0.006954669 0.0914424 -0.9716439 0.2180517 0.09981107 -0.9793508 0.1758121 0.1677889 -0.9702491 0.1745387 0.2058175 -0.9785215 -0.01160764 -0.008740067 -0.8159399 -0.5780707 0.01400732 -0.771356 -0.6362498 -0.09259593 -0.7729117 -0.627721 -0.09210854 -0.7460017 -0.6595435 -0.07188236 -0.997402 0.004718363 -0.1215166 -0.9925761 0.005162715 -0.1188021 -0.9703367 -0.2105534 -0.1519169 -0.9661397 -0.2085552 -0.1365026 -0.910727 -0.3897992 -0.1450773 -0.9097739 -0.3889269 -0.1588674 -0.9447373 -0.2867622 -0.06791681 -0.9536299 -0.293219 -0.08407139 -0.979732 -0.1818166 0.06222087 -0.9805335 -0.1862328 0.05262935 -0.9913033 -0.1206148 0.1569125 -0.9800767 -0.1217707 0.154344 -0.9824012 -0.1051942 0.2230911 -0.9690754 -0.1054677 0.2227328 -0.9693916 -0.1032959 -0.005157947 -0.4482727 -0.893882 -0.02135866 -0.4894508 -0.8717694 -0.01310157 -0.4888577 -0.8722652 -0.0372802 -0.5414708 -0.8398927 -0.01710444 -0.5402491 -0.8413314 -0.04980671 -0.6042251 -0.7952556 -0.009276926 -0.602175 -0.7983102 -0.03728753 -0.6319613 -0.7741024 0.07578217 -0.6232219 -0.7783647 0.05228233 -0.6700454 -0.7404767 0.2385885 -0.6402367 -0.7301866 0.2207844 -0.7144398 -0.6639503 0.331453 -0.684878 -0.6489076 0.3153685 -0.7779741 -0.5434143 -0.07408356 -0.8579621 -0.508343 -0.07228887 -0.8332461 -0.5481565 -0.04348802 -0.8336268 -0.5506137 -0.04357808 -0.817678 -0.574024 0.004994511 -0.8166036 -0.5771774 0.03810912 -0.7071865 -0.7059994 -0.01072716 -0.7103318 -0.7037853 -0.00643754 -0.7343764 -0.678712 -0.04720187 -0.7356467 -0.6757189 -0.0564686 -0.6501266 -0.7577247 -0.07073992 -0.7774693 -0.62493 -0.09318637 -0.7770294 -0.6225286 -0.1023598 -0.8566659 -0.5056145 0.03027904 -0.6723955 -0.7395725 0.07415962 -0.8638403 -0.4982776 0.01538717 -0.8678281 -0.4966264 0.02753216 -0.9338716 -0.3565471 -0.03558516 -0.9346368 -0.3538189 -0.001790046 -0.6683509 0.743844 -0.07442587 -0.9561896 -0.2831295 -0.1149523 -0.9529314 -0.2805491 -0.106663 -0.8821312 -0.4587676 -0.1275704 -0.8804832 -0.456591 -0.1180051 -0.8374456 -0.533629 -0.1159975 -0.8375781 -0.5338612 -0.1261427 -0.8761355 -0.4652684 -0.03303915 -0.880221 -0.4734128 -0.04547119 -0.9203574 -0.388426 0.09621167 -0.9143251 -0.3933867 0.08726233 -0.9442502 -0.3174537 0.1878319 -0.9295807 -0.3171735 0.1816232 -0.9481081 -0.2609675 0.2485922 -0.9331434 -0.2597024 0.2561324 -0.9181763 -0.3022392 -0.07439786 -0.7391706 -0.6693966 -0.0816856 -0.7391163 -0.6686064 -0.08156818 -0.6759899 -0.7323826 -0.04958063 -0.6755123 -0.7356799 -0.05631875 -0.6283378 -0.7758994 -0.01580268 -0.6266021 -0.7791792 -0.02395331 -0.5955554 -0.8029571 0.01856952 -0.5926747 -0.805228 0.007057845 -0.5467773 -0.8372483 0.04362416 -0.543542 -0.8382477 0.034455 -0.5107997 -0.8590091 0.06051951 -0.5081281 -0.8591527 0.05328387 -0.4838791 -0.8735112 0.07198035 -0.4818007 -0.8733195 0.06648212 -0.4639235 -0.8833771 0.07706558 -0.4626995 -0.8831592 0.07437872 -0.4547571 -0.8875043 0.09262788 -0.4525249 -0.8869282 0.141992 -0.589693 -0.7950475 0.1412182 -0.5878644 -0.7965381 0.2131528 -0.7724436 -0.5982448 0.2467229 -0.8375464 -0.4874874 0.1789563 -0.6510588 -0.7376294 0.3195119 -0.388243 -0.8643956 0.477576 -0.4900848 -0.7292038 0.4239384 -0.5124294 -0.746788 0.4260272 -0.5143852 -0.7442505 0.3279945 -0.5469008 -0.7702721 0.3278316 -0.546739 -0.7704564 0.2505574 -0.5662501 -0.7852274 0.250696 -0.5664427 -0.7850441 0.209664 -0.5750175 -0.7908198 0.4205684 -0.8861711 -0.1944815 0.3768665 -0.866683 -0.326852 0.3579228 -0.8558486 -0.3733825 0.1727028 -0.5370838 -0.8256603 0.1636922 -0.5255165 -0.8348877 0.08244597 -0.3588861 -0.929733 0.07746708 -0.3519889 -0.932793 0.07703965 -0.3509764 -0.9332098 0.04780268 -0.3543058 -0.9339071 0.05083745 -0.3626218 -0.9305488 0.04142087 -0.3636304 -0.9306221 0.04794287 -0.384186 -0.9220101 0.03145325 -0.3858996 -0.9220046 0.04014569 -0.4129959 -0.9098476 0.01668733 -0.4153016 -0.9095308 0.02834945 -0.4524626 -0.8913328 -0.005322217 -0.4554433 -0.8902489 -0.03887647 -0.4088709 -0.9117638 -0.07436347 -0.0502097 -0.9959664 -0.06711769 -0.04952144 -0.9965153 -0.02940356 0.1632969 -0.9861387 -0.06698161 0.3228638 -0.9440723 0.05584734 -0.2851122 -0.9568659 0.05427902 -0.3073287 -0.9500542 0.03921949 -0.3089323 -0.9502751 -0.01610159 0.3168877 -0.9483264 -0.02535629 0.3269891 -0.944688 -0.01435953 0.1539754 -0.9879704 -0.02917355 0.1525387 -0.9878669 0.0125252 -0.1289303 -0.9915747 -0.05763137 -0.1355538 -0.9890924 0.0371198 -0.4147377 -0.9091836 0.002913892 -0.5025172 -0.8645623 0.06645852 -0.4963963 -0.8655484 -0.01960569 -0.5361956 -0.8438661 0.07902646 -0.58139 -0.8097782 0.06591039 -0.5491949 -0.8330912 0.09037268 -0.4850341 -0.8698131 0.09922367 -0.4839079 -0.8694757 0.1072096 -0.4200816 -0.9011313 0.08862543 -0.4224599 -0.9020383 0.1029243 -0.3663222 -0.9247782 0.075679 -0.369681 -0.9260716 0.09244215 -0.3213133 -0.9424502 0.07418948 -0.3235031 -0.9433143 0.07748699 -0.3879764 -0.9184064 0.08923655 -0.2809764 -0.9555571 0.06873685 -0.3101753 -0.9481912 0.02899533 -0.3614573 -0.9319377 0.07574683 -0.3563479 -0.931278 0.0327757 -0.4155778 -0.9089669 0.0783835 -0.4105763 -0.908451 0.0362578 -0.4779513 -0.8776377 0.05965948 -0.4755121 -0.8776838 0.04840648 -0.4983496 -0.8656238 0.06189304 -0.4969103 -0.865592 0.1287508 -0.3552049 -0.9258794 0.1343961 -0.3544272 -0.9253752 0.1661729 -0.292108 -0.9418383 0.2776514 -0.8651373 -0.4176686 0.3135452 -0.7920942 -0.5237141 0.1817418 -0.8254872 -0.5343602 0.2219209 -0.700671 -0.6780939 0.02387076 -0.7290973 -0.6839937 0.04982 -0.6854598 -0.7264041 -0.06250154 -0.6914039 -0.7197598 -0.04249995 -0.6612867 -0.7489283 -0.07179325 -0.6619719 -0.7460824 -0.04931479 -0.598537 -0.7995759 -0.04985523 -0.5985581 -0.7995266 -0.03716754 -0.5484329 -0.8353682 -0.02485018 -0.5477243 -0.8362898 -0.01908862 -0.5107715 -0.8595046 0.01030957 -0.5085359 -0.8609791 5.73865e-4 -0.4477983 -0.8941344 0.006267488 -0.3880168 -0.921631 0.004455387 -0.3747364 -0.9271208 0.02702373 -0.3079256 -0.9510267 0.02770918 -0.3146184 -0.9488137 0.05328476 -0.2427951 -0.9686131 0.05434781 -0.2574851 -0.9647527 0.04173296 -0.2588512 -0.9650154 0.04986923 -0.2117086 -0.9760597 0.03121268 -0.2136894 -0.9764029 0.03678822 -0.1801705 -0.9829473 0.008098244 -0.1831116 -0.9830588 0.03624218 -0.2534038 -0.9666815 0.995093 0.0984615 -0.009769201 0.9949381 0.1000146 -0.00976473 0.9950145 0.09924668 -0.009818732 0.9949917 0.09947335 -0.009826064 0.995005 0.09935104 -0.009714901 0.9949994 0.09941172 -0.009672939 0.9951951 0.09740567 -0.009945571 0.9949978 0.09942293 -0.009719789 0.9950598 0.0987975 -0.009758949 0.9949174 0.1002167 -0.009798467 0.9950474 0.09893393 -0.009631752 0.9950571 0.09840577 -0.01333409 0.9949508 0.09990262 -0.009604215 0.995007 0.09934419 -0.009582996 0.9951038 0.09835165 -0.009765982 0.9948961 0.1004291 -0.009791254 0.9950215 0.09918463 -0.009725511 0.9956768 0.09232276 -0.01021367 0.9951379 0.09795868 -0.0102244 0.9949476 0.09994137 -0.009556889 0.9950339 0.09906113 -0.009729206 0.7179529 0.5116806 -0.4719392 -0.1329865 0.9181969 -0.3731343 -0.1012288 0.9649451 -0.2421443 -0.06931 0.9909618 -0.1148517 0.005489885 0.9853407 0.1705099 0.02555406 0.9690979 0.2453498 -0.01927709 0.9997923 0.006607472 -0.02276045 0.9996915 0.009950935 -0.08318883 0.9822142 -0.16833 -0.1266235 0.9173819 -0.3773288 -0.2201342 0.6262186 -0.7479246 -0.2428114 0.431426 -0.868858 0.4746266 0.2243689 -0.85111 0.2472913 0.01258951 -0.9688594 0.7475045 0.6549752 0.1106554 0.3422748 0.4484 0.825703 0.2787361 0.03612697 -0.9596881 0.2692328 0.04716336 -0.9619197 0.231274 0.007776796 -0.9728576 0.2190197 0.0196675 -0.9755223 0.208863 0.007501661 -0.9779162 0.1824862 0.03028053 -0.9827421 0.1655121 0.004910886 -0.9861956 0.1247599 0.02657938 -0.991831 0.1219991 0.01973533 -0.992334 0.0823152 0.03497064 -0.9959926 0.07964599 0.02390438 -0.9965366 0.04875123 0.02903747 -0.9983888 0.04795157 0.02143329 -0.9986197 0.04051953 0.02216351 -0.998933 0.03925567 0.006037712 -0.999211 0.04372423 0.005696058 -0.9990275 0.04062533 -0.03742778 -0.9984732 0.04781246 -0.03784984 -0.998139 0.04605913 -0.07499152 -0.9961199 0.05132836 -0.07512813 -0.995852 0.05120235 -0.08118516 -0.995383 0.0565837 -0.08133572 -0.9950793 0.05627542 -0.116279 -0.991621 0.06365811 -0.1162042 -0.9911834 0.06390237 -0.1281355 -0.9896959 0.06625384 -0.1280546 -0.9895517 0.06642174 -0.1312315 -0.9891241 0.07025402 -0.1311106 -0.9888754 0.07107776 -0.1529898 -0.9856684 0.08115613 -0.1524738 -0.9849698 0.08411353 -0.1954443 -0.9771011 0.0914666 -0.1947135 -0.9765862 0.09466731 -0.2207515 -0.9707249 0.08860212 -0.2218125 -0.9710556 0.09609973 -0.2574012 -0.9615142 0.08628153 -0.2599194 -0.9617679 -0.2816304 0.922006 0.2656866 0.09134215 -0.3041473 -0.9482358 0.07909965 -0.3083492 -0.947979 0.09866577 -0.3553658 -0.9295054 0.05665761 -0.3730688 -0.9260722 0.07123911 -0.4010019 -0.9133031 0.02858251 -0.4215984 -0.9063321 0.02727723 -0.4188892 -0.9076276 0.0034886 -0.4258709 -0.9047772 0.002286016 -0.4229668 -0.9061424 -0.04875975 -0.4360187 -0.8986157 -0.07305914 -0.3485969 -0.9344211 -0.1228517 -0.3571026 -0.925951 -0.1295245 -0.3320826 -0.934315 -0.1420022 -0.3340127 -0.9318106 -0.2355489 0.2014583 -0.950753 -0.2302322 0.09714561 -0.9682748 -0.2478376 0.09594166 -0.9640393 -0.2450805 0.4309818 -0.8684413 -0.2424135 0.4311743 -0.869094 -0.2296021 0.1077988 -0.9672964 -0.2066747 0.1113198 -0.9720563 -0.2033739 0.09201025 -0.9747684 -0.1728574 0.09694671 -0.9801641 -0.1600695 0.03258925 -0.9865677 -0.136536 0.03888916 -0.9898716 -0.1360058 0.03725922 -0.9900072 -0.1599478 0.03031885 -0.9866598 -0.1598532 0.03015136 -0.9866802 -0.1402654 0.03949552 -0.989326 -0.1552665 0.07292658 -0.9851772 -0.08420956 0.1031396 -0.9910959 -0.1044838 0.154979 -0.9823771 -0.04658746 0.1750556 -0.9834558 -0.06009203 0.2186838 -0.9739438 -0.009273409 0.2319142 -0.972692 -0.01758211 0.2676915 -0.9633443 0.02796173 0.2754548 -0.9609073 0.02396553 0.3007382 -0.9534056 0.04310631 0.302712 -0.9521068 0.03881883 0.3435286 -0.9383397 0.04638177 0.343936 -0.9378469 0.04490584 0.3643873 -0.9301642 0.04801684 0.3644355 -0.9299899 0.04777151 0.3673142 -0.9288694 0.04967558 0.3673052 -0.9287731 0.0491001 0.378268 -0.9243931 0.05491697 0.3782402 -0.9240771 0.05425125 0.4097676 -0.9105753 0.05961716 0.4096094 -0.910311 0.05955708 0.4148093 -0.9079573 0.06446784 0.4147657 -0.9076417 0.06509733 0.446203 -0.8925611 0.07135975 0.4459166 -0.8922255 0.07300204 0.4802392 -0.8740945 0.07383674 0.4801218 -0.8740888 0.07454198 0.4925538 -0.8670837 0.09910136 0.4900943 -0.8660176 0.09950512 0.4954147 -0.8629386 0.1874821 0.4802489 -0.8568615 0.1887179 0.4867224 -0.8529284 0.2985272 0.4457125 -0.8439325 0.2994128 0.4482195 -0.8422893 0.4092772 0.3885015 -0.8255657 0.4155495 0.3994771 -0.8171515 0.4827972 0.3425174 -0.8059707 0.4876905 0.349812 -0.7998686 0.5202449 0.3180787 -0.7925726 0.542507 0.345312 -0.7657976 0.5658176 0.3186063 -0.7604871 0.6095873 0.3843735 -0.6932969 -0.2038124 0.7142918 -0.6695131 -0.2264038 0.7127408 -0.663884 -0.239988 0.5322749 -0.8118432 -0.241728 0.5320106 -0.8115001 -0.2409591 0.5218431 -0.8183022 -0.2362543 0.5225759 -0.819206 -0.2329862 0.4940252 -0.8376494 -0.24268 0.4914358 -0.8364194 -0.2426027 0.4914066 -0.8364589 -0.3080305 0.4713731 -0.8263926 -0.3088166 0.4740582 -0.8245612 -0.3173752 0.4702665 -0.8234819 -0.3287039 0.500521 -0.8008949 -0.2461561 0.5359321 -0.8075792 -0.2619464 0.5793519 -0.771839 -0.1792248 0.6080825 -0.7733784 -0.1901273 0.6425903 -0.7422462 -0.1122025 0.6627609 -0.7403774 -0.1192913 0.689659 -0.714241 -0.04570585 0.7024754 -0.7102389 -0.04954385 0.720688 -0.691487 -0.008656799 0.725046 -0.688646 -0.01321476 0.7535918 -0.6572098 0.01011449 0.7548583 -0.6558101 0.008345246 0.7688313 -0.6393975 0.017636 0.7690101 -0.6389933 0.01735717 0.7710459 -0.6365429 0.02306938 0.7711536 -0.636231 0.02229124 0.7785183 -0.6272259 0.03988152 0.7787619 -0.6260507 0.03842282 0.7989015 -0.6002334 0.05323296 0.7986683 -0.5994126 0.05302828 0.8019808 -0.5949913 0.06689095 0.8015694 -0.5941484 0.06639134 0.820648 -0.5675641 0.08454239 0.8195521 -0.5667337 0.08463603 0.838796 -0.5378272 0.09060031 0.8383121 -0.5376099 0.09067231 0.8447276 -0.52746 0.1264896 0.8410975 -0.5258854 0.1265386 0.8436605 -0.5217518 0.2503088 0.8207467 -0.5135372 0.2504411 0.8219832 -0.5114909 0.4049552 0.7664101 -0.4986249 0.4048641 0.7662373 -0.4989647 0.5573824 0.680041 -0.4763079 0.5576438 0.6805694 -0.475246 0.6519002 0.6034543 -0.4592048 0.6528702 0.6053246 -0.4553491 0.6987605 0.5600966 -0.4450008 0.7058612 0.5738464 -0.4152835 0.7366011 0.5392089 -0.4082555 0.7514166 0.5948389 -0.285552 -0.1379162 0.9107407 -0.3892692 -0.1827847 0.9075081 -0.3781783 -0.2013326 0.8479093 -0.4904235 -0.2274942 0.8441987 -0.4853606 -0.2277306 0.8417585 -0.4894708 -0.2498335 0.8380023 -0.4851137 -0.2498877 0.8365723 -0.4875479 -0.2906394 0.8262219 -0.4825829 -0.2907463 0.8270356 -0.4811224 -0.3814233 0.7973707 -0.467671 -0.3819112 0.8009207 -0.4611616 -0.416904 0.7861511 -0.4562428 -0.4210277 0.8045706 -0.4188104 -0.3471853 0.8361723 -0.4245917 -0.3541327 0.8591299 -0.3694401 -0.2671155 0.8894248 -0.3709082 -0.2725416 0.9054695 -0.32534 -0.1869797 0.927683 -0.3231761 -0.1911216 0.9387874 -0.2866196 -0.1078839 0.9533219 -0.2820258 -0.1106256 0.9601364 -0.2567105 -0.05822318 0.9657489 -0.2528618 -0.06195926 0.9752972 -0.2120293 -0.02868068 0.9772948 -0.2099342 -0.03029954 0.9814809 -0.1891486 -0.01711386 0.9819458 -0.1883866 -0.01740658 0.9825302 -0.1852874 -0.00928539 0.9827269 -0.1848282 -0.01007831 0.9846676 -0.1741501 0.01491773 0.9849384 -0.1722611 0.01306271 0.989938 -0.1408973 0.03365588 0.9896371 -0.1395915 0.0333389 0.9903793 -0.1343033 0.05273813 0.9896634 -0.1333605 0.05135124 0.9933534 -0.1030159 0.07697498 0.9918214 -0.1018097 0.07581305 0.9945359 -0.07177042 0.08545535 0.9937815 -0.0713849 0.08506858 0.9944956 -0.06117254 0.1235553 0.9905446 -0.05962723 0.1234021 0.9907318 -0.05676674 0.253718 0.9660182 -0.04935687 0.2538942 0.9658054 -0.05251413 0.4166946 0.9083099 -0.03658914 0.4171821 0.9078755 -0.04148787 0.5780878 0.8157265 -0.02012139 0.5794251 0.8143789 -0.03246259 0.6798762 0.7332054 -0.01334661 0.6799545 0.7331253 -0.01375591 0.729659 0.6838049 -0.002967894 0.7267343 0.6866602 0.01884484 0.7574554 0.6523714 0.02593928 0.7697916 0.6318373 -0.09056949 -0.0266903 0.9992927 0.02648842 -0.01443243 0.9962202 0.0856567 0.03371316 0.9988443 0.03425818 -0.03168404 0.9990319 0.03051948 -0.05559581 0.9965417 -0.06175619 -0.1169216 0.9920465 -0.04661762 -0.1216737 0.9901602 -0.06912684 -0.1668631 0.9841444 -0.06013882 -0.1664972 0.9843575 -0.05761158 -0.2106679 0.9763201 -0.04917442 -0.2068623 0.9781437 -0.0210452 -0.2689805 0.9630554 -0.0131855 -0.268743 0.9631628 -0.009732007 -0.3633061 0.9316667 0.002459347 -0.3618133 0.9321435 0.01413744 -0.4144346 0.9097875 0.02303457 -0.4092861 0.9099364 0.06708788 -0.3624371 0.9298307 0.06367379 -0.3582021 0.9252158 0.1251679 -0.2885342 0.9494075 0.1239895 -0.2868846 0.9422066 0.1730435 -0.2150366 0.9608111 0.1749326 -0.2151811 0.9531039 0.2128148 -0.1430497 0.9656208 0.2170562 -0.1440712 0.959391 0.2425128 -0.09321326 0.964745 0.2461268 -0.09525001 0.9534866 0.2859909 -0.06029403 0.9555562 0.2885777 -0.06139969 0.9492859 0.3083608 -0.04760068 0.9497573 0.3093464 -0.04782456 0.9489714 0.3117147 -0.03930664 0.94915 0.3123607 -0.03995281 0.945615 0.3228254 -0.01375663 0.945828 0.3243766 -0.01553875 0.9353674 0.3533363 0.005735754 0.9349794 0.3546558 0.005379378 0.9332332 0.3592312 0.02553373 0.9325402 0.3601621 0.02368468 0.9219011 0.3867009 0.05047708 0.9202538 0.3880531 0.04865622 0.9100426 0.4116494 0.05966883 0.9091498 0.4121729 0.05905848 0.9057731 0.4196276 0.09102445 0.9025924 0.4207632 0.09089559 0.9020243 0.4220073 0.1969835 0.8826292 0.4268059 0.1985434 0.8859419 0.4191511 0.331144 0.8379972 0.43371 0.3338 0.8410844 0.4256227 0.4673317 0.7661055 0.4412296 0.4764913 0.773235 0.4184062 0.5602217 0.7042755 0.4360592 0.5631035 0.7057251 0.4299611 0.6061936 0.6632098 0.4389558 0.6015313 0.6608166 0.4488672 0.6297749 0.6291266 0.4556131 0.6817748 0.6434121 0.3481436 0.03322064 0.9613556 0.2732977 -0.03676438 0.9562299 0.2902979 -0.01738232 0.9305083 0.3658583 -0.07215666 0.9233243 0.3771815 -0.07021367 0.9196435 0.3864272 -0.1271902 0.9090917 0.3967053 -0.1144556 0.8857062 0.4499162 -0.1828486 0.8692365 0.4593414 -0.1819249 0.8669841 0.4639416 -0.2579862 0.8427366 0.4724809 -0.2534162 0.836116 0.4865083 -0.3102931 0.8104481 0.4968823 -0.2961874 0.789894 0.5369737 -0.2878942 0.7933756 0.5363509 -0.2730252 0.7606537 0.5889511 -0.2379376 0.7727175 0.5884671 -0.2295461 0.7431831 0.6284803 -0.189307 0.7535436 0.6295514 -0.1853727 0.7287575 0.6592038 -0.1423659 0.7360566 0.6617799 -0.1414625 0.7185307 0.6809568 -0.1048647 0.7223817 0.683497 -0.1047577 0.6935682 0.7127335 -0.0768314 0.6951432 0.7147538 -0.07720071 0.680386 0.7287764 -0.06619441 0.6807094 0.7295567 -0.06633502 0.6787622 0.731356 -0.05951291 0.6787881 0.7319187 -0.05987513 0.670874 0.7391503 -0.03899192 0.6711153 0.7403269 -0.04030084 0.6487138 0.7599648 -0.02360367 0.6483381 0.7609866 -0.02392065 0.6446991 0.7640621 -0.008004605 0.6441572 0.7648513 -0.009806215 0.6238797 0.7814589 0.01159828 0.622604 0.7824512 0.009735107 0.6055973 0.7957118 0.01946449 0.604776 0.7961578 0.01888841 0.5998765 0.7998697 0.03667336 0.5981981 0.8005087 0.03666454 0.5981903 0.8005149 0.09311783 0.5885679 0.8030673 0.0963701 0.5983127 0.7954463 0.167917 0.5714301 0.8032881 0.1734012 0.5805416 0.7955523 0.2483068 0.5399265 0.8042532 0.2701759 0.5645021 0.7799631 0.3192605 0.5226718 0.790498 0.3270983 0.5286569 0.7832808 0.3544695 0.5020021 0.7888887 0.3545236 0.5017808 0.7890052 0.3764554 0.4769366 0.7942372 0.5612668 0.5878728 0.5825679 -0.3288146 -0.9440906 0.02395713 -0.2595811 -0.9476836 -0.1857783 0.1414479 -0.947979 -0.2851813 -0.04965609 -0.9725538 -0.2273182 -0.04879635 -0.9684095 -0.2445449 0.1460799 -0.9472341 -0.2853212 -0.2489007 -0.9682849 0.02174663 -0.2503448 -0.9679647 0.01928991 -0.2609132 -0.9629182 0.06865102 0.01259022 -0.9856768 0.1681753 0.01209676 -0.985957 0.1665606 -0.05547273 -0.9926301 -0.107742 0.07743561 -0.9966117 -0.02772921 0.07353097 -0.996787 -0.03176712 -0.2731778 -0.9583381 0.08343881 -0.2776985 -0.9551513 0.102808 -0.2766107 -0.9564124 0.09360432 -0.2808193 -0.9539154 0.1057645 -0.2795 -0.9549329 0.0999155 -0.2817518 -0.9534608 0.1073701 -0.2803549 -0.9544359 0.1022413 -0.2820889 -0.9532772 0.1081128 -0.2808979 -0.9540916 0.1039504 -0.2823415 -0.9531689 0.1084085 -0.2815208 -0.9537318 0.1055541 -0.2827706 -0.9529658 0.109074 -0.2824993 -0.9531059 0.1085506 -0.2830803 -0.9527833 0.1098617 -0.33735 -0.9357931 0.1024025 -0.3060182 -0.9356841 0.1756364 -0.2339495 -0.9582656 0.1643012 -0.1427124 -0.9597166 0.2420275 -0.262412 -0.9629181 0.06267964 -0.2733814 -0.957189 0.09514093 -0.05491888 -0.9984506 0.008967876 -0.05660974 -0.994859 0.08396977 -0.09191083 -0.9305183 0.3545252 -0.06606066 -0.9898967 0.1254614 -0.1080089 -0.9462389 0.3049033 -0.07423478 -0.9856246 0.1517677 -0.07663518 -0.9839206 0.1613301 -0.07844233 -0.982712 0.1677021 -0.08054089 -0.9812757 0.1749606 -0.0842511 -0.9788648 0.1863483 -0.06640791 -0.9881412 0.1384449 -0.1413887 -0.9263877 0.3490201 -0.001741588 -0.9661011 0.2581581 -0.2995656 -0.9228204 0.2422047 -0.8626192 0.500055 0.07637625 -0.9963528 0.06010854 0.06056463 -0.9545323 0.1814652 0.2365136 -0.9548346 0.1935448 0.2254583 -0.9397552 0.2425547 0.2408891 -0.9277749 0.3337821 0.1668034 -0.9075313 0.3493483 0.2331152 -0.8487757 0.4892687 0.2004898 -0.2491232 0.901331 0.3543164 -0.1169189 0.8882598 0.4442123 -0.4020727 0.8863246 0.2297092 -0.4867907 0.8712596 0.062783 -0.5782911 0.8153362 -0.02839672 -0.6147374 0.7867472 -0.05591833 -0.128906 0.8898274 0.4377106 -0.1982387 0.8276066 0.525137 -0.1815558 0.8130074 0.5532239 -0.2454954 0.7394884 0.6268086 -0.1592798 0.6854817 0.710454 -0.8135007 0.5722669 0.1035725 -0.7614081 0.6456791 0.05793368 -0.747652 0.6569406 0.09718841 -0.6930144 0.7202501 0.03115862 -0.6878353 0.7240128 0.05184781 -0.6366851 0.7710598 -0.009952425 -0.5978614 0.800495 0.04206424 -0.5456965 0.8369851 -0.04088246 -0.5266845 0.8495067 0.0306909 -0.2115531 0.6112584 0.7626326 -0.2223524 0.5758894 0.7867088 -0.1495422 0.4071538 0.9010344 -0.1556786 0.4076279 0.8997797 -0.3519194 0.8958221 0.2713959 -0.3144938 0.9013081 0.2978883 -0.3897861 0.8338811 0.3907802 -0.3755546 0.8379483 0.3959819 -0.4531623 0.7465518 0.4871391 -0.3952913 0.7514764 0.5282312 -0.5307782 0.5401338 0.6530927 -0.4396627 0.5422384 0.7160128 -0.5824365 0.211511 0.7848764 -0.4055852 0.9132992 0.03721809 -0.3486942 0.9363045 -0.04179143 -0.479955 0.8631404 0.1569457 -0.489828 0.8588883 0.1495984 -0.5515208 0.8033825 0.2245026 -0.554036 0.8019819 0.2233148 -0.6178973 0.7268477 0.2998258 -0.6079306 0.7311583 0.3095612 -0.7220811 0.5533302 0.4152405 -0.6882311 0.5656436 0.4542965 -0.8086004 0.2870103 0.5136055 -0.7664863 0.2941433 0.5709453 -0.8234717 0.1154819 0.5554804 -0.1758704 -0.07795965 0.9813216 -0.1787717 -0.08923214 0.9798359 -0.1831684 -0.08336037 0.979541 -0.1951526 -0.1430878 0.9702791 -0.2209368 -0.1348535 0.96592 -0.2204978 -0.2136054 0.9517108 -0.236485 -0.2062331 0.949496 -0.2309634 -0.2663177 0.9358049 -0.2896344 -0.2653054 0.9196332 -0.2765152 -0.3084242 0.9101725 -0.3078434 -0.3073377 0.900431 -0.3031951 -0.318392 0.8981644 -0.3500962 -0.332184 0.8758348 -0.3589999 -0.3191397 0.8770799 -0.3658548 -0.319216 0.8742148 -0.3697153 -0.3141429 0.8744284 -0.2837688 -0.3896232 0.8761672 -0.3707129 -0.5403575 0.7553713 -0.2687624 -0.645487 0.714922 -0.3111273 -0.6458801 0.6971648 -0.1885629 -0.7531956 0.6301909 -0.2629727 -0.7801514 0.5676348 -0.1749154 -0.8496116 0.4975587 -0.1875953 -0.849769 0.4926465 -0.1071305 -0.9008793 0.4206421 -0.1262238 -0.9048557 0.4065758 -0.2245048 -0.9207265 0.3191556 -0.2949349 -0.8761149 0.381361 -0.2937201 -0.8749644 0.3849232 -0.365419 -0.8186658 0.4430071 -0.3382919 -0.8052805 0.4869108 -0.4311372 -0.7254707 0.5364822 -0.4294858 -0.7073599 0.5614126 -0.5212941 -0.6091308 0.5976723 -0.4782765 -0.5429559 0.690254 -0.5567772 -0.4483239 0.699289 -0.5561226 -0.4456934 0.7014877 -0.5673457 -0.4289955 0.7029095 -0.5515575 -0.4180691 0.7218052 -0.5703688 -0.3741183 0.7312421 -0.561178 -0.3673465 0.7417114 -0.5829935 -0.2933278 0.7576791 -0.5640071 -0.2884024 0.7737701 -0.5733959 -0.196129 0.7954562 -0.569428 -0.1940211 0.7988164 -0.5687331 -0.08051621 0.8185718 -0.5649657 -0.08036148 0.8211917 -0.5470397 0.01626479 0.8369486 -0.214583 -0.9203224 0.3270487 -0.3370904 -0.9177324 0.2100892 -0.398975 -0.8780991 0.264123 -0.4006366 -0.878999 0.2585563 -0.4672505 -0.8267781 0.3132333 -0.4655233 -0.8264865 0.3165567 -0.5499498 -0.7535124 0.360242 -0.5499079 -0.7486354 0.370333 -0.6367273 -0.6555147 0.406053 -0.6219933 -0.6344223 0.4589474 -0.7033706 -0.5368308 0.4659213 -0.7033825 -0.5372166 0.4654584 -0.7398486 -0.4814579 0.4699175 -0.7397595 -0.4813998 0.4701173 -0.7783693 -0.3933245 0.4893231 -0.7792881 -0.3940668 0.4872593 -0.812203 -0.2787389 0.5124754 -0.8173315 -0.2795717 0.5037944 -0.8319547 -0.1516157 0.5337266 -0.8351243 -0.1537392 0.5281398 -0.8325625 -0.009715199 0.553846 -0.2525573 0.1882063 0.9491012 -0.1072516 0.02564013 0.9939013 -0.487076 0.2095599 0.8478454 -0.5459982 0.01687222 0.8376165 -0.8208959 0.1177036 0.5588164 -0.8424367 -0.009893357 0.5387045 -0.9757313 0.06217324 0.2099598 -0.9797021 -0.08284074 0.1825414 -0.9757664 -0.09510987 0.1970636 -0.9597927 -0.2249589 0.1679037 -0.947655 -0.2415553 0.2088088 -0.9114552 -0.3701187 0.1796154 -0.9042438 -0.3791784 0.1963852 -0.8538594 -0.4911722 0.1722612 -0.8454619 -0.4964254 0.1968659 -0.7917804 -0.5805709 0.1897932 -0.7894515 -0.5825116 0.1935112 -0.7173669 -0.6705093 0.1892139 -0.7164186 -0.670845 0.1916027 -0.6447539 -0.7472103 0.1611497 -0.6398672 -0.7504357 0.1655785 -0.5769525 -0.8057607 0.1337002 -0.5508489 -0.8171108 0.1699874 -0.5011942 -0.85569 0.128838 -0.4884733 -0.8618828 0.1362055 -0.4421105 -0.8918015 0.09606492 -0.3799253 -0.912236 0.1532398 -0.1060578 -0.9494191 -0.2955591 -0.4980127 0.8643906 -0.06937009 -0.6133078 0.7874982 -0.06082993 -0.6535873 -0.7509683 -0.0941829 -0.6744071 -0.7304042 -0.1080962 -0.7201696 -0.6812933 -0.1311306 -0.7172149 -0.6708185 -0.1886939 -0.8083894 -0.5557401 -0.194061 -0.8088672 -0.5540401 -0.19691 -0.5682774 0.8204101 -0.063151 -0.4512318 0.8902452 -0.06207513 -0.3410111 0.9367776 -0.07848036 -0.2787176 0.9570561 -0.07975101 -0.2586851 0.96335 -0.07098436 -0.2510797 0.9647051 -0.07939243 -0.2629364 0.960451 -0.09164339 -0.2682528 0.9514933 -0.1506689 -0.2692895 0.9510259 -0.1517658 -0.2885944 0.9292381 -0.2307162 -0.2734724 0.9365625 -0.2192338 -0.3211058 0.887946 -0.3293069 -0.2972338 0.8923431 -0.3396703 -0.331309 0.8604373 -0.387146 -0.323265 0.8628028 -0.3886787 -0.3816846 0.7991353 -0.4644349 -0.3363156 0.798882 -0.4986778 -0.4181354 0.7019674 -0.5765455 -0.3900831 0.7059576 -0.5911507 -0.4777517 0.5768116 -0.6626023 -0.371149 0.5557567 -0.7438971 -0.4841421 0.3577329 -0.7985197 -0.4242137 0.1836137 -0.8867519 -0.4451346 0.2610481 -0.8565682 -0.4007916 0.3532623 -0.8453235 -0.5708127 0.8185839 -0.06397998 -0.5717033 0.8171421 -0.0737183 -0.5742716 0.8151928 -0.07531875 -0.5764028 0.812841 -0.08396065 -0.5795332 0.8104913 -0.08511853 -0.5880495 0.8020043 -0.1048188 -0.6053664 0.790237 -0.095169 -0.6150491 0.7809748 -0.1085949 -0.62459 0.7737832 -0.1055797 -0.6550058 0.7413858 -0.1459957 -0.6948138 0.712575 -0.09731799 -0.7378625 0.6609325 -0.1368474 -0.7484773 0.6511214 -0.1257885 -0.7959284 0.5819969 -0.166666 -0.8074281 0.5725032 -0.1424787 -0.8689311 0.4650185 -0.1694605 -0.8692672 0.4646781 -0.1686678 -0.9257263 0.3334031 -0.1785306 -0.9291231 0.3310353 -0.1647605 -0.9644957 0.1959862 -0.1770239 -0.9685205 0.1899386 -0.1609078 -0.9828534 0.0365194 -0.1807363 -0.9885521 0.02494072 -0.1488042 -0.9769183 -0.1243916 -0.1736584 -0.9787853 -0.1361953 -0.1530693 -0.9410996 -0.2866091 -0.179407 -0.9423349 -0.3023668 -0.1434549 -0.8920055 -0.4212555 -0.1639211 -0.878194 -0.4628723 -0.1205184 -0.8590654 -0.4833782 -0.1683813 -0.8438022 -0.5026885 -0.1878889 -0.4113015 0.1756416 -0.8944166 -0.4120527 0.1725643 -0.8946698 -0.3827666 0.1758317 -0.9069581 -0.3870448 0.1359506 -0.9119835 -0.3426579 0.1451293 -0.9281827 -0.3385897 0.1036978 -0.9352026 -0.3160462 0.1157592 -0.9416553 -0.303206 0.06019437 -0.951022 -0.2741195 0.07775324 -0.9585474 -0.649241 -0.7547336 -0.09414577 -0.5818377 -0.8110709 -0.06024104 -0.5735705 -0.8143336 -0.08875715 -0.4941868 -0.8690101 -0.02451473 -0.4882302 -0.8714666 -0.04666054 -0.4181467 -0.9082333 0.01629918 -0.3782107 -0.924975 -0.03711926 -0.2573336 -0.9534406 -0.1572598 -0.343801 -0.9090037 -0.2356121 -0.3422096 -0.9093664 -0.2365276 -0.441613 -0.8397157 -0.3159994 -0.4206927 -0.8421495 -0.3373457 -0.5210193 -0.759132 -0.3902019 -0.5086774 -0.767144 -0.3908166 -0.6148108 -0.6543731 -0.4402315 -0.5728796 -0.6544155 -0.4935073 -0.72708 -0.4617375 -0.5080879 -0.694688 -0.4693323 -0.5451016 -0.7814351 -0.336306 -0.5256021 -0.777096 -0.3359676 -0.5322103 -0.8389704 -0.1972161 -0.5071829 -0.8317229 -0.1954488 -0.5196508 -0.8667268 -0.05367463 -0.4958868 -0.8632721 -0.05419284 -0.5018212 -0.8743239 0.07776522 -0.4790726 -0.871017 0.07745325 -0.4851087 -0.8584652 0.2078434 -0.4688698 -0.8580324 0.2076027 -0.4697678 -0.8320045 0.309499 -0.4604116 -0.8374192 0.3137956 -0.4475057 -0.7760373 0.4543077 -0.4374591 -0.7831965 0.4688924 -0.408342 -0.7043853 0.6040362 -0.3728026 -0.7149891 0.6067691 -0.3473066 -0.6528664 0.6979117 -0.2944227 -0.6525183 0.6977592 -0.2955539 -0.5916365 0.7698696 -0.2393052 -0.5766824 0.7741494 -0.2610176 -0.5327832 0.8215727 -0.2028803 -0.5310772 0.8214447 -0.2078117 -0.5102182 0.8412318 -0.1789039 -0.5062923 0.8425108 -0.1839666 -0.4850345 0.8640772 -0.1345818 -0.4858177 0.863973 -0.1324076 -0.477984 0.8725925 -0.1005672 -0.4764626 0.8731324 -0.1030696 -0.4735052 0.8779593 -0.07057356 -0.2469545 -0.9539751 -0.1701328 -0.08320879 -0.9429878 -0.3222582 -0.1851349 -0.8903561 -0.4159221 -0.1609996 -0.8895592 -0.4275088 -0.282781 -0.8041355 -0.5228777 -0.2144828 -0.7885016 -0.5764221 -0.3373592 -0.6857923 -0.6448858 -0.3079569 -0.7005102 -0.6437765 -0.4406168 -0.5609259 -0.7008702 -0.346363 -0.5321023 -0.772593 -0.5282904 -0.3015791 -0.7936999 -0.4639573 -0.3029163 -0.8324574 -0.5538592 -0.1663236 -0.8158287 -0.5576866 -0.1669859 -0.8130815 -0.6029335 -0.06802326 -0.7948861 -0.610728 -0.06969249 -0.7887676 -0.6344246 0.02952098 -0.7724208 -0.6419496 0.03025901 -0.7661495 -0.6497045 0.1150606 -0.7514287 -0.664978 0.1168393 -0.7376672 -0.6565886 0.1989877 -0.7275269 -0.666838 0.2037134 -0.7168179 -0.6539496 0.2551959 -0.7121974 -0.6801927 0.2725234 -0.6804918 -0.6212482 0.4048715 -0.6709171 -0.6458218 0.4451357 -0.6202971 -0.5603237 0.5913382 -0.5799626 -0.6021502 0.6138931 -0.5104414 -0.5352251 0.7120133 -0.4545009 -0.5411688 0.7163537 -0.4404245 -0.4729413 0.7965629 -0.3765823 -0.4825892 0.796316 -0.3646758 -0.4334938 0.8496711 -0.3002369 -0.4340932 0.8499059 -0.2987024 -0.4087801 0.8737493 -0.2635547 -0.4153221 0.8730566 -0.2554991 -0.3850868 0.9040922 -0.1852716 -0.387895 0.9049429 -0.1749742 -0.3759404 0.9179693 -0.1264967 -0.3748368 0.9181329 -0.1285665 -0.370165 0.9257553 -0.07716858 -0.3708683 0.9255053 -0.07679009 -0.251924 0.03014999 -0.9672772 -0.2306074 0.03351616 -0.9724696 -0.2079805 -0.01052558 -0.9780763 -0.1905144 -0.03783673 -0.9809551 -0.2163924 -0.1483699 -0.9649667 -0.1054259 -0.2927269 -0.9503664 -0.1789188 -0.4541461 -0.8727769 -0.1060957 -0.5276657 -0.8428005 -0.08553826 -0.5721218 -0.8156961 -0.009890377 -0.6368939 -0.770888 -0.07774788 -0.7347123 -0.6739088 0.01729732 -0.7995778 -0.6003134 -7.0267e-4 -0.8293581 -0.5587172 0.09413546 -0.8778176 -0.4696541 0.03961479 -0.9116788 -0.4089895 0.3002191 0.949257 0.09370076 0.8630606 -0.4822142 0.1503196 0.9965984 -0.05019831 0.06536096 0.9554963 -0.1425253 0.2582895 0.955761 -0.1561754 0.2492594 0.9407551 -0.2021713 0.2722257 0.9285149 -0.3038636 0.2133705 0.9085345 -0.3088554 0.2813777 0.8496948 -0.4521402 0.2712711 0.2507709 -0.834882 0.489986 0.1189028 -0.8078721 0.577239 0.3954876 -0.8403242 0.3707358 0.4873035 -0.8508545 0.1964234 0.5784287 -0.8099145 0.0972566 0.6147176 -0.7860313 0.06540125 0.1308727 -0.8104355 0.5710224 0.2005234 -0.7353311 0.6473627 0.1839445 -0.7165095 0.6728882 0.2481467 -0.6324033 0.7338183 0.1622398 -0.5659531 0.8083165 0.8140717 -0.5492653 0.1886664 0.7618228 -0.6289002 0.1552757 0.7482241 -0.6338761 0.1958619 0.6933512 -0.7067184 0.1407598 0.6882501 -0.7071992 0.1618057 0.6368746 -0.7633196 0.1083242 0.5982639 -0.7842416 0.1644551 0.5457873 -0.8332428 0.08844625 0.5270617 -0.8344104 0.1611381 0.2146944 -0.4845023 0.8480353 0.2255739 -0.4457996 0.8662444 0.1531555 -0.2612352 0.9530476 0.158886 -0.2618544 0.9519389 0.3532521 -0.8424442 0.406818 0.3159163 -0.8437079 0.4339976 0.3915516 -0.7626008 0.5149052 0.3773415 -0.7658025 0.5207302 0.4552739 -0.6612925 0.5961694 0.3975629 -0.6597095 0.6377517 0.5334683 -0.4314785 0.7274876 0.4425997 -0.4236889 0.7903122 0.585538 -0.08630287 0.8060379 0.4060087 -0.896353 0.178068 0.3096936 -0.9492384 0.05510461 0.4812524 -0.8280004 0.2877697 0.4906262 -0.8250974 0.2801789 0.5526323 -0.7585399 0.3452752 0.5551407 -0.7573422 0.3438772 0.6192765 -0.6711832 0.4074431 0.6093487 -0.6739154 0.4177705 0.7238539 -0.4817811 0.4938853 0.6901575 -0.4878224 0.5345202 0.8106714 -0.2033772 0.5490445 0.7687822 -0.20144 0.6069564 0.8256525 -0.02741521 0.5635126 0.1796471 0.2304567 0.9563559 0.1825401 0.2413604 0.9531129 0.1869353 0.235512 0.953724 0.1988655 0.2930515 0.9351863 0.2246371 0.2842271 0.9320693 0.2241172 0.3597871 0.9057179 0.2400991 0.3521564 0.9046205 0.2345079 0.4093602 0.8817201 0.2931138 0.4058133 0.8656789 0.2799431 0.4469237 0.8496417 0.3112354 0.4443195 0.8400671 0.3065718 0.4548836 0.8361189 0.353388 0.464998 0.8117227 0.3622972 0.452307 0.8149597 0.3691388 0.4519307 0.8120932 0.3729993 0.4469638 0.8130774 0.2870397 0.5218018 0.8033251 0.3734736 0.6517576 0.6600981 0.2713342 0.7492982 0.6040943 0.3136247 0.7468931 0.5863363 0.1907716 0.8424439 0.5038796 0.2649359 0.8592638 0.4375783 0.1765817 0.9169299 0.3578527 0.1892406 0.9163172 0.3529176 0.1084822 0.9555597 0.2741117 0.1275275 0.957277 0.2595331 0.2254592 0.9592489 0.1703233 0.2961457 0.9248991 0.2384524 0.2949361 0.9243179 0.2421761 0.3668801 0.8777785 0.3080648 0.3399267 0.8714321 0.3536325 0.4329931 0.8003333 0.4147093 0.43144 0.7863442 0.442179 0.5234219 0.6949685 0.4929993 0.4807817 0.6441045 0.5949608 0.5593433 0.5520281 0.618385 0.5587011 0.5497743 0.6209681 0.5699332 0.5334991 0.6249439 0.5542222 0.5256704 0.6453747 0.5730842 0.4837297 0.6614983 0.5639339 0.4786812 0.6729362 0.5858335 0.4080656 0.7002011 0.566911 0.4057253 0.7169373 0.5764126 0.3179765 0.7527546 0.5724585 0.3164222 0.7564181 0.5718739 0.2074058 0.7936896 0.5681189 0.2076637 0.7963146 0.5502836 0.1146942 0.8270631 0.2155667 0.9600873 0.1782227 0.337622 0.939196 0.06262946 0.3997319 0.908483 0.1219547 0.4013667 0.9085013 0.1163195 0.4682089 0.8654573 0.1782253 0.4664949 0.8656902 0.181557 0.5511108 0.8004231 0.2357962 0.5511093 0.7971842 0.2465281 0.6380943 0.7107722 0.2960383 0.6235719 0.6982169 0.3516407 0.7050055 0.6028926 0.3734806 0.7050174 0.6032008 0.3729603 0.7415168 0.5488161 0.3859452 0.7414276 0.5487901 0.3861538 0.7801404 0.4647899 0.4187498 0.7810492 0.4652025 0.4165921 0.8140979 0.3552259 0.4594118 0.8191936 0.3546882 0.4506863 0.8339703 0.2329892 0.5002097 0.8371181 0.234212 0.4943463 0.8347 0.09598112 0.5422763 0.2567221 -0.03801244 0.9657375 0.1111091 0.1301227 0.9852527 0.4904208 -0.07449686 0.8682958 0.5492449 0.114202 0.8278212 0.82309 -0.0290898 0.5671656 0.8445139 0.09378588 0.5272575 0.9765557 -0.02885991 0.2133218 0.980376 0.1100813 0.1635397 0.9764937 0.1244679 0.1759772 0.9603674 0.2481622 0.126926 0.9483835 0.270956 0.1647779 0.9120303 0.3933841 0.1159723 0.9048835 0.4049518 0.1311486 0.8543704 0.5118124 0.08999705 0.8460672 0.5208518 0.1135069 0.7923331 0.6028715 0.09356468 0.7900166 0.6053721 0.09694528 0.7178909 0.6916346 0.0792104 0.7169499 0.6923415 0.08152413 0.6451451 0.763024 0.03977602 0.6402776 0.7669017 0.0436657 0.5772228 0.8165782 0.003772318 0.5512536 0.8334751 0.03793257 0.5014231 0.8651601 -0.008547902 0.4887359 0.8724291 -0.002197563 0.4422078 0.8957147 -0.04634058 0.3802409 0.9248596 0.007190108 0.3236769 0.9385765 -0.1196138 -0.1425083 0.8915967 -0.4298219 0.007513523 0.9938761 0.1102451 0.2444477 0.9693674 0.02392268 0.1656236 0.9793497 0.1159442 0.342145 0.9387621 -0.04077583 0.2480634 0.9073888 0.3392789 -0.01000893 0.9969488 -0.07741326 0.1117464 0.9882733 0.1040616 0.02074223 0.9959464 -0.08752447 0.09277915 0.9941726 0.05488979 0.08172935 0.9964249 0.02139407 0.09181118 0.9941611 0.05669671 0.07791668 0.9969121 0.009763836 0.07560384 0.9971372 0.001243412 0.07201176 0.9973184 -0.01305228 0.1022616 0.9836115 0.1484959 0.067124 0.9972015 -0.03291904 0.09903591 0.9747213 0.2002758 0.05929499 0.9963266 -0.06178623 0.07120591 0.9774496 0.1988014 0.04378986 0.9919937 -0.1184527 0.05326443 0.9779887 -0.201745 -0.04370975 0.9966499 -0.06912732 -0.04102832 0.9964907 -0.07295852 -0.1507107 0.8906766 -0.4289307 0.009061157 0.943827 -0.330316 0.05961948 0.9415255 -0.3316252 0.3598855 0.9281147 0.09531891 0.2828639 0.9586048 -0.03263413 0.2905451 0.9565722 -0.02352344 0.2831376 0.9582782 -0.03919363 0.2847637 0.957894 -0.03672772 0.2830076 0.9581909 -0.04215365 0.2817834 0.9584053 -0.0453599 0.2824491 0.9583159 -0.04304778 0.280821 0.95854 -0.04838091 0.2821169 0.958393 -0.04350632 0.2801172 0.9586421 -0.0503965 0.2815124 0.9585209 -0.04459309 0.2787434 0.9588497 -0.05393809 0.2802665 0.9588224 -0.04593974 0.2771121 0.9590442 -0.05867838 0.2786605 0.959187 -0.04804897 0.2742162 0.9594146 -0.0657978 0.2748705 0.9600127 -0.05312198 0.26811 0.9600725 -0.07986181 0.2666401 0.9614263 -0.06754708 0.2572237 0.9602921 -0.1080515 0.2574032 0.960193 -0.1085035 0.214819 0.9350187 -0.2821221 0.1046169 0.8914598 -0.4408568 0.4980022 -0.8647531 0.06477606 0.6133714 -0.7874563 0.06072878 0.6529848 0.7267933 -0.2130315 0.6737773 0.7042801 -0.2236375 0.7194516 0.6521714 -0.2388764 0.7162741 0.6328099 -0.2941142 0.8074629 0.5182998 -0.2817251 0.8079087 0.5162784 -0.2841483 0.5682755 -0.8203638 0.06376737 0.4512571 -0.8891345 0.07620298 0.3141272 -0.9469536 0.06784498 0.3081887 -0.9488906 0.06801748 0.2587123 -0.9626706 0.07958358 0.2510608 -0.9653251 0.0715276 0.2628684 -0.963043 0.05872243 0.2679545 -0.9634311 -0.001016736 0.2690016 -0.9631373 -0.002175092 0.28798 -0.9539785 -0.0836209 0.2729043 -0.9594103 -0.07109916 0.3201007 -0.9286246 -0.1875953 0.2961853 -0.9345856 -0.1970382 0.3300656 -0.9105076 -0.2490639 0.3220172 -0.9130839 -0.2501659 0.3801254 -0.8620665 -0.3351807 0.3346233 -0.8671597 -0.3688648 0.4161173 -0.783645 -0.461245 0.3880042 -0.7898604 -0.4749456 0.4753568 -0.6735123 -0.566054 0.3684381 -0.6653947 -0.6492329 0.4811519 -0.4783937 -0.7345967 0.4208298 -0.3202009 -0.8487484 0.4418929 -0.3919648 -0.8069041 0.3976196 -0.4812729 -0.7812011 0.5708109 -0.8186877 0.06265306 0.5716603 -0.8187899 0.0527991 0.5742273 -0.817111 0.05091869 0.5763198 -0.8161447 0.04199373 0.5794414 -0.8140085 0.04047232 0.5878868 -0.8087044 0.01965528 0.6052366 -0.7955782 0.02727556 0.6148506 -0.788544 0.01253402 0.624412 -0.7809634 0.01434808 0.6546634 -0.7552946 -0.0307579 0.6946473 -0.7192391 0.01266288 0.7375248 -0.6744319 -0.0346257 0.7481825 -0.6630113 -0.02527987 0.7954534 -0.6011481 -0.07664871 0.8070443 -0.5879896 -0.05429232 0.8684098 -0.486068 -0.09799182 0.8687506 -0.485605 -0.09726458 0.9251304 -0.3575066 -0.1277605 0.9285781 -0.3530182 -0.1145466 0.9638617 -0.221562 -0.1479223 0.9679477 -0.2130679 -0.132964 0.9821572 -0.06464207 -0.1766033 0.9879758 -0.04821276 -0.1468988 0.9762002 0.09539681 -0.1947635 0.9781438 0.1102716 -0.1762809 0.9403092 0.2547309 -0.2256788 0.9416801 0.2759144 -0.1926388 0.8912349 0.3901554 -0.2312559 0.8775795 0.4380525 -0.1948444 0.8565887 0.4517945 -0.2492741 0.8416034 0.4688063 -0.2681872 0.4078871 -0.3135221 -0.8575152 0.4086359 -0.3105204 -0.8582504 0.379303 -0.3156642 -0.8697617 0.3835462 -0.2770606 -0.8809823 0.3391065 -0.2886459 -0.8953716 0.3350014 -0.248821 -0.9087696 0.3124304 -0.2617374 -0.9131707 0.2995413 -0.2083188 -0.9310631 0.2704235 -0.2268299 -0.9356385 0.6486405 0.7305169 -0.2135667 0.5813542 0.7914831 -0.1886317 0.5729727 0.7902492 -0.2172757 0.4938247 0.8543255 -0.162066 0.4877809 0.8532877 -0.184309 0.4179295 0.8994733 -0.1276047 0.37778 0.9076659 -0.1828247 0.2564309 0.9170243 -0.3054665 0.3426091 0.8608494 -0.3762412 0.3410087 0.8610658 -0.3771989 0.4401281 0.7798094 -0.4451794 0.4191265 0.7788813 -0.4665586 0.5192745 0.6885844 -0.5061675 0.5069215 0.6964109 -0.5079789 0.6129 0.5772632 -0.5395562 0.5707659 0.5689815 -0.592019 0.7249687 0.3763472 -0.5768738 0.6924256 0.3780711 -0.614499 0.7792903 0.2497059 -0.5747639 0.774926 0.2483394 -0.5812205 0.8369414 0.1151916 -0.5350326 0.8296409 0.1114975 -0.5470507 0.8647819 -0.02482491 -0.5015339 0.8613053 -0.02524012 -0.5074605 0.8724858 -0.1520171 -0.4643913 0.8691527 -0.1526548 -0.4703936 0.8567045 -0.2788949 -0.433907 0.8562709 -0.2787947 -0.4348262 0.8303102 -0.3779663 -0.4095443 0.8357759 -0.380192 -0.3961474 0.7744751 -0.5173867 -0.3640046 0.7817558 -0.5272321 -0.332993 0.7031218 -0.6551306 -0.2764482 0.713822 -0.6538481 -0.2508801 0.6519346 -0.7355749 -0.1841487 0.6515802 -0.7356031 -0.1852874 0.5909386 -0.7980069 -0.1182227 0.5759084 -0.8056235 -0.1389253 0.5322482 -0.8433553 -0.07391798 0.5305179 -0.8440018 -0.07881587 0.5097759 -0.8590182 -0.04707992 0.5058325 -0.8610715 -0.05186098 0.4847752 -0.8746389 3.64207e-4 0.4855692 -0.8741948 0.002496302 0.4778583 -0.8777264 0.03532683 0.476326 -0.878651 0.03295415 0.4735023 -0.8783314 0.06580001 0.2460057 0.9155403 -0.318225 0.08167493 0.8809397 -0.466127 0.1832506 0.8142735 -0.5507974 0.1590713 0.8116809 -0.5620236 0.2805073 0.7123537 -0.6433256 0.212009 0.6885553 -0.6935012 0.3346527 0.5763596 -0.7455316 0.3052588 0.5910817 -0.7466188 0.4377264 0.4442466 -0.7816909 0.3432083 0.4045841 -0.8476555 0.5251208 0.1735428 -0.8331454 0.4606339 0.1688181 -0.8713878 0.5506409 0.03648412 -0.8339446 0.5544832 0.03756541 -0.8313467 0.5998296 -0.05734246 -0.7980705 0.6076488 -0.05474072 -0.7923171 0.6314416 -0.1501838 -0.7607408 0.6389802 -0.1499357 -0.7544691 0.6468244 -0.2313901 -0.7266891 0.6621527 -0.231 -0.7128764 0.6538252 -0.3105511 -0.6899788 0.6641161 -0.3135437 -0.6787048 0.65126 -0.3636654 -0.6660391 0.6776333 -0.3758274 -0.6321131 0.6187642 -0.5050302 -0.6017271 0.6435502 -0.5368878 -0.5455225 0.5582504 -0.6749552 -0.4824853 0.6003552 -0.6863707 -0.4104498 0.5336833 -0.7745089 -0.3395852 0.5396731 -0.7765985 -0.3250352 0.4717204 -0.8458123 -0.2491614 0.4814162 -0.8437051 -0.2374873 0.4325893 -0.8863092 -0.165296 0.4331915 -0.8863031 -0.1637437 0.4080281 -0.9043431 -0.1252074 0.4145844 -0.9024083 -0.117384 0.3846423 -0.9220609 -0.0430597 0.3874908 -0.9212916 -0.03275209 0.3757306 -0.9265691 0.01721268 0.3746208 -0.9270537 0.01519286 0.3701437 -0.9265427 0.06717443 0.3708478 -0.9262381 0.0674895 0.2481892 -0.1811693 -0.9516196 0.2268469 -0.1853013 -0.9561402 0.2041811 -0.1426837 -0.968479 0.1867023 -0.1161414 -0.9755272 0.2126044 -0.004475533 -0.9771282 0.1016541 0.1404219 -0.9848595 0.1754011 0.3119678 -0.9337615 0.1026626 0.3892956 -0.915374 0.08220845 0.437454 -0.8954752 0.006711661 0.5084591 -0.86106 0.07490974 0.6202214 -0.7808418 -0.01986938 0.6958296 -0.7179321 -0.001715838 0.7317451 -0.6815763 -0.09622049 0.7935709 -0.6008218 -0.04147982 0.8364856 -0.5464169 0.7015524 0.5233906 -0.4836182 0.476204 0.3183686 -0.8196775 0.6813752 0.3554677 -0.6398208 0.3800605 0.1522778 -0.9123407 0.1669739 0.02042585 -0.9857497 0.8416627 0.4689218 -0.2677993 0.8541919 0.4468103 -0.2659267 0.8392151 0.4900229 -0.2357874 0.1659035 0.01281619 -0.9860588 0.1482021 0.04219889 -0.9880564 0.1511076 0.0457338 -0.9874589 0.3465615 0.2056946 -0.9151967 0.4308543 0.2663187 -0.8622289 0.4410958 0.2502872 -0.8618533 0.528978 0.2353247 -0.8153555 0.6221883 0.4451724 -0.6439746 0.6446409 0.4583047 -0.6118783 0.684364 0.3993893 -0.6100279 0.7776935 0.4090625 -0.4773476 0.6667666 0.7013294 -0.2521102 0.7669069 0.5886462 -0.2556356 0.5676987 0.5111926 -0.6452909 0.8055081 0.5125931 -0.2973299 0.7329649 0.2571775 -0.6297794 0.8281259 0.3095911 -0.4672909 -0.6012637 -0.7882099 -0.1311764 -0.5821827 -0.7893195 -0.1950339 -0.3972268 -0.8985834 -0.1864376 -0.3972263 -0.8985833 -0.1864389 -0.1778348 -0.9671972 -0.1813954 -0.177835 -0.9671962 -0.1814012 0.053828 -0.9820677 -0.1806813 0.0538277 -0.9820674 -0.1806831 0.2823553 -0.9414353 -0.1843239 0.2823562 -0.9414352 -0.1843232 0.4945631 -0.8476431 -0.1921158 0.4945618 -0.8476432 -0.1921189 0.6782035 -0.7061029 -0.2036144 0.6782027 -0.7061035 -0.2036151 0.8226801 -0.524983 -0.2181522 0.8226794 -0.5249844 -0.2181516 0.9196574 -0.3147352 -0.2348871 0.9196577 -0.314735 -0.2348867 0.9635401 -0.08748829 -0.2528563 0.9635399 -0.08748942 -0.2528566 0.9526754 0.1381984 -0.2707599 0.9526752 0.1381977 -0.2707608 0.8964498 0.3378866 -0.2867236 0.9052312 0.3607048 -0.2246076 0.4087119 0.1001012 -0.9071574 0.5627485 0.1721425 -0.8085055 0.6594183 0.1993722 -0.7248575 0.698393 0.06097686 -0.7131122 0.6983913 0.06097549 -0.7131141 0.706574 -0.1047125 -0.699849 0.7065715 -0.1047138 -0.6998513 0.6743463 -0.2715924 -0.6866547 0.6743497 -0.2715902 -0.6866523 0.6031336 -0.4259872 -0.6743625 0.6031331 -0.4259876 -0.6743628 0.4970356 -0.5589929 -0.6636887 0.4970358 -0.5589929 -0.6636886 0.36218 -0.6629319 -0.6552458 0.3621796 -0.6629321 -0.6552458 0.2063457 -0.7318079 -0.6495219 0.2063461 -0.7318106 -0.6495187 0.03852576 -0.7616497 -0.6468429 0.03852719 -0.7616474 -0.6468455 -0.1315954 -0.7507278 -0.647372 -0.131595 -0.7507264 -0.6473738 -0.2926724 -0.7002697 -0.6511261 -0.2926706 -0.7002681 -0.6511287 0.1793259 -0.001700997 -0.9837883 -0.5509377 -0.7421458 -0.3816901 -0.4883589 -0.6742852 -0.553936 -0.4213855 -0.6242944 -0.6577925 -0.3760395 -0.5438637 -0.7502045 -0.2741677 -0.4207305 -0.8647647 0.2425291 0.01040166 -0.9700884 0.2549865 -0.03307151 -0.9663789 0.2549888 -0.03307181 -0.9663783 0.2580672 -0.09390068 -0.961553 0.2580712 -0.09389972 -0.9615519 0.2462363 -0.1551758 -0.956707 0.2462348 -0.1551757 -0.9567073 0.2200865 -0.2118669 -0.9521945 0.2200877 -0.2118669 -0.9521942 0.1811271 -0.2607041 -0.9482756 0.1811311 -0.2607046 -0.9482746 0.1316129 -0.2988705 -0.9451743 0.1316122 -0.2988693 -0.9451749 0.07439464 -0.3241583 -0.9430731 0.07439279 -0.3241589 -0.943073 0.01277291 -0.3351144 -0.9420909 0.01277226 -0.3351142 -0.9420909 -0.04969185 -0.3311034 -0.9422851 -0.04969185 -0.3311043 -0.9422848 -0.108824 -0.3125462 -0.9436483 -0.1088238 -0.3125486 -0.9436476 -0.1496338 -0.2882164 -0.9458019 -0.1222031 -0.2316847 -0.9650848 -0.7353189 -0.3523079 -0.5789519 -0.8298391 -0.3786244 -0.4098911 0.6005132 0.7578002 -0.2551922 0.5811812 0.7489148 -0.3183632 0.3962271 0.8582344 -0.3262479 0.3962271 0.8582339 -0.3262496 0.1768364 0.9268575 -0.3311559 0.1768357 0.9268583 -0.3311541 -0.05482721 0.9417289 -0.3318745 -0.05482649 0.9417291 -0.331874 -0.283356 0.9010957 -0.3282315 -0.2833535 0.9010975 -0.3282288 -0.4955593 0.8073056 -0.3204355 -0.4955621 0.8073036 -0.320436 -0.6792016 0.6657653 -0.3089367 -0.6792008 0.6657654 -0.3089381 -0.823679 0.4846445 -0.2944021 -0.8236776 0.4846462 -0.2944033 -0.920656 0.2743964 -0.2776676 -0.9206554 0.2743974 -0.2776683 -0.9645376 0.04715001 -0.2597001 -0.9645392 0.04714953 -0.2596946 -0.9536751 -0.1785621 -0.2421147 -0.9536754 -0.1785612 -0.2421141 -0.8974517 -0.3783062 -0.226859 -0.9059829 -0.3911274 -0.1619094 -0.4122055 -0.2406555 -0.878733 -0.5658233 -0.2963299 -0.7694364 -0.6621605 -0.3101091 -0.6821846 -0.7011278 -0.1715688 -0.6920867 -0.7011318 -0.1715673 -0.692083 -0.7093141 -0.005840539 -0.7048684 -0.7093093 -0.005841493 -0.7048732 -0.6770856 0.1610375 -0.7180682 -0.6770889 0.1610368 -0.7180653 -0.6058707 0.3154339 -0.7303577 -0.6058717 0.3154328 -0.7303572 -0.499774 0.4484376 -0.7410329 -0.4997761 0.4484384 -0.7410311 -0.3649188 0.5523779 -0.7494752 -0.3649163 0.5523779 -0.7494763 -0.2090824 0.6212531 -0.7552015 -0.2090832 0.6212549 -0.7551997 -0.04126429 0.6510936 -0.7578749 -0.04126393 0.6510939 -0.7578747 0.128858 0.6401731 -0.7573466 0.1288582 0.6401728 -0.7573471 0.2899318 0.5896992 -0.7537867 0.289932 0.5896983 -0.7537874 -0.1831402 -0.1521622 -0.9712397 0.5492212 0.6731379 -0.4952188 0.4860074 0.5791766 -0.6544855 0.4186409 0.5135795 -0.7489834 0.3729683 0.419694 -0.8274973 0.2706947 0.280188 -0.9209881 -0.246281 -0.1619549 -0.9555712 -0.2587403 -0.1184322 -0.9586591 -0.2587391 -0.1184325 -0.9586594 -0.2618227 -0.05759608 -0.9633959 -0.2618224 -0.05759638 -0.963396 -0.249985 0.003677845 -0.9682427 -0.2499862 0.003677964 -0.9682425 -0.2238387 0.06036984 -0.9727547 -0.2238351 0.0603702 -0.9727556 -0.1848812 0.1092076 -0.9766743 -0.1848797 0.1092064 -0.9766748 -0.135365 0.1473714 -0.9797745 -0.1353626 0.1473723 -0.9797747 -0.07814675 0.1726628 -0.9818761 -0.0781446 0.1726616 -0.9818765 -0.01652431 0.183618 -0.9828588 -0.01652497 0.1836166 -0.9828591 0.04594165 0.1796063 -0.9826653 0.04594099 0.1796079 -0.982665 0.1050722 0.1610474 -0.9813377 0.1050702 0.1610473 -0.9813379 0.1458795 0.1366656 -0.9798172 0.1183921 0.07782495 -0.9899125 -0.705047 -0.5902405 -0.3930966 -0.4806677 -0.4410296 -0.7579259 -0.6846261 -0.4494462 -0.5738339 -0.3840342 -0.2921804 -0.8758701 -0.1709935 -0.1739643 -0.9697926 -0.8444304 -0.5033339 -0.1832822 -0.8568902 -0.4812121 -0.1848626 -0.8411454 -0.5186741 -0.1531389 -0.1704781 -0.1668259 -0.9711367 -0.152947 -0.1961628 -0.9685698 -0.1554515 -0.1990588 -0.9675798 -0.3509694 -0.3452762 -0.870405 -0.4364291 -0.3976426 -0.8070998 -0.4419298 -0.3890879 -0.8082752 -0.5327347 -0.3586157 -0.7665433 -0.6259731 -0.5385887 -0.5639858 -0.6499839 -0.5472131 -0.5273318 -0.6847106 -0.4961745 -0.5338374 -0.7804422 -0.4766568 -0.4046087 -0.667509 -0.731944 -0.1367104 -0.7692198 -0.6192113 -0.1577286 -0.5541566 -0.5961865 -0.5809237 -0.8058664 -0.5520197 -0.2141352 0.5101963 -0.06739956 0.857413 0.1935114 0.03967458 0.9802955 0.4356985 -0.01649403 0.8999416 0.5132861 -0.05450665 0.856485 0.6003649 -0.04777294 0.7982981 0.7783845 -0.1128433 0.6175631 0.7645631 -0.1290135 0.6315053 0.8959092 -0.3004468 0.3272284 0.9284824 -0.1900882 0.3190407 0.9284806 -0.2293669 0.2920867 0.949034 -0.1360273 0.2843081 0.9590216 -0.1917319 0.2086059 0.1835321 0.04787492 0.9818472 0.1798392 0.03211629 0.9831717 0.1769444 0.0381844 0.9834799 0.167257 0.003630459 0.9859067 0.1795132 -0.005338251 0.9837412 0.4084038 -0.108437 0.9063376 0.4781457 -0.1344377 0.8679305 0.5029512 -0.04921609 0.8629125 0.7715376 -0.1583808 0.6161537 0.781556 -0.1162638 0.6129055 0.8817409 -0.1340394 0.4522904 0.8604831 -0.4547305 0.2297586 0.8105147 -0.3235931 0.4882146 0.8214492 -0.3288314 0.4659305 0.721583 -0.266758 0.6388726 0.7303549 -0.2689138 0.6279069 0.5584017 -0.1879249 0.8080049 0.4980898 -0.2921398 0.8164319 0.3628037 -0.1873064 0.9128471 -0.1942567 0.08506077 0.9772559 -0.2573561 0.07240694 0.9636 -0.2539505 0.02727496 0.9668326 -0.2539508 0.0272752 0.9668325 -0.2357282 -0.03086817 0.9713287 -0.2357277 -0.03086835 0.9713287 -0.2033598 -0.08428412 0.9754696 -0.2033602 -0.08428418 0.9754695 -0.1591494 -0.1284655 0.9788606 -0.1591495 -0.1284657 0.9788607 -0.1056476 -0.1608636 0.981306 -0.1056473 -0.1608632 0.9813061 -0.04594093 -0.179608 0.982665 -0.04594087 -0.1796073 0.9826651 0.01652461 -0.183618 0.9828588 0.01652461 -0.1836176 0.982859 0.0781449 -0.1726615 0.9818766 0.07814484 -0.1726618 0.9818765 0.1353643 -0.1473716 0.9797746 0.1353642 -0.1473714 0.9797747 0.1801006 -0.1129349 0.9771436 0.1801006 -0.1129348 0.9771435 0.2023205 -0.08768141 0.9753863 0.1612858 -0.03677648 0.9862223 0.7309144 -0.4863071 0.4788212 0.6475051 -0.4135166 0.6401104 0.5643744 -0.3724722 0.736713 0.4872914 -0.4591245 0.7427999 0.4872912 -0.4591237 0.7428007 0.3649178 -0.552379 0.7494749 0.3649177 -0.5523785 0.7494752 0.2090839 -0.6212545 0.7551998 0.2090836 -0.6212547 0.7551997 0.04126423 -0.6510958 0.7578731 0.04126417 -0.6510927 0.7578758 -0.1288577 -0.6401725 0.7573473 -0.1288576 -0.640173 0.7573469 -0.2914649 -0.589123 0.753646 -0.2914645 -0.5891222 0.7536468 -0.4371749 -0.500889 0.7469862 -0.4371745 -0.5008891 0.7469865 -0.5575795 -0.3805629 0.7377514 -0.5575795 -0.380563 0.7377513 -0.645732 -0.235089 0.7264733 -0.6457317 -0.2350881 0.7264739 -0.6955645 -0.07676672 0.7143507 -0.6955651 -0.07676666 0.7143501 0.7981474 -0.5539522 0.2368499 -0.4425153 0.08868646 0.8923648 -0.6092239 0.0874018 0.788167 -0.7070509 0.06666129 0.7040137 -0.7934256 0.08049273 0.6033215 -0.8963975 0.0716983 0.4374138 0.7770579 -0.5528901 0.3008217 0.6629267 -0.6811301 0.3107895 0.662926 -0.6811299 0.3107913 0.4955614 -0.8073043 0.320435 0.4955611 -0.8073041 0.3204363 0.2833548 -0.9010971 0.3282288 0.2833546 -0.9010947 0.3282353 0.05482685 -0.9417279 0.3318775 0.05482679 -0.9417293 0.3318734 -0.1768358 -0.9268572 0.331157 -0.1768367 -0.9268588 0.331152 -0.398266 -0.8573407 0.3261153 -0.3982666 -0.8573412 0.3261135 -0.5966866 -0.7371892 0.3170446 -0.5966868 -0.7371888 0.3170451 -0.7606476 -0.5733356 0.3044696 -0.7606475 -0.5733356 0.3044697 -0.8806889 -0.3752348 0.2891128 -0.8806885 -0.3752353 0.2891133 -0.9488242 -0.1597059 0.2724462 -0.9488238 -0.1597068 0.2724466 -0.9653806 0.04709267 0.2565594 -0.9798113 0.05582845 0.1919718 -0.4950127 0.4164133 0.7626025 -0.3593223 0.3279124 0.8737054 0.1980668 0.06880342 0.9777708 0.2611091 0.07914561 0.9620593 0.2577023 0.1242293 0.9582049 0.2577025 0.1242282 0.958205 0.2394796 0.1823652 0.9536207 0.2394794 0.1823658 0.9536207 0.2071115 0.2357813 0.9494799 0.2071115 0.2357809 0.9494799 0.162901 0.2799625 0.946089 0.162901 0.2799629 0.9460888 0.109399 0.3123607 0.9436433 0.1093991 0.3123604 0.9436435 0.04969257 0.3311057 0.9422842 0.04969227 0.331104 0.942285 -0.01277297 0.335115 0.9420908 -0.01277297 0.3351153 0.9420906 -0.07439333 0.3241585 0.9430732 -0.07439345 0.3241592 0.9430729 -0.1316131 0.2988693 0.9451748 -0.1316126 0.2988682 0.9451752 -0.1763482 0.264458 0.9481368 -0.1763482 0.2644575 0.948137 -0.1985672 0.2392475 0.9504377 -0.1574758 0.190652 0.9689444 -0.7292013 0.5554459 0.3996817 -0.6451476 0.5087576 0.5700442 -0.5616296 0.4833065 0.6715557 -0.4845505 0.5698197 0.6637141 -0.4845498 0.5698196 0.6637146 -0.3621797 0.6629315 0.6552463 -0.3621802 0.6629334 0.6552441 -0.2063461 0.7318097 0.6495198 -0.206346 0.7318091 0.6495204 -0.03852635 0.7616476 0.6468452 -0.03852653 0.7616468 0.6468462 0.1315951 0.7507275 0.6473725 0.1315948 0.7507246 0.6473758 0.2942025 0.699677 0.6510737 0.2942026 0.6996767 0.651074 0.4399127 0.6114436 0.6577337 0.4399127 0.6114432 0.657734 0.5603178 0.4911178 0.6669688 0.5603178 0.4911175 0.6669691 0.6484698 0.3456429 0.6782462 0.6484693 0.3456422 0.678247 0.6983029 0.1873583 0.6908472 0.6983035 0.1873589 0.6908465 -0.7973939 0.5844259 0.1503639 0.4459961 0.05186867 0.8935308 0.612299 0.03678297 0.7897703 0.709793 0.04407477 0.7030301 0.7957812 0.01463824 0.6054074 0.8981058 -0.002663314 0.4397714 -0.776055 0.5933786 0.2136365 -0.6619246 0.7215649 0.2029779 -0.6619247 0.7215642 0.2029798 -0.4945623 0.8476428 0.1921192 -0.4945623 0.8476432 0.1921174 -0.2823559 0.9414361 0.1843187 -0.2823557 0.9414344 0.1843272 -0.05382806 0.9820683 0.180678 -0.05382782 0.9820679 0.1806799 0.177835 0.9671972 0.1813953 0.1778351 0.9671975 0.1813941 0.3992649 0.8976794 0.1864387 0.3992655 0.8976798 0.1864356 0.5976853 0.7775275 0.1955078 0.5976851 0.7775277 0.195508 0.7616466 0.613674 0.2080838 0.7616466 0.613674 0.208083 0.8816875 0.4155741 0.2234402 0.881687 0.4155747 0.2234408 0.9498236 0.2000705 0.2404311 0.9498236 0.2000696 0.2404315 0.9663814 -0.006670892 0.2570261 0.9805648 -0.02540844 0.194544 -0.5068927 0.2008528 0.8382828 -0.1897003 0.1142257 0.975175 -0.4322135 0.1572037 0.8879631 -0.5099812 0.1879771 0.8393949 -0.5972825 0.1722496 0.7833159 -0.7760208 0.2082992 0.5953179 -0.7621505 0.2264495 0.6065042 -0.8947265 0.3482119 0.2796659 -0.9272975 0.2379409 0.28897 -0.9274131 0.272513 0.2562063 -0.9479665 0.1791192 0.2632033 -0.9582653 0.2222933 0.1797592 -0.1797126 0.1063646 0.977952 -0.1760193 0.122135 0.9767807 -0.1731213 0.1161901 0.9780229 -0.1634355 0.1506954 0.9749768 -0.1757026 0.1592175 0.9714826 -0.4049229 0.2490088 0.8797909 -0.4748206 0.2687019 0.8380601 -0.4996199 0.183754 0.8465309 -0.7691934 0.2530486 0.5867776 -0.7792115 0.2109515 0.5901941 -0.8800241 0.2034122 0.4291631 -0.8597252 0.4853371 0.1591239 -0.8087162 0.3962292 0.4347191 -0.8197387 0.3979212 0.4119309 -0.7191841 0.3636353 0.5920673 -0.7279989 0.3640519 0.5809337 -0.5553247 0.3121805 0.7708163 0.9352399 0.3527762 -0.02958679 0.9352401 0.3527758 -0.02958679 0.6329371 0.7717192 -0.06196922 0.6329371 0.7717193 -0.06196928 0.1610392 0.9838811 -0.07774716 0.1610392 0.9838811 -0.0777471 -0.3540092 0.9324127 -0.07269263 -0.3540091 0.9324126 -0.07269263 -0.7742008 0.6311053 -0.04816025 -0.7742009 0.6311051 -0.04816031 -0.9869461 0.1606934 -0.01072335 -0.9869461 0.1606934 -0.01072335 -0.93524 -0.3527758 0.02958679 -0.93524 -0.3527757 0.02958679 -0.6329371 -0.7717193 0.06196928 -0.6329369 -0.7717193 0.06196922 -0.1610392 -0.9838811 0.07774704 -0.1610392 -0.9838811 0.0777471 0.3540091 -0.9324127 0.07269263 0.3540092 -0.9324126 0.07269263 0.7742009 -0.6311051 0.04816025 0.7742005 -0.6311056 0.04816025 0.9869462 -0.1606932 0.01072341 0.9869462 -0.1606932 0.01072335</float_array>
          <technique_common>
            <accessor source="#My_Prop_CW-mesh-normals-array" count="3620" stride="3">
              <param name="X" type="float"/>
              <param name="Y" type="float"/>
              <param name="Z" type="float"/>
            </accessor>
          </technique_common>
        </source>
        <vertices id="My_Prop_CW-mesh-vertices">
          <input semantic="POSITION" source="#My_Prop_CW-mesh-positions"/>
        </vertices>
        <triangles material="Material_001-material" count="3624">
          <input semantic="VERTEX" source="#My_Prop_CW-mesh-vertices" offset="0"/>
          <input semantic="NORMAL" source="#My_Prop_CW-mesh-normals" offset="1"/>
          <p>0 0 1 0 2 0 3 1 4 1 5 1 3 2 5 2 6 2 7 3 8 3 9 3 9 4 8 4 10 4 9 5 10 5 11 5 11 6 10 6 12 6 12 7 13 7 11 7 11 8 13 8 14 8 11 9 14 9 15 9 16 10 17 10 11 10 15 11 18 11 11 11 11 12 18 12 19 12 11 13 19 13 20 13 20 14 21 14 11 14 11 15 21 15 22 15 11 16 22 16 16 16 4 17 23 17 5 17 5 18 23 18 24 18 5 19 24 19 2 19 2 20 24 20 25 20 2 21 25 21 0 21 26 22 27 22 28 22 28 23 27 23 29 23 28 24 29 24 7 24 7 25 29 25 30 25 7 26 30 26 8 26 31 27 32 27 33 27 33 28 32 28 34 28 33 29 34 29 26 29 26 30 34 30 35 30 26 31 35 31 27 31 36 32 37 32 38 32 38 33 37 33 39 33 39 34 40 34 38 34 38 35 40 35 41 35 38 36 41 36 42 36 43 37 44 37 45 37 45 38 46 38 43 38 43 39 46 39 47 39 43 40 47 40 48 40 48 41 47 41 49 41 48 42 49 42 50 42 51 43 52 43 53 43 53 44 52 44 54 44 53 45 54 45 55 45 55 46 54 46 56 46 55 47 56 47 57 47 57 48 56 48 58 48 57 49 58 49 38 49 38 50 58 50 59 50 38 51 59 51 36 51 60 52 61 52 62 52 62 53 61 53 63 53 62 54 63 54 51 54 51 55 63 55 64 55 51 56 64 56 52 56 17 57 6 57 11 57 11 58 6 58 5 58 11 59 5 59 65 59 65 60 5 60 66 60 65 61 66 61 67 61 67 62 66 62 68 62 67 63 68 63 69 63 69 64 68 64 70 64 69 65 70 65 43 65 43 66 70 66 38 66 43 67 38 67 44 67 44 68 38 68 42 68 71 69 72 69 73 69 74 70 75 70 76 70 77 71 78 71 79 71 79 72 78 72 80 72 79 73 80 73 76 73 76 74 80 74 81 74 76 75 81 75 74 75 82 76 83 76 76 76 75 77 84 77 76 77 76 78 84 78 85 78 76 79 85 79 86 79 86 80 87 80 76 80 76 81 87 81 88 81 76 82 88 82 82 82 89 83 90 83 91 83 91 84 90 84 92 84 92 85 93 85 91 85 91 86 93 86 94 86 91 87 94 87 73 87 73 88 94 88 95 88 73 89 95 89 71 89 96 90 97 90 98 90 98 91 97 91 99 91 98 92 99 92 77 92 77 93 99 93 100 93 77 94 100 94 78 94 101 95 102 95 103 95 103 96 102 96 104 96 103 97 104 97 96 97 96 98 104 98 105 98 96 99 105 99 97 99 106 100 107 100 108 100 108 101 107 101 109 101 109 102 110 102 108 102 108 103 110 103 111 103 108 104 111 104 112 104 113 105 114 105 115 105 115 106 116 106 113 106 113 107 116 107 117 107 113 108 117 108 118 108 118 109 117 109 119 109 118 110 119 110 120 110 121 111 122 111 123 111 123 112 122 112 124 112 123 113 124 113 125 113 125 114 124 114 126 114 125 115 126 115 127 115 127 116 126 116 128 116 127 117 128 117 108 117 108 118 128 118 129 118 108 119 129 119 106 119 130 120 131 120 132 120 132 121 131 121 133 121 132 122 133 122 121 122 121 123 133 123 134 123 121 124 134 124 122 124 83 125 89 125 76 125 76 126 89 126 91 126 76 127 91 127 135 127 135 128 91 128 136 128 135 129 136 129 137 129 137 130 136 130 138 130 137 131 138 131 139 131 139 132 138 132 140 132 139 133 140 133 113 133 113 134 140 134 108 134 113 135 108 135 114 135 114 136 108 136 112 136 141 137 142 137 143 137 143 138 142 138 144 138 145 139 146 139 147 139 147 140 146 140 148 140 147 141 148 141 149 141 150 142 151 142 152 142 152 143 151 143 153 143 150 144 152 144 154 144 154 145 152 145 155 145 154 146 155 146 156 146 142 147 157 147 144 147 144 148 157 148 158 148 144 143 158 143 159 143 151 149 160 149 153 149 153 150 160 150 161 150 153 151 161 151 147 151 147 152 161 152 162 152 147 153 162 153 145 153 163 154 164 154 165 154 165 155 164 155 166 155 165 141 166 141 167 141 158 149 168 149 159 149 159 156 168 156 169 156 159 157 169 157 165 157 165 158 169 158 170 158 165 159 170 159 163 159 141 160 143 160 171 160 171 161 143 161 172 161 171 162 172 162 173 162 148 163 174 163 149 163 149 164 174 164 175 164 149 165 175 165 172 165 172 166 175 166 176 166 172 167 176 167 173 167 156 168 155 168 177 168 177 169 155 169 178 169 177 170 178 170 179 170 166 171 180 171 167 171 167 172 180 172 181 172 167 165 181 165 178 165 178 173 181 173 182 173 178 174 182 174 179 174 183 175 184 175 185 175 185 176 184 176 186 176 185 177 186 177 187 177 183 178 185 178 188 178 188 179 185 179 189 179 188 180 189 180 190 180 191 181 192 181 193 181 194 182 195 182 196 182 186 183 197 183 187 183 187 184 197 184 198 184 187 185 198 185 199 185 200 186 201 186 202 186 202 187 201 187 203 187 202 188 203 188 193 188 193 189 203 189 204 189 193 190 204 190 191 190 200 191 202 191 205 191 205 192 202 192 206 192 205 193 206 193 207 193 198 194 208 194 199 194 199 195 208 195 209 195 199 196 209 196 195 196 195 197 209 197 210 197 195 198 210 198 196 198 211 199 212 199 189 199 189 200 212 200 213 200 189 201 213 201 190 201 214 202 215 202 211 202 211 203 215 203 216 203 211 204 216 204 212 204 191 205 217 205 192 205 192 206 217 206 218 206 192 207 218 207 214 207 214 208 218 208 219 208 214 209 219 209 215 209 196 210 220 210 194 210 194 211 220 211 221 211 194 212 221 212 206 212 206 213 221 213 222 213 206 214 222 214 207 214 223 215 224 215 225 215 226 216 227 216 228 216 229 217 230 217 231 217 232 218 233 218 234 218 235 219 236 219 237 219 238 220 239 220 240 220 240 221 239 221 241 221 242 222 243 222 244 222 245 223 246 223 247 223 248 224 249 224 250 224 251 225 252 225 253 225 254 226 255 226 256 226 257 227 258 227 259 227 260 228 261 228 262 228 263 229 264 229 236 229 237 230 236 230 265 230 265 231 236 231 264 231 265 232 264 232 266 232 267 233 268 233 263 233 230 234 229 234 267 234 269 235 270 235 271 235 271 236 270 236 272 236 273 237 274 237 275 237 275 238 274 238 276 238 276 239 274 239 277 239 277 240 274 240 278 240 277 241 278 241 279 241 279 242 278 242 280 242 279 243 280 243 281 243 281 244 280 244 282 244 281 245 282 245 283 245 283 246 282 246 284 246 284 247 282 247 285 247 284 248 285 248 286 248 287 249 288 249 289 249 289 250 288 250 290 250 289 251 290 251 285 251 285 252 290 252 291 252 285 253 291 253 286 253 292 254 293 254 294 254 294 255 293 255 295 255 296 256 297 256 298 256 298 257 297 257 299 257 298 258 299 258 300 258 300 259 299 259 301 259 300 260 301 260 292 260 260 261 302 261 303 261 304 262 305 262 262 262 262 263 305 263 306 263 262 264 306 264 260 264 260 265 306 265 307 265 260 266 307 266 302 266 258 267 308 267 259 267 259 268 308 268 309 268 259 269 309 269 304 269 304 270 309 270 310 270 304 271 310 271 305 271 251 272 253 272 311 272 311 273 253 273 312 273 311 274 312 274 313 274 313 275 312 275 314 275 314 276 312 276 315 276 314 277 315 277 316 277 317 278 318 278 319 278 319 279 318 279 320 279 319 280 320 280 321 280 322 281 323 281 324 281 324 282 323 282 325 282 324 283 325 283 326 283 326 284 327 284 328 284 328 285 327 285 329 285 328 286 329 286 330 286 330 287 329 287 331 287 330 288 331 288 332 288 332 289 331 289 333 289 332 290 333 290 250 290 250 291 333 291 334 291 250 292 334 292 248 292 335 293 249 293 336 293 336 294 249 294 337 294 336 295 337 295 338 295 339 296 340 296 341 296 341 297 340 297 342 297 341 298 342 298 343 298 344 299 345 299 346 299 346 300 345 300 347 300 346 301 347 301 348 301 247 302 246 302 349 302 349 303 246 303 243 303 349 304 243 304 350 304 350 305 243 305 242 305 350 306 242 306 351 306 244 307 243 307 352 307 352 308 243 308 246 308 352 309 246 309 353 309 353 310 246 310 245 310 353 311 245 311 320 311 354 312 348 312 355 312 355 313 348 313 347 313 355 314 347 314 223 314 223 315 347 315 345 315 223 316 345 316 224 316 224 317 345 317 344 317 224 318 344 318 356 318 356 319 344 319 357 319 317 320 316 320 318 320 318 321 316 321 315 321 318 322 315 322 320 322 320 323 315 323 312 323 320 324 312 324 353 324 353 325 312 325 253 325 353 326 253 326 352 326 352 327 253 327 252 327 352 328 252 328 244 328 292 329 294 329 300 329 300 330 294 330 238 330 300 331 238 331 298 331 298 332 238 332 240 332 298 333 240 333 296 333 261 334 358 334 262 334 262 335 358 335 359 335 262 336 359 336 304 336 304 337 359 337 360 337 304 338 360 338 259 338 361 339 362 339 363 339 363 340 362 340 364 340 363 341 364 341 234 341 234 342 364 342 365 342 234 343 365 343 232 343 237 344 361 344 235 344 235 345 361 345 363 345 235 346 363 346 366 346 366 347 363 347 234 347 366 348 234 348 367 348 367 349 234 349 233 349 368 350 369 350 231 350 231 351 369 351 271 351 231 352 271 352 229 352 229 353 271 353 272 353 229 354 272 354 267 354 267 355 272 355 370 355 267 356 370 356 268 356 263 357 236 357 267 357 267 358 236 358 235 358 267 359 235 359 230 359 230 360 235 360 366 360 230 361 366 361 231 361 231 362 366 362 367 362 231 363 367 363 368 363 371 364 372 364 373 364 373 365 372 365 374 365 373 366 374 366 375 366 375 367 374 367 376 367 375 368 376 368 377 368 377 369 376 369 378 369 377 370 378 370 379 370 365 371 380 371 232 371 232 372 380 372 381 372 232 373 381 373 233 373 233 374 381 374 382 374 233 375 382 375 367 375 367 376 382 376 383 376 367 377 383 377 368 377 368 378 383 378 384 378 368 379 384 379 385 379 385 380 384 380 386 380 387 381 388 381 389 381 389 382 388 382 379 382 389 383 379 383 390 383 390 384 379 384 378 384 390 385 378 385 391 385 391 386 378 386 376 386 391 387 376 387 392 387 392 388 376 388 374 388 392 389 374 389 228 389 228 390 374 390 372 390 228 391 372 391 226 391 226 392 372 392 371 392 393 393 394 393 241 393 241 394 394 394 395 394 241 395 395 395 240 395 240 396 395 396 396 396 240 397 396 397 296 397 274 398 393 398 278 398 278 399 393 399 241 399 278 400 241 400 280 400 280 401 241 401 239 401 280 402 239 402 282 402 282 403 239 403 238 403 282 404 238 404 285 404 285 405 238 405 294 405 285 406 294 406 289 406 289 407 294 407 295 407 289 408 295 408 287 408 287 409 295 409 397 409 380 410 371 410 381 410 381 411 371 411 373 411 381 412 373 412 382 412 382 413 373 413 375 413 382 414 375 414 383 414 383 415 375 415 377 415 383 416 377 416 384 416 384 417 377 417 379 417 384 418 379 418 386 418 386 419 379 419 388 419 398 420 399 420 400 420 401 421 402 421 403 421 404 422 405 422 399 422 399 423 405 423 406 423 399 424 406 424 400 424 400 425 406 425 407 425 400 426 407 426 322 426 322 427 407 427 408 427 322 428 408 428 323 428 398 429 400 429 409 429 409 430 400 430 322 430 409 431 322 431 410 431 410 432 322 432 324 432 410 433 324 433 411 433 411 434 324 434 326 434 411 435 326 435 412 435 412 436 326 436 328 436 412 437 328 437 413 437 413 438 328 438 330 438 413 439 330 439 343 439 343 440 330 440 332 440 343 441 332 441 341 441 341 442 332 442 250 442 341 443 250 443 339 443 339 444 250 444 249 444 339 445 249 445 340 445 342 446 414 446 343 446 343 447 414 447 415 447 343 448 415 448 413 448 413 449 415 449 416 449 413 450 416 450 412 450 412 451 416 451 417 451 412 452 417 452 411 452 411 453 417 453 418 453 411 454 418 454 410 454 410 455 418 455 419 455 410 456 419 456 409 456 409 457 419 457 420 457 409 458 420 458 398 458 335 459 357 459 249 459 249 460 357 460 344 460 249 461 344 461 340 461 340 462 344 462 346 462 340 463 346 463 342 463 342 464 346 464 348 464 342 465 348 465 414 465 414 466 348 466 354 466 414 467 354 467 415 467 415 468 354 468 421 468 415 469 421 469 416 469 416 470 421 470 422 470 416 471 422 471 417 471 417 472 422 472 423 472 417 473 423 473 418 473 418 474 423 474 403 474 418 475 403 475 419 475 419 476 403 476 402 476 419 477 402 477 420 477 401 478 424 478 425 478 425 479 424 479 351 479 425 480 351 480 426 480 426 481 351 481 242 481 426 482 242 482 427 482 427 483 242 483 244 483 427 484 244 484 428 484 428 485 244 485 252 485 428 486 252 486 429 486 429 487 252 487 251 487 387 488 430 488 388 488 388 489 430 489 431 489 388 490 431 490 386 490 386 491 431 491 395 491 386 492 395 492 385 492 385 493 395 493 394 493 385 494 394 494 368 494 368 495 394 495 393 495 368 496 393 496 369 496 369 497 393 497 274 497 369 498 274 498 271 498 271 499 274 499 273 499 271 500 273 500 269 500 401 501 403 501 424 501 424 502 403 502 423 502 424 503 423 503 351 503 351 504 423 504 422 504 351 505 422 505 350 505 350 506 422 506 421 506 350 507 421 507 349 507 349 508 421 508 354 508 349 509 354 509 247 509 247 510 354 510 355 510 247 511 355 511 245 511 245 512 355 512 223 512 245 513 223 513 320 513 320 514 223 514 225 514 320 515 225 515 321 515 255 516 257 516 256 516 256 517 257 517 259 517 256 518 259 518 432 518 432 519 259 519 360 519 432 520 360 520 430 520 430 521 360 521 359 521 430 522 359 522 431 522 431 523 359 523 358 523 431 524 358 524 395 524 395 525 358 525 261 525 395 526 261 526 396 526 396 527 261 527 260 527 396 528 260 528 296 528 296 529 260 529 303 529 296 530 303 530 297 530 429 531 254 531 428 531 428 532 254 532 256 532 428 533 256 533 427 533 427 534 256 534 432 534 427 535 432 535 426 535 426 536 432 536 430 536 426 537 430 537 425 537 425 538 430 538 387 538 425 539 387 539 401 539 401 540 387 540 389 540 401 541 389 541 402 541 402 542 389 542 390 542 402 543 390 543 420 543 420 544 390 544 391 544 420 545 391 545 398 545 398 546 391 546 392 546 398 547 392 547 399 547 399 548 392 548 228 548 399 549 228 549 404 549 404 550 228 550 227 550 433 551 434 551 435 551 436 552 437 552 438 552 439 553 440 553 441 553 442 554 443 554 444 554 445 555 331 555 329 555 446 556 447 556 448 556 449 557 450 557 451 557 452 558 453 558 454 558 440 559 439 559 455 559 456 560 457 560 458 560 458 561 457 561 459 561 460 562 461 562 462 562 462 563 461 563 463 563 462 564 463 564 464 564 464 565 463 565 465 565 466 566 467 566 468 566 469 567 470 567 471 567 471 568 470 568 472 568 473 569 474 569 475 569 362 570 361 570 476 570 476 571 361 571 237 571 476 572 237 572 477 572 477 573 237 573 265 573 265 574 266 574 477 574 477 575 266 575 478 575 477 576 478 576 479 576 479 577 478 577 480 577 481 578 226 578 482 578 482 579 226 579 371 579 482 580 371 580 483 580 483 581 371 581 380 581 483 582 380 582 484 582 484 583 380 583 365 583 484 584 365 584 476 584 476 585 365 585 364 585 476 586 364 586 362 586 485 587 405 587 404 587 485 588 404 588 486 588 405 589 485 589 406 589 406 590 485 590 487 590 406 591 487 591 407 591 407 592 487 592 488 592 407 593 488 593 408 593 408 594 488 594 323 594 323 595 488 595 489 595 323 596 489 596 325 596 325 597 489 597 326 597 326 598 489 598 490 598 326 599 490 599 327 599 327 600 490 600 329 600 329 601 490 601 491 601 329 602 491 602 445 602 333 603 492 603 493 603 333 604 494 604 495 604 496 605 497 605 337 605 337 606 497 606 338 606 498 607 499 607 338 607 500 608 501 608 502 608 502 609 501 609 503 609 504 610 505 610 506 610 506 611 505 611 507 611 506 612 507 612 508 612 509 613 510 613 511 613 511 614 510 614 512 614 513 615 514 615 515 615 515 616 514 616 516 616 515 617 516 617 517 617 518 618 519 618 520 618 520 619 519 619 521 619 520 620 521 620 513 620 513 621 521 621 522 621 513 622 522 622 514 622 523 623 524 623 525 623 525 624 524 624 526 624 525 625 526 625 527 625 443 626 442 626 528 626 442 627 529 627 528 627 528 628 529 628 530 628 528 629 530 629 526 629 526 630 530 630 531 630 526 631 531 631 527 631 532 632 533 632 444 632 444 633 533 633 534 633 444 634 534 634 442 634 535 635 536 635 537 635 537 636 536 636 538 636 537 637 538 637 539 637 535 638 540 638 541 638 541 639 540 639 542 639 541 640 542 640 441 640 441 641 542 641 458 641 441 642 458 642 439 642 439 643 458 643 459 643 439 644 459 644 455 644 543 645 504 645 503 645 503 646 504 646 506 646 503 647 506 647 502 647 502 648 506 648 508 648 502 649 508 649 500 649 544 650 545 650 546 650 546 651 545 651 547 651 546 652 547 652 548 652 548 653 547 653 549 653 548 654 549 654 550 654 550 655 549 655 509 655 550 656 509 656 543 656 543 657 509 657 511 657 543 658 511 658 504 658 504 659 511 659 512 659 504 660 512 660 505 660 433 661 435 661 551 661 551 662 435 662 552 662 551 663 552 663 553 663 553 664 552 664 554 664 553 665 554 665 555 665 436 666 438 666 556 666 556 667 438 667 557 667 556 668 557 668 558 668 558 669 557 669 559 669 558 670 559 670 560 670 560 671 559 671 561 671 560 672 561 672 562 672 487 673 436 673 488 673 488 674 436 674 556 674 488 675 556 675 489 675 489 676 556 676 558 676 489 677 558 677 490 677 490 678 558 678 560 678 490 679 560 679 491 679 491 680 560 680 562 680 491 681 562 681 445 681 563 682 564 682 565 682 566 683 567 683 568 683 569 684 570 684 571 684 492 685 569 685 493 685 493 686 569 686 571 686 493 687 571 687 333 687 333 688 571 688 570 688 333 689 570 689 494 689 494 690 570 690 569 690 494 691 569 691 495 691 495 692 569 692 572 692 495 693 572 693 333 693 573 694 574 694 565 694 565 695 574 695 575 695 565 696 575 696 568 696 333 697 576 697 334 697 334 698 576 698 577 698 334 699 577 699 248 699 248 700 577 700 578 700 248 701 578 701 249 701 249 702 578 702 337 702 579 703 580 703 581 703 581 704 582 704 583 704 337 705 584 705 581 705 581 706 584 706 585 706 581 707 585 707 579 707 579 708 585 708 338 708 579 709 338 709 580 709 580 710 338 710 499 710 580 711 499 711 581 711 581 712 499 712 498 712 581 713 498 713 582 713 582 714 498 714 338 714 582 715 338 715 583 715 583 716 338 716 497 716 583 717 497 717 581 717 581 718 497 718 496 718 581 719 496 719 337 719 565 720 564 720 573 720 573 721 564 721 586 721 573 722 586 722 587 722 588 723 589 723 590 723 555 724 554 724 563 724 563 725 554 725 591 725 563 726 591 726 564 726 564 727 591 727 588 727 564 728 588 728 586 728 586 729 588 729 590 729 586 730 590 730 587 730 501 731 589 731 503 731 503 732 589 732 588 732 503 733 588 733 543 733 543 734 588 734 591 734 543 735 591 735 550 735 550 736 591 736 554 736 550 737 554 737 548 737 548 738 554 738 552 738 548 739 552 739 546 739 546 740 552 740 435 740 546 741 435 741 544 741 544 742 435 742 434 742 592 743 593 743 454 743 454 744 593 744 471 744 454 745 471 745 452 745 452 746 471 746 472 746 594 747 595 747 596 747 596 748 595 748 597 748 596 749 597 749 598 749 598 750 597 750 599 750 598 751 599 751 600 751 600 752 599 752 601 752 600 753 601 753 602 753 450 754 469 754 451 754 451 755 469 755 471 755 451 756 471 756 603 756 603 757 471 757 593 757 603 758 593 758 602 758 602 759 593 759 592 759 602 760 592 760 600 760 448 761 447 761 604 761 604 762 447 762 605 762 604 763 605 763 606 763 227 764 226 764 607 764 607 765 226 765 481 765 607 766 481 766 608 766 608 767 481 767 482 767 608 768 482 768 609 768 609 769 482 769 483 769 609 770 483 770 610 770 610 771 483 771 484 771 610 772 484 772 611 772 611 773 484 773 476 773 611 774 476 774 612 774 612 775 476 775 477 775 612 776 477 776 613 776 606 777 605 777 614 777 614 778 605 778 615 778 614 779 615 779 616 779 616 780 617 780 618 780 404 781 227 781 486 781 486 782 227 782 607 782 486 783 607 783 619 783 619 784 607 784 608 784 619 785 608 785 620 785 620 786 608 786 609 786 620 787 609 787 621 787 621 788 609 788 610 788 621 789 610 789 622 789 622 790 610 790 611 790 622 791 611 791 623 791 623 792 611 792 612 792 623 793 612 793 473 793 473 794 612 794 613 794 473 795 613 795 474 795 595 796 624 796 597 796 597 797 624 797 625 797 597 798 625 798 599 798 599 799 625 799 626 799 599 800 626 800 601 800 601 801 626 801 627 801 601 802 627 802 602 802 602 803 627 803 628 803 602 804 628 804 603 804 603 805 628 805 629 805 603 806 629 806 451 806 451 807 629 807 630 807 451 808 630 808 449 808 449 809 630 809 631 809 632 810 633 810 634 810 634 811 633 811 635 811 634 812 635 812 636 812 636 813 635 813 637 813 636 814 637 814 638 814 437 815 638 815 639 815 639 816 638 816 637 816 639 817 637 817 640 817 640 818 637 818 635 818 640 819 635 819 617 819 617 820 635 820 633 820 617 821 633 821 618 821 618 822 633 822 632 822 437 823 436 823 638 823 638 824 436 824 487 824 638 825 487 825 636 825 636 826 487 826 485 826 636 827 485 827 634 827 634 828 485 828 486 828 634 829 486 829 632 829 632 830 486 830 619 830 632 831 619 831 618 831 618 832 619 832 620 832 618 833 620 833 616 833 616 834 620 834 621 834 616 835 621 835 614 835 614 836 621 836 622 836 614 837 622 837 606 837 606 838 622 838 623 838 606 839 623 839 604 839 604 840 623 840 473 840 604 841 473 841 448 841 448 842 473 842 475 842 448 843 475 843 446 843 615 844 641 844 616 844 616 845 641 845 642 845 616 846 642 846 617 846 617 847 642 847 643 847 617 848 643 848 640 848 640 849 643 849 644 849 640 850 644 850 639 850 639 851 644 851 645 851 639 852 645 852 437 852 437 853 645 853 646 853 437 854 646 854 438 854 438 855 646 855 647 855 438 856 647 856 557 856 557 857 647 857 648 857 557 858 648 858 559 858 559 859 648 859 649 859 559 860 649 860 561 860 561 861 649 861 569 861 561 862 569 862 562 862 562 863 569 863 492 863 562 864 492 864 445 864 445 865 492 865 333 865 445 866 333 866 331 866 587 867 584 867 573 867 573 868 584 868 337 868 573 869 337 869 574 869 574 870 337 870 578 870 574 871 578 871 575 871 575 872 578 872 577 872 575 873 577 873 568 873 568 874 577 874 576 874 568 875 576 875 566 875 566 876 576 876 333 876 566 877 333 877 567 877 567 878 333 878 572 878 567 879 572 879 568 879 568 880 572 880 569 880 568 881 569 881 565 881 565 882 569 882 649 882 565 883 649 883 563 883 563 884 649 884 648 884 563 885 648 885 555 885 555 886 648 886 647 886 555 887 647 887 553 887 553 888 647 888 646 888 553 889 646 889 551 889 551 890 646 890 645 890 551 891 645 891 433 891 433 892 645 892 644 892 535 893 537 893 540 893 540 894 537 894 650 894 540 895 650 895 542 895 542 896 650 896 651 896 542 897 651 897 458 897 467 898 460 898 468 898 468 899 460 899 462 899 468 900 462 900 652 900 456 901 458 901 465 901 465 902 458 902 651 902 465 903 651 903 464 903 464 904 651 904 650 904 464 905 650 905 462 905 462 906 650 906 537 906 462 907 537 907 652 907 652 908 537 908 539 908 652 909 539 909 653 909 538 910 532 910 539 910 539 911 532 911 444 911 539 912 444 912 653 912 653 913 444 913 443 913 653 914 443 914 654 914 654 915 443 915 528 915 654 916 528 916 655 916 655 917 528 917 526 917 655 918 526 918 656 918 656 919 526 919 524 919 656 920 524 920 520 920 520 921 524 921 523 921 520 922 523 922 518 922 656 923 594 923 655 923 655 924 594 924 596 924 655 925 596 925 654 925 654 926 596 926 598 926 654 927 598 927 653 927 653 928 598 928 600 928 653 929 600 929 652 929 652 930 600 930 592 930 652 931 592 931 468 931 468 932 592 932 454 932 468 933 454 933 466 933 466 934 454 934 453 934 446 935 631 935 447 935 447 936 631 936 630 936 447 937 630 937 605 937 605 938 630 938 629 938 605 939 629 939 615 939 615 940 629 940 628 940 615 941 628 941 641 941 641 942 628 942 627 942 641 943 627 943 642 943 642 944 627 944 626 944 642 945 626 945 643 945 643 946 626 946 625 946 643 947 625 947 644 947 644 948 625 948 624 948 644 949 624 949 433 949 433 950 624 950 595 950 433 951 595 951 434 951 434 952 595 952 594 952 434 953 594 953 544 953 544 954 594 954 656 954 544 955 656 955 545 955 545 956 656 956 520 956 545 957 520 957 547 957 547 958 520 958 513 958 547 959 513 959 549 959 549 960 513 960 515 960 549 961 515 961 509 961 509 962 515 962 517 962 509 963 517 963 510 963 657 964 658 964 659 964 660 965 661 965 662 965 663 966 664 966 665 966 666 967 667 967 668 967 669 968 670 968 671 968 671 969 670 969 672 969 671 970 672 970 397 970 666 971 668 971 664 971 663 972 665 972 661 972 660 973 662 973 673 973 455 974 673 974 440 974 440 975 673 975 674 975 440 976 674 976 441 976 675 977 676 977 677 977 677 978 676 978 501 978 678 979 679 979 680 979 680 980 679 980 681 980 319 981 321 981 682 981 683 982 310 982 684 982 684 983 310 983 309 983 684 984 309 984 685 984 685 985 309 985 308 985 685 986 308 986 686 986 686 987 308 987 258 987 686 988 258 988 687 988 687 989 258 989 257 989 687 990 257 990 688 990 688 991 257 991 255 991 688 992 255 992 689 992 689 993 255 993 254 993 689 994 254 994 690 994 690 995 254 995 429 995 690 996 429 996 691 996 691 997 429 997 251 997 691 998 251 998 692 998 692 999 251 999 311 999 692 1000 311 1000 693 1000 693 1001 311 1001 313 1001 693 1002 313 1002 694 1002 694 1003 313 1003 314 1003 694 1004 314 1004 695 1004 695 1005 314 1005 316 1005 695 1006 316 1006 696 1006 696 1007 316 1007 317 1007 696 1008 317 1008 697 1008 697 1009 317 1009 319 1009 697 1010 319 1010 698 1010 698 1011 319 1011 682 1011 698 1012 682 1012 699 1012 501 1013 500 1013 677 1013 677 1014 500 1014 508 1014 677 1015 508 1015 700 1015 700 1016 508 1016 507 1016 700 1017 507 1017 701 1017 701 1018 507 1018 505 1018 701 1019 505 1019 702 1019 702 1020 505 1020 512 1020 702 1021 512 1021 703 1021 703 1022 512 1022 510 1022 703 1023 510 1023 704 1023 704 1024 510 1024 517 1024 704 1025 517 1025 705 1025 705 1026 517 1026 516 1026 705 1027 516 1027 706 1027 706 1028 516 1028 514 1028 706 1029 514 1029 707 1029 707 1030 514 1030 522 1030 707 1031 522 1031 708 1031 708 1032 522 1032 521 1032 708 1033 521 1033 709 1033 709 1034 521 1034 519 1034 709 1035 519 1035 710 1035 710 1036 519 1036 518 1036 710 1037 518 1037 711 1037 711 1038 518 1038 523 1038 711 1039 523 1039 712 1039 712 1040 523 1040 525 1040 712 1041 525 1041 713 1041 713 1042 525 1042 527 1042 713 1043 527 1043 714 1043 714 1044 527 1044 531 1044 714 1045 531 1045 715 1045 715 1046 531 1046 530 1046 715 1047 530 1047 716 1047 530 1048 529 1048 716 1048 716 1049 529 1049 442 1049 716 1050 442 1050 717 1050 717 1051 442 1051 534 1051 717 1052 534 1052 718 1052 718 1053 534 1053 533 1053 718 1054 533 1054 719 1054 719 1055 533 1055 532 1055 719 1056 532 1056 720 1056 720 1057 532 1057 538 1057 720 1058 538 1058 721 1058 721 1059 538 1059 536 1059 721 1060 536 1060 722 1060 722 1061 536 1061 535 1061 722 1062 535 1062 674 1062 674 1063 535 1063 541 1063 674 1064 541 1064 441 1064 673 1065 662 1065 674 1065 674 1066 662 1066 723 1066 674 1067 723 1067 722 1067 722 1068 723 1068 724 1068 722 1069 724 1069 721 1069 721 1070 724 1070 725 1070 721 1071 725 1071 720 1071 720 1072 725 1072 726 1072 720 1073 726 1073 719 1073 719 1074 726 1074 727 1074 719 1075 727 1075 718 1075 718 1076 727 1076 728 1076 718 1077 728 1077 717 1077 717 1078 728 1078 729 1078 717 1079 729 1079 716 1079 716 1080 729 1080 730 1080 716 1081 730 1081 715 1081 715 1082 730 1082 731 1082 715 1083 731 1083 714 1083 714 1084 731 1084 732 1084 714 1085 732 1085 713 1085 713 1086 732 1086 733 1086 713 1087 733 1087 712 1087 712 1088 733 1088 734 1088 712 1089 734 1089 711 1089 711 1090 734 1090 735 1090 711 1091 735 1091 710 1091 710 1092 735 1092 736 1092 710 1093 736 1093 709 1093 709 1094 736 1094 737 1094 709 1095 737 1095 708 1095 708 1096 737 1096 738 1096 708 1097 738 1097 707 1097 707 1098 738 1098 739 1098 707 1099 739 1099 706 1099 706 1100 739 1100 740 1100 706 1101 740 1101 705 1101 705 1102 740 1102 741 1102 705 1103 741 1103 704 1103 704 1104 741 1104 742 1104 704 1105 742 1105 703 1105 703 1106 742 1106 743 1106 703 1107 743 1107 702 1107 702 1108 743 1108 744 1108 702 1109 744 1109 701 1109 701 1110 744 1110 745 1110 701 1111 745 1111 700 1111 700 1112 745 1112 659 1112 700 1113 659 1113 677 1113 677 1114 659 1114 658 1114 677 1115 658 1115 675 1115 661 1116 665 1116 662 1116 662 1117 665 1117 746 1117 662 1118 746 1118 723 1118 723 1119 746 1119 747 1119 723 1120 747 1120 724 1120 724 1121 747 1121 748 1121 724 1122 748 1122 725 1122 725 1123 748 1123 749 1123 725 1124 749 1124 726 1124 726 1125 749 1125 750 1125 726 1126 750 1126 727 1126 727 1127 750 1127 751 1127 727 1128 751 1128 728 1128 728 1129 751 1129 752 1129 728 1130 752 1130 729 1130 729 1131 752 1131 753 1131 729 1132 753 1132 730 1132 730 1133 753 1133 754 1133 730 1134 754 1134 731 1134 731 1135 754 1135 755 1135 731 1136 755 1136 732 1136 732 1137 755 1137 756 1137 732 1138 756 1138 733 1138 733 1139 756 1139 757 1139 733 1140 757 1140 734 1140 734 1141 757 1141 758 1141 734 1142 758 1142 735 1142 735 1143 758 1143 759 1143 735 1144 759 1144 736 1144 736 1145 759 1145 760 1145 736 1146 760 1146 737 1146 737 1147 760 1147 761 1147 737 1148 761 1148 738 1148 738 1149 761 1149 762 1149 738 1150 762 1150 739 1150 739 1151 762 1151 763 1151 739 1152 763 1152 740 1152 740 1153 763 1153 764 1153 740 1154 764 1154 741 1154 741 1155 764 1155 765 1155 741 1156 765 1156 742 1156 742 1157 765 1157 766 1157 742 1158 766 1158 743 1158 743 1159 766 1159 767 1159 743 1160 767 1160 744 1160 744 1161 767 1161 768 1161 744 1162 768 1162 745 1162 745 1163 768 1163 769 1163 745 1164 769 1164 659 1164 659 1165 769 1165 770 1165 659 1166 770 1166 657 1166 664 1167 668 1167 665 1167 665 1168 668 1168 771 1168 665 1169 771 1169 746 1169 746 1170 771 1170 772 1170 746 1171 772 1171 747 1171 747 1172 772 1172 773 1172 747 1173 773 1173 748 1173 748 1174 773 1174 774 1174 748 1175 774 1175 749 1175 749 1176 774 1176 775 1176 749 1177 775 1177 750 1177 750 1178 775 1178 776 1178 750 1179 776 1179 751 1179 751 1180 776 1180 777 1180 751 1181 777 1181 752 1181 752 1182 777 1182 778 1182 752 1183 778 1183 753 1183 753 1184 778 1184 779 1184 753 1185 779 1185 754 1185 754 1186 779 1186 780 1186 754 1187 780 1187 755 1187 755 1188 780 1188 781 1188 755 1189 781 1189 756 1189 756 1190 781 1190 782 1190 756 1191 782 1191 757 1191 757 1192 782 1192 783 1192 757 1193 783 1193 758 1193 758 1194 783 1194 784 1194 758 1195 784 1195 759 1195 759 1196 784 1196 785 1196 759 1197 785 1197 760 1197 760 1198 785 1198 786 1198 760 1199 786 1199 761 1199 761 1200 786 1200 787 1200 761 1201 787 1201 762 1201 762 1202 787 1202 788 1202 762 1203 788 1203 763 1203 763 1204 788 1204 789 1204 763 1205 789 1205 764 1205 764 1206 789 1206 790 1206 764 1207 790 1207 765 1207 765 1208 790 1208 791 1208 765 1209 791 1209 766 1209 766 1210 791 1210 792 1210 766 1211 792 1211 767 1211 767 1212 792 1212 793 1212 767 1213 793 1213 768 1213 768 1214 793 1214 679 1214 768 1215 679 1215 769 1215 769 1216 679 1216 678 1216 769 1217 678 1217 770 1217 670 1218 669 1218 667 1218 667 1219 669 1219 671 1219 667 1220 671 1220 668 1220 668 1221 671 1221 794 1221 668 1222 794 1222 771 1222 771 1223 794 1223 795 1223 771 1224 795 1224 772 1224 772 1225 795 1225 796 1225 772 1226 796 1226 773 1226 773 1227 796 1227 797 1227 773 1228 797 1228 774 1228 774 1229 797 1229 798 1229 774 1230 798 1230 775 1230 775 1231 798 1231 799 1231 775 1232 799 1232 776 1232 776 1233 799 1233 800 1233 776 1234 800 1234 777 1234 777 1235 800 1235 801 1235 777 1236 801 1236 778 1236 778 1237 801 1237 683 1237 778 1238 683 1238 779 1238 779 1239 683 1239 684 1239 779 1240 684 1240 780 1240 780 1241 684 1241 685 1241 780 1242 685 1242 781 1242 781 1243 685 1243 686 1243 781 1244 686 1244 782 1244 782 1245 686 1245 687 1245 782 1246 687 1246 783 1246 783 1247 687 1247 688 1247 783 1248 688 1248 784 1248 784 1249 688 1249 689 1249 784 1250 689 1250 785 1250 785 1251 689 1251 690 1251 785 1252 690 1252 786 1252 786 1253 690 1253 691 1253 786 1254 691 1254 787 1254 787 1255 691 1255 692 1255 787 1256 692 1256 788 1256 788 1257 692 1257 693 1257 788 1258 693 1258 789 1258 789 1259 693 1259 694 1259 789 1260 694 1260 790 1260 790 1261 694 1261 695 1261 790 1262 695 1262 791 1262 791 1263 695 1263 696 1263 791 1264 696 1264 792 1264 792 1265 696 1265 697 1265 792 1266 697 1266 793 1266 793 1267 697 1267 698 1267 793 1268 698 1268 679 1268 679 1269 698 1269 699 1269 679 1270 699 1270 681 1270 397 1271 295 1271 671 1271 671 1272 295 1272 293 1272 671 1273 293 1273 794 1273 794 1274 293 1274 292 1274 794 1275 292 1275 795 1275 795 1276 292 1276 301 1276 795 1277 301 1277 796 1277 796 1278 301 1278 299 1278 796 1279 299 1279 797 1279 797 1280 299 1280 297 1280 797 1281 297 1281 798 1281 798 1282 297 1282 303 1282 798 1283 303 1283 799 1283 799 1284 303 1284 302 1284 799 1285 302 1285 800 1285 800 1286 302 1286 307 1286 800 1287 307 1287 801 1287 801 1288 307 1288 306 1288 801 1289 306 1289 683 1289 683 1290 306 1290 305 1290 683 1291 305 1291 310 1291 590 1292 356 1292 587 1292 587 1293 356 1293 357 1293 336 1294 338 1294 585 1294 501 1295 681 1295 699 1295 357 1296 335 1296 587 1296 587 1297 335 1297 336 1297 587 1298 336 1298 584 1298 584 1299 336 1299 585 1299 699 1300 682 1300 501 1300 501 1301 682 1301 321 1301 501 1302 321 1302 589 1302 589 1303 321 1303 225 1303 589 1304 225 1304 590 1304 590 1305 225 1305 224 1305 590 1306 224 1306 356 1306 681 1307 501 1307 680 1307 680 1308 501 1308 676 1308 680 1309 676 1309 675 1309 770 1310 678 1310 657 1310 657 1311 678 1311 680 1311 657 1312 680 1312 658 1312 658 1313 680 1313 675 1313 802 1314 803 1314 804 1314 805 1315 806 1315 807 1315 808 1316 809 1316 810 1316 811 1317 812 1317 813 1317 814 1318 815 1318 816 1318 817 1319 818 1319 819 1319 819 1320 818 1320 820 1320 821 1321 822 1321 823 1321 824 1322 825 1322 826 1322 827 1323 828 1323 829 1323 830 1324 831 1324 832 1324 833 1325 834 1325 835 1325 836 1326 837 1326 815 1326 816 1327 815 1327 838 1327 838 1328 815 1328 837 1328 838 1329 837 1329 839 1329 840 1330 841 1330 836 1330 809 1331 808 1331 840 1331 842 1332 843 1332 844 1332 844 1333 843 1333 845 1333 846 1334 847 1334 848 1334 848 1335 847 1335 849 1335 849 1336 847 1336 850 1336 850 1337 847 1337 851 1337 850 1338 851 1338 852 1338 852 1339 851 1339 853 1339 852 1340 853 1340 854 1340 854 1341 853 1341 855 1341 854 1342 855 1342 856 1342 856 1343 855 1343 857 1343 857 1344 855 1344 858 1344 857 1345 858 1345 859 1345 860 1346 861 1346 862 1346 862 1347 861 1347 863 1347 862 1348 863 1348 858 1348 858 1349 863 1349 864 1349 858 1350 864 1350 859 1350 865 1351 866 1351 867 1351 867 1352 866 1352 868 1352 867 1353 868 1353 869 1353 865 1354 870 1354 871 1354 871 1355 870 1355 872 1355 871 1356 872 1356 873 1356 873 1357 872 1357 874 1357 833 1358 875 1358 876 1358 875 1359 833 1359 877 1359 877 1360 833 1360 835 1360 877 1361 835 1361 878 1361 878 1362 835 1362 879 1362 878 1363 879 1363 880 1363 880 1364 879 1364 881 1364 881 1365 879 1365 882 1365 881 1366 882 1366 883 1366 884 1367 885 1367 882 1367 882 1368 885 1368 886 1368 882 1369 886 1369 883 1369 887 1370 888 1370 889 1370 890 1371 891 1371 892 1371 892 1372 891 1372 893 1372 830 1373 832 1373 894 1373 894 1374 832 1374 895 1374 894 1375 895 1375 896 1375 897 1376 898 1376 899 1376 899 1377 898 1377 900 1377 899 1378 900 1378 901 1378 901 1379 902 1379 903 1379 903 1380 902 1380 904 1380 903 1381 904 1381 905 1381 905 1382 904 1382 906 1382 905 1383 906 1383 907 1383 907 1384 906 1384 908 1384 907 1385 908 1385 829 1385 829 1386 908 1386 909 1386 829 1387 909 1387 827 1387 910 1388 828 1388 911 1388 911 1389 828 1389 912 1389 911 1390 912 1390 913 1390 914 1391 915 1391 916 1391 916 1392 915 1392 917 1392 916 1393 917 1393 918 1393 919 1394 920 1394 921 1394 921 1395 920 1395 922 1395 921 1396 922 1396 923 1396 826 1397 825 1397 924 1397 924 1398 825 1398 822 1398 924 1399 822 1399 925 1399 925 1400 822 1400 821 1400 925 1401 821 1401 926 1401 823 1402 822 1402 927 1402 927 1403 822 1403 825 1403 927 1404 825 1404 928 1404 928 1405 825 1405 824 1405 928 1406 824 1406 895 1406 929 1407 923 1407 930 1407 930 1408 923 1408 922 1408 930 1409 922 1409 802 1409 802 1410 922 1410 920 1410 802 1411 920 1411 803 1411 803 1412 920 1412 919 1412 803 1413 919 1413 931 1413 931 1414 919 1414 932 1414 831 1415 890 1415 832 1415 832 1416 890 1416 892 1416 832 1417 892 1417 895 1417 895 1418 892 1418 893 1418 895 1419 893 1419 928 1419 928 1420 893 1420 933 1420 928 1421 933 1421 927 1421 927 1422 933 1422 934 1422 927 1423 934 1423 823 1423 865 1424 867 1424 870 1424 870 1425 867 1425 817 1425 870 1426 817 1426 872 1426 872 1427 817 1427 819 1427 872 1428 819 1428 874 1428 834 1429 935 1429 835 1429 835 1430 935 1430 936 1430 835 1431 936 1431 879 1431 879 1432 936 1432 937 1432 879 1433 937 1433 882 1433 938 1434 939 1434 940 1434 940 1435 939 1435 941 1435 940 1436 941 1436 813 1436 813 1437 941 1437 942 1437 813 1438 942 1438 811 1438 816 1439 938 1439 814 1439 814 1440 938 1440 940 1440 814 1441 940 1441 943 1441 943 1442 940 1442 813 1442 943 1443 813 1443 944 1443 944 1444 813 1444 812 1444 945 1445 946 1445 810 1445 810 1446 946 1446 844 1446 810 1447 844 1447 808 1447 808 1448 844 1448 845 1448 808 1449 845 1449 840 1449 840 1450 845 1450 947 1450 840 1451 947 1451 841 1451 836 1452 815 1452 840 1452 840 1453 815 1453 814 1453 840 1454 814 1454 809 1454 809 1455 814 1455 943 1455 809 1456 943 1456 810 1456 810 1457 943 1457 944 1457 810 1458 944 1458 945 1458 948 1459 949 1459 950 1459 950 1460 949 1460 951 1460 950 1461 951 1461 952 1461 952 1462 951 1462 953 1462 952 1463 953 1463 954 1463 954 1464 953 1464 955 1464 954 1465 955 1465 956 1465 942 1466 957 1466 811 1466 811 1467 957 1467 958 1467 811 1468 958 1468 812 1468 812 1469 958 1469 959 1469 812 1470 959 1470 944 1470 944 1471 959 1471 960 1471 944 1472 960 1472 945 1472 945 1473 960 1473 961 1473 945 1474 961 1474 962 1474 962 1475 961 1475 963 1475 964 1476 965 1476 966 1476 966 1477 965 1477 956 1477 966 1478 956 1478 967 1478 967 1479 956 1479 955 1479 967 1480 955 1480 968 1480 968 1481 955 1481 953 1481 968 1482 953 1482 969 1482 969 1483 953 1483 951 1483 969 1484 951 1484 807 1484 807 1485 951 1485 949 1485 807 1486 949 1486 805 1486 805 1487 949 1487 948 1487 970 1488 971 1488 820 1488 820 1489 971 1489 972 1489 820 1490 972 1490 819 1490 819 1491 972 1491 973 1491 819 1492 973 1492 874 1492 847 1493 970 1493 851 1493 851 1494 970 1494 820 1494 851 1495 820 1495 853 1495 853 1496 820 1496 818 1496 853 1497 818 1497 855 1497 855 1498 818 1498 817 1498 855 1499 817 1499 858 1499 858 1500 817 1500 867 1500 858 1501 867 1501 862 1501 862 1502 867 1502 869 1502 862 1503 869 1503 860 1503 860 1504 869 1504 974 1504 957 1505 948 1505 958 1505 958 1506 948 1506 950 1506 958 1507 950 1507 959 1507 959 1508 950 1508 952 1508 959 1509 952 1509 960 1509 960 1510 952 1510 954 1510 960 1511 954 1511 961 1511 961 1512 954 1512 956 1512 961 1513 956 1513 963 1513 963 1514 956 1514 965 1514 975 1515 976 1515 977 1515 978 1516 979 1516 980 1516 981 1517 982 1517 976 1517 976 1518 982 1518 983 1518 976 1519 983 1519 977 1519 977 1520 983 1520 984 1520 977 1521 984 1521 897 1521 897 1522 984 1522 985 1522 897 1523 985 1523 898 1523 975 1524 977 1524 986 1524 986 1525 977 1525 897 1525 986 1526 897 1526 987 1526 987 1527 897 1527 899 1527 987 1528 899 1528 988 1528 988 1529 899 1529 901 1529 988 1530 901 1530 989 1530 989 1531 901 1531 903 1531 989 1532 903 1532 990 1532 990 1533 903 1533 905 1533 990 1534 905 1534 918 1534 918 1535 905 1535 907 1535 918 1536 907 1536 916 1536 916 1537 907 1537 829 1537 916 1538 829 1538 914 1538 914 1539 829 1539 828 1539 914 1540 828 1540 915 1540 917 1541 991 1541 918 1541 918 1542 991 1542 992 1542 918 1543 992 1543 990 1543 990 1544 992 1544 993 1544 990 1545 993 1545 989 1545 989 1546 993 1546 994 1546 989 1547 994 1547 988 1547 988 1548 994 1548 995 1548 988 1549 995 1549 987 1549 987 1550 995 1550 996 1550 987 1551 996 1551 986 1551 986 1552 996 1552 997 1552 986 1553 997 1553 975 1553 910 1554 932 1554 828 1554 828 1555 932 1555 919 1555 828 1556 919 1556 915 1556 915 1557 919 1557 921 1557 915 1558 921 1558 917 1558 917 1559 921 1559 923 1559 917 1560 923 1560 991 1560 991 1561 923 1561 929 1561 991 1562 929 1562 992 1562 992 1563 929 1563 998 1563 992 1564 998 1564 993 1564 993 1565 998 1565 999 1565 993 1566 999 1566 994 1566 994 1567 999 1567 1000 1567 994 1568 1000 1568 995 1568 995 1569 1000 1569 980 1569 995 1570 980 1570 996 1570 996 1571 980 1571 979 1571 996 1572 979 1572 997 1572 978 1573 1001 1573 1002 1573 1002 1574 1001 1574 926 1574 1002 1575 926 1575 1003 1575 1003 1576 926 1576 821 1576 1003 1577 821 1577 1004 1577 1004 1578 821 1578 823 1578 1004 1579 823 1579 1005 1579 1005 1580 823 1580 934 1580 964 1581 1006 1581 965 1581 965 1582 1006 1582 1007 1582 965 1583 1007 1583 963 1583 963 1584 1007 1584 972 1584 963 1585 972 1585 962 1585 962 1586 972 1586 971 1586 962 1587 971 1587 945 1587 945 1588 971 1588 970 1588 945 1589 970 1589 946 1589 946 1590 970 1590 847 1590 946 1591 847 1591 844 1591 844 1592 847 1592 846 1592 844 1593 846 1593 842 1593 978 1594 980 1594 1001 1594 1001 1595 980 1595 1000 1595 1001 1596 1000 1596 926 1596 926 1597 1000 1597 999 1597 926 1598 999 1598 925 1598 925 1599 999 1599 998 1599 925 1600 998 1600 924 1600 924 1601 998 1601 929 1601 924 1602 929 1602 826 1602 826 1603 929 1603 930 1603 826 1604 930 1604 824 1604 824 1605 930 1605 802 1605 824 1606 802 1606 895 1606 895 1607 802 1607 804 1607 895 1608 804 1608 896 1608 888 1609 884 1609 889 1609 889 1610 884 1610 882 1610 889 1611 882 1611 1008 1611 1008 1612 882 1612 937 1612 1008 1613 937 1613 1006 1613 1006 1614 937 1614 936 1614 1006 1615 936 1615 1007 1615 1007 1616 936 1616 935 1616 1007 1617 935 1617 972 1617 972 1618 935 1618 834 1618 972 1619 834 1619 973 1619 973 1620 834 1620 833 1620 973 1621 833 1621 874 1621 874 1622 833 1622 876 1622 874 1623 876 1623 873 1623 891 1624 1009 1624 893 1624 893 1625 1009 1625 1010 1625 893 1626 1010 1626 933 1626 933 1627 1010 1627 1011 1627 933 1628 1011 1628 934 1628 934 1629 1011 1629 887 1629 934 1630 887 1630 1005 1630 1005 1631 887 1631 889 1631 1005 1632 889 1632 1004 1632 1004 1633 889 1633 1008 1633 1004 1634 1008 1634 1003 1634 1003 1635 1008 1635 1006 1635 1003 1636 1006 1636 1002 1636 1002 1637 1006 1637 964 1637 1002 1638 964 1638 978 1638 978 1639 964 1639 966 1639 978 1640 966 1640 979 1640 979 1641 966 1641 967 1641 979 1642 967 1642 997 1642 997 1643 967 1643 968 1643 997 1644 968 1644 975 1644 975 1645 968 1645 969 1645 975 1646 969 1646 976 1646 976 1647 969 1647 807 1647 976 1648 807 1648 981 1648 981 1649 807 1649 806 1649 1012 1650 1013 1650 1014 1650 1015 1651 1016 1651 1017 1651 1018 1652 1019 1652 1020 1652 1021 1653 1022 1653 1023 1653 1024 1654 1025 1654 1026 1654 1027 1655 906 1655 904 1655 1028 1656 1029 1656 1030 1656 1031 1657 1032 1657 1033 1657 1034 1658 1035 1658 1036 1658 1019 1659 1018 1659 1037 1659 1038 1660 1039 1660 1040 1660 1040 1661 1039 1661 1041 1661 1042 1662 1043 1662 1044 1662 1044 1663 1043 1663 1045 1663 1044 1664 1045 1664 1046 1664 1046 1665 1045 1665 1047 1665 1048 1666 1049 1666 1050 1666 1051 1667 1052 1667 1053 1667 1053 1668 1052 1668 1054 1668 1055 1669 1056 1669 1057 1669 939 1670 938 1670 1058 1670 1058 1671 938 1671 816 1671 1058 1672 816 1672 1059 1672 1059 1673 816 1673 838 1673 838 1674 839 1674 1059 1674 1059 1675 839 1675 1060 1675 1059 1676 1060 1676 1061 1676 1061 1677 1060 1677 1062 1677 1063 1678 805 1678 1064 1678 1064 1679 805 1679 948 1679 1064 1680 948 1680 1065 1680 1065 1681 948 1681 957 1681 1065 1682 957 1682 1066 1682 1066 1683 957 1683 942 1683 1066 1684 942 1684 1058 1684 1058 1685 942 1685 941 1685 1058 1686 941 1686 939 1686 1067 1687 982 1687 981 1687 1067 1688 981 1688 1068 1688 982 1689 1067 1689 983 1689 983 1690 1067 1690 1069 1690 983 1691 1069 1691 984 1691 984 1692 1069 1692 1070 1692 984 1693 1070 1693 985 1693 985 1694 1070 1694 898 1694 898 1695 1070 1695 1071 1695 898 1696 1071 1696 900 1696 900 1697 1071 1697 901 1697 901 1698 1071 1698 1072 1698 901 1699 1072 1699 902 1699 902 1700 1072 1700 904 1700 904 1701 1072 1701 1073 1701 904 1702 1073 1702 1027 1702 908 1703 1074 1703 1075 1703 908 1704 1076 1704 1077 1704 1078 1705 1079 1705 912 1705 912 1706 1079 1706 913 1706 1080 1707 1081 1707 913 1707 1082 1708 1083 1708 1084 1708 1084 1709 1083 1709 1085 1709 1084 1710 1085 1710 1086 1710 1087 1711 1088 1711 1089 1711 1089 1712 1088 1712 1090 1712 1089 1713 1090 1713 1091 1713 1092 1714 1093 1714 1094 1714 1094 1715 1093 1715 1095 1715 1096 1716 1097 1716 1092 1716 1092 1717 1097 1717 1098 1717 1092 1718 1098 1718 1093 1718 1099 1719 1100 1719 1101 1719 1025 1720 1102 1720 1026 1720 1026 1721 1102 1721 1103 1721 1026 1722 1103 1722 1100 1722 1100 1723 1103 1723 1104 1723 1100 1724 1104 1724 1101 1724 1105 1725 1106 1725 1107 1725 1107 1726 1106 1726 1108 1726 1022 1727 1021 1727 1109 1727 1021 1728 1110 1728 1109 1728 1109 1729 1110 1729 1111 1729 1109 1730 1111 1730 1106 1730 1106 1731 1111 1731 1112 1731 1106 1732 1112 1732 1108 1732 1113 1733 1114 1733 1023 1733 1023 1734 1114 1734 1115 1734 1023 1735 1115 1735 1021 1735 1116 1736 1117 1736 1118 1736 1118 1737 1117 1737 1119 1737 1118 1738 1119 1738 1120 1738 1116 1739 1121 1739 1122 1739 1122 1740 1121 1740 1123 1740 1122 1741 1123 1741 1020 1741 1020 1742 1123 1742 1040 1742 1020 1743 1040 1743 1018 1743 1018 1744 1040 1744 1041 1744 1018 1745 1041 1745 1037 1745 1124 1746 1087 1746 1083 1746 1083 1747 1087 1747 1089 1747 1083 1748 1089 1748 1085 1748 1085 1749 1089 1749 1091 1749 1085 1750 1091 1750 1086 1750 1125 1751 1126 1751 1127 1751 1127 1752 1126 1752 1128 1752 1127 1753 1128 1753 1129 1753 1129 1754 1128 1754 1096 1754 1129 1755 1096 1755 1130 1755 1130 1756 1096 1756 1092 1756 1130 1757 1092 1757 1124 1757 1124 1758 1092 1758 1094 1758 1124 1759 1094 1759 1087 1759 1087 1760 1094 1760 1095 1760 1087 1761 1095 1761 1088 1761 1012 1762 1014 1762 1131 1762 1131 1763 1014 1763 1132 1763 1131 1764 1132 1764 1133 1764 1133 1765 1132 1765 1134 1765 1133 1766 1134 1766 1135 1766 1015 1767 1017 1767 1136 1767 1136 1768 1017 1768 1137 1768 1136 1769 1137 1769 1138 1769 1138 1770 1137 1770 1139 1770 1138 1771 1139 1771 1140 1771 1140 1772 1139 1772 1141 1772 1140 1773 1141 1773 1142 1773 1069 1774 1015 1774 1070 1774 1070 1775 1015 1775 1136 1775 1070 1776 1136 1776 1071 1776 1071 1777 1136 1777 1138 1777 1071 1778 1138 1778 1072 1778 1072 1779 1138 1779 1140 1779 1072 1780 1140 1780 1073 1780 1073 1781 1140 1781 1142 1781 1073 1782 1142 1782 1027 1782 1143 1783 1144 1783 1145 1783 1146 1784 1147 1784 1148 1784 1149 1785 1150 1785 1151 1785 1074 1786 1149 1786 1075 1786 1075 1787 1149 1787 1151 1787 1075 1788 1151 1788 908 1788 908 1789 1151 1789 1150 1789 908 1790 1150 1790 1076 1790 1076 1791 1150 1791 1149 1791 1076 1792 1149 1792 1077 1792 1077 1793 1149 1793 1152 1793 1077 1794 1152 1794 908 1794 1153 1795 1154 1795 1145 1795 1145 1796 1154 1796 1155 1796 1145 1797 1155 1797 1148 1797 908 1798 1156 1798 909 1798 909 1799 1156 1799 1157 1799 909 1800 1157 1800 827 1800 827 1801 1157 1801 1158 1801 827 1802 1158 1802 828 1802 828 1803 1158 1803 912 1803 1159 1804 1160 1804 1161 1804 1161 1805 1162 1805 1163 1805 912 1806 1164 1806 1161 1806 1161 1807 1164 1807 1165 1807 1161 1808 1165 1808 1159 1808 1159 1809 1165 1809 913 1809 1159 1810 913 1810 1160 1810 1160 1811 913 1811 1081 1811 1160 1812 1081 1812 1161 1812 1161 1813 1081 1813 1080 1813 1161 1814 1080 1814 1162 1814 1162 1815 1080 1815 913 1815 1162 1816 913 1816 1163 1816 1163 1817 913 1817 1079 1817 1163 1818 1079 1818 1161 1818 1161 1819 1079 1819 1078 1819 1161 1820 1078 1820 912 1820 1145 1821 1144 1821 1153 1821 1153 1822 1144 1822 1166 1822 1153 1823 1166 1823 1167 1823 1168 1824 1169 1824 1170 1824 1135 1825 1134 1825 1143 1825 1143 1826 1134 1826 1171 1826 1143 1827 1171 1827 1144 1827 1144 1828 1171 1828 1168 1828 1144 1829 1168 1829 1166 1829 1166 1830 1168 1830 1170 1830 1166 1831 1170 1831 1167 1831 1082 1832 1169 1832 1083 1832 1083 1833 1169 1833 1168 1833 1083 1834 1168 1834 1124 1834 1124 1835 1168 1835 1171 1835 1124 1836 1171 1836 1130 1836 1130 1837 1171 1837 1134 1837 1130 1838 1134 1838 1129 1838 1129 1839 1134 1839 1132 1839 1129 1840 1132 1840 1127 1840 1127 1841 1132 1841 1014 1841 1127 1842 1014 1842 1125 1842 1125 1843 1014 1843 1013 1843 1172 1844 1173 1844 1036 1844 1036 1845 1173 1845 1053 1845 1036 1846 1053 1846 1034 1846 1034 1847 1053 1847 1054 1847 1174 1848 1175 1848 1176 1848 1176 1849 1175 1849 1177 1849 1176 1850 1177 1850 1178 1850 1178 1851 1177 1851 1179 1851 1178 1852 1179 1852 1180 1852 1180 1853 1179 1853 1181 1853 1180 1854 1181 1854 1182 1854 1032 1855 1051 1855 1033 1855 1033 1856 1051 1856 1053 1856 1033 1857 1053 1857 1183 1857 1183 1858 1053 1858 1173 1858 1183 1859 1173 1859 1182 1859 1182 1860 1173 1860 1172 1860 1182 1861 1172 1861 1180 1861 1030 1862 1029 1862 1184 1862 1184 1863 1029 1863 1185 1863 1184 1864 1185 1864 1186 1864 806 1865 805 1865 1187 1865 1187 1866 805 1866 1063 1866 1187 1867 1063 1867 1188 1867 1188 1868 1063 1868 1064 1868 1188 1869 1064 1869 1189 1869 1189 1870 1064 1870 1065 1870 1189 1871 1065 1871 1190 1871 1190 1872 1065 1872 1066 1872 1190 1873 1066 1873 1191 1873 1191 1874 1066 1874 1058 1874 1191 1875 1058 1875 1192 1875 1192 1876 1058 1876 1059 1876 1192 1877 1059 1877 1193 1877 1186 1878 1185 1878 1194 1878 1194 1879 1185 1879 1195 1879 1194 1880 1195 1880 1196 1880 1196 1881 1197 1881 1198 1881 981 1882 806 1882 1068 1882 1068 1883 806 1883 1187 1883 1068 1884 1187 1884 1199 1884 1199 1885 1187 1885 1188 1885 1199 1886 1188 1886 1200 1886 1200 1887 1188 1887 1189 1887 1200 1888 1189 1888 1201 1888 1201 1889 1189 1889 1190 1889 1201 1890 1190 1890 1202 1890 1202 1891 1190 1891 1191 1891 1202 1892 1191 1892 1203 1892 1203 1893 1191 1893 1192 1893 1203 1894 1192 1894 1055 1894 1055 1895 1192 1895 1193 1895 1055 1896 1193 1896 1056 1896 1175 1897 1204 1897 1177 1897 1177 1898 1204 1898 1205 1898 1177 1899 1205 1899 1179 1899 1179 1900 1205 1900 1206 1900 1179 1901 1206 1901 1181 1901 1181 1902 1206 1902 1207 1902 1181 1903 1207 1903 1182 1903 1182 1904 1207 1904 1208 1904 1182 1905 1208 1905 1183 1905 1183 1906 1208 1906 1209 1906 1183 1907 1209 1907 1033 1907 1033 1908 1209 1908 1210 1908 1033 1909 1210 1909 1031 1909 1031 1910 1210 1910 1211 1910 1212 1911 1213 1911 1214 1911 1214 1912 1213 1912 1215 1912 1214 1913 1215 1913 1216 1913 1216 1914 1215 1914 1217 1914 1216 1915 1217 1915 1218 1915 1016 1916 1218 1916 1219 1916 1219 1917 1218 1917 1217 1917 1219 1918 1217 1918 1220 1918 1220 1919 1217 1919 1215 1919 1220 1920 1215 1920 1197 1920 1197 1921 1215 1921 1213 1921 1197 1922 1213 1922 1198 1922 1198 1923 1213 1923 1212 1923 1016 1924 1015 1924 1218 1924 1218 1925 1015 1925 1069 1925 1218 1926 1069 1926 1216 1926 1216 1927 1069 1927 1067 1927 1216 1928 1067 1928 1214 1928 1214 1929 1067 1929 1068 1929 1214 1930 1068 1930 1212 1930 1212 1931 1068 1931 1199 1931 1212 1932 1199 1932 1198 1932 1198 1933 1199 1933 1200 1933 1198 1934 1200 1934 1196 1934 1196 1935 1200 1935 1201 1935 1196 1936 1201 1936 1194 1936 1194 1937 1201 1937 1202 1937 1194 1938 1202 1938 1186 1938 1186 1939 1202 1939 1203 1939 1186 1940 1203 1940 1184 1940 1184 1941 1203 1941 1055 1941 1184 1942 1055 1942 1030 1942 1030 1943 1055 1943 1057 1943 1030 1944 1057 1944 1028 1944 1195 1945 1221 1945 1196 1945 1196 1946 1221 1946 1222 1946 1196 1947 1222 1947 1197 1947 1197 1948 1222 1948 1223 1948 1197 1949 1223 1949 1220 1949 1220 1950 1223 1950 1224 1950 1220 1951 1224 1951 1219 1951 1219 1952 1224 1952 1225 1952 1219 1953 1225 1953 1016 1953 1016 1954 1225 1954 1226 1954 1016 1955 1226 1955 1017 1955 1017 1956 1226 1956 1227 1956 1017 1957 1227 1957 1137 1957 1137 1958 1227 1958 1228 1958 1137 1959 1228 1959 1139 1959 1139 1960 1228 1960 1229 1960 1139 1961 1229 1961 1141 1961 1141 1962 1229 1962 1149 1962 1141 1963 1149 1963 1142 1963 1142 1964 1149 1964 1074 1964 1142 1965 1074 1965 1027 1965 1027 1966 1074 1966 908 1966 1027 1967 908 1967 906 1967 1167 1968 1164 1968 1153 1968 1153 1969 1164 1969 912 1969 1153 1970 912 1970 1154 1970 1154 1971 912 1971 1158 1971 1154 1972 1158 1972 1155 1972 1155 1973 1158 1973 1157 1973 1155 1974 1157 1974 1148 1974 1148 1975 1157 1975 1156 1975 1148 1976 1156 1976 1146 1976 1146 1977 1156 1977 908 1977 1146 1978 908 1978 1147 1978 1147 1979 908 1979 1152 1979 1147 1980 1152 1980 1148 1980 1148 1981 1152 1981 1149 1981 1148 1982 1149 1982 1145 1982 1145 1983 1149 1983 1229 1983 1145 1984 1229 1984 1143 1984 1143 1985 1229 1985 1228 1985 1143 1986 1228 1986 1135 1986 1135 1987 1228 1987 1227 1987 1135 1988 1227 1988 1133 1988 1133 1989 1227 1989 1226 1989 1133 1990 1226 1990 1131 1990 1131 1991 1226 1991 1225 1991 1131 1992 1225 1992 1012 1992 1012 1993 1225 1993 1224 1993 1116 1994 1118 1994 1121 1994 1121 1995 1118 1995 1230 1995 1121 1996 1230 1996 1123 1996 1123 1997 1230 1997 1231 1997 1123 1998 1231 1998 1040 1998 1049 1999 1042 1999 1050 1999 1050 2000 1042 2000 1044 2000 1050 2001 1044 2001 1232 2001 1038 2002 1040 2002 1047 2002 1047 2003 1040 2003 1231 2003 1047 2004 1231 2004 1046 2004 1046 2005 1231 2005 1230 2005 1046 2006 1230 2006 1044 2006 1044 2007 1230 2007 1118 2007 1044 2008 1118 2008 1232 2008 1232 2009 1118 2009 1120 2009 1232 2010 1120 2010 1233 2010 1119 2011 1113 2011 1120 2011 1120 2012 1113 2012 1023 2012 1120 2013 1023 2013 1233 2013 1233 2014 1023 2014 1022 2014 1233 2015 1022 2015 1234 2015 1234 2016 1022 2016 1109 2016 1234 2017 1109 2017 1235 2017 1235 2018 1109 2018 1106 2018 1235 2019 1106 2019 1236 2019 1236 2020 1106 2020 1105 2020 1236 2021 1105 2021 1026 2021 1026 2022 1105 2022 1107 2022 1026 2023 1107 2023 1024 2023 1236 2024 1174 2024 1235 2024 1235 2025 1174 2025 1176 2025 1235 2026 1176 2026 1234 2026 1234 2027 1176 2027 1178 2027 1234 2028 1178 2028 1233 2028 1233 2029 1178 2029 1180 2029 1233 2030 1180 2030 1232 2030 1232 2031 1180 2031 1172 2031 1232 2032 1172 2032 1050 2032 1050 2033 1172 2033 1036 2033 1050 2034 1036 2034 1048 2034 1048 2035 1036 2035 1035 2035 1028 2036 1211 2036 1029 2036 1029 2037 1211 2037 1210 2037 1029 2038 1210 2038 1185 2038 1185 2039 1210 2039 1209 2039 1185 2040 1209 2040 1195 2040 1195 2041 1209 2041 1208 2041 1195 2042 1208 2042 1221 2042 1221 2043 1208 2043 1207 2043 1221 2044 1207 2044 1222 2044 1222 2045 1207 2045 1206 2045 1222 2046 1206 2046 1223 2046 1223 2047 1206 2047 1205 2047 1223 2048 1205 2048 1224 2048 1224 2049 1205 2049 1204 2049 1224 2050 1204 2050 1012 2050 1012 2051 1204 2051 1175 2051 1012 2052 1175 2052 1013 2052 1013 2053 1175 2053 1174 2053 1013 2054 1174 2054 1125 2054 1125 2055 1174 2055 1236 2055 1125 2056 1236 2056 1126 2056 1126 2057 1236 2057 1026 2057 1126 2058 1026 2058 1128 2058 1128 2059 1026 2059 1100 2059 1128 2060 1100 2060 1096 2060 1096 2061 1100 2061 1099 2061 1096 2062 1099 2062 1097 2062 1097 2063 1099 2063 1101 2063 932 2064 1167 2064 931 2064 931 2065 1167 2065 1170 2065 931 2066 1170 2066 803 2066 803 2067 1170 2067 804 2067 804 2068 1170 2068 1169 2068 804 2069 1169 2069 896 2069 911 2070 913 2070 1165 2070 1169 2071 1082 2071 896 2071 896 2072 1082 2072 1237 2072 896 2073 1237 2073 1238 2073 932 2074 910 2074 1167 2074 1167 2075 910 2075 911 2075 1167 2076 911 2076 1164 2076 1164 2077 911 2077 1165 2077 1239 2078 1240 2078 1238 2078 1238 2079 1240 2079 1241 2079 1238 2080 1241 2080 896 2080 1242 2081 1243 2081 1244 2081 1244 2082 1243 2082 1240 2082 1244 2083 1240 2083 1245 2083 1245 2084 1240 2084 1239 2084 1245 2085 1239 2085 1246 2085 1247 2086 1248 2086 1249 2086 1248 2087 1250 2087 1251 2087 1252 2088 1253 2088 1254 2088 1255 2089 1256 2089 1257 2089 1257 2090 1256 2090 974 2090 1253 2091 1258 2091 1259 2091 1258 2092 1260 2092 1259 2092 1252 2093 1254 2093 1250 2093 1037 2094 1247 2094 1019 2094 1019 2095 1247 2095 1261 2095 1019 2096 1261 2096 1020 2096 1238 2097 1237 2097 1262 2097 1262 2098 1237 2098 1082 2098 1263 2099 1243 2099 1242 2099 894 2100 896 2100 1241 2100 1082 2101 1084 2101 1262 2101 1262 2102 1084 2102 1086 2102 1262 2103 1086 2103 1264 2103 1264 2104 1086 2104 1091 2104 1264 2105 1091 2105 1265 2105 1265 2106 1091 2106 1090 2106 1265 2107 1090 2107 1266 2107 1266 2108 1090 2108 1088 2108 1266 2109 1088 2109 1267 2109 1267 2110 1088 2110 1095 2110 1267 2111 1095 2111 1268 2111 1268 2112 1095 2112 1093 2112 1268 2113 1093 2113 1269 2113 1269 2114 1093 2114 1098 2114 1269 2115 1098 2115 1270 2115 1270 2116 1098 2116 1097 2116 1270 2117 1097 2117 1271 2117 1271 2118 1097 2118 1101 2118 1271 2119 1101 2119 1272 2119 1272 2120 1101 2120 1104 2120 1272 2121 1104 2121 1273 2121 1273 2122 1104 2122 1103 2122 1273 2123 1103 2123 1274 2123 1274 2124 1103 2124 1102 2124 1274 2125 1102 2125 1275 2125 1275 2126 1102 2126 1025 2126 1275 2127 1025 2127 1276 2127 1276 2128 1025 2128 1024 2128 1276 2129 1024 2129 1277 2129 1277 2130 1024 2130 1107 2130 1277 2131 1107 2131 1278 2131 1278 2132 1107 2132 1108 2132 1278 2133 1108 2133 1279 2133 1279 2134 1108 2134 1112 2134 1279 2135 1112 2135 1280 2135 1280 2136 1112 2136 1111 2136 1280 2137 1111 2137 1281 2137 1111 2138 1110 2138 1281 2138 1281 2139 1110 2139 1021 2139 1281 2140 1021 2140 1282 2140 1282 2141 1021 2141 1115 2141 1282 2142 1115 2142 1283 2142 1283 2143 1115 2143 1114 2143 1283 2144 1114 2144 1284 2144 1284 2145 1114 2145 1113 2145 1284 2146 1113 2146 1285 2146 1285 2147 1113 2147 1119 2147 1285 2148 1119 2148 1286 2148 1286 2149 1119 2149 1117 2149 1286 2150 1117 2150 1287 2150 1287 2151 1117 2151 1116 2151 1287 2152 1116 2152 1261 2152 1261 2153 1116 2153 1122 2153 1261 2154 1122 2154 1020 2154 1247 2155 1249 2155 1261 2155 1261 2156 1249 2156 1288 2156 1261 2157 1288 2157 1287 2157 1287 2158 1288 2158 1289 2158 1287 2159 1289 2159 1286 2159 1286 2160 1289 2160 1290 2160 1286 2161 1290 2161 1285 2161 1285 2162 1290 2162 1291 2162 1285 2163 1291 2163 1284 2163 1284 2164 1291 2164 1292 2164 1284 2165 1292 2165 1283 2165 1283 2166 1292 2166 1293 2166 1283 2167 1293 2167 1282 2167 1282 2168 1293 2168 1294 2168 1282 2169 1294 2169 1281 2169 1281 2170 1294 2170 1295 2170 1281 2171 1295 2171 1280 2171 1280 2172 1295 2172 1296 2172 1280 2173 1296 2173 1279 2173 1279 2174 1296 2174 1297 2174 1279 2175 1297 2175 1278 2175 1278 2176 1297 2176 1298 2176 1278 2177 1298 2177 1277 2177 1277 2178 1298 2178 1299 2178 1277 2179 1299 2179 1276 2179 1276 2180 1299 2180 1300 2180 1276 2181 1300 2181 1275 2181 1275 2182 1300 2182 1301 2182 1275 2183 1301 2183 1274 2183 1274 2184 1301 2184 1302 2184 1274 2185 1302 2185 1273 2185 1273 2186 1302 2186 1303 2186 1273 2187 1303 2187 1272 2187 1272 2188 1303 2188 1304 2188 1272 2189 1304 2189 1271 2189 1271 2190 1304 2190 1305 2190 1271 2191 1305 2191 1270 2191 1270 2192 1305 2192 1306 2192 1270 2193 1306 2193 1269 2193 1269 2194 1306 2194 1307 2194 1269 2195 1307 2195 1268 2195 1268 2196 1307 2196 1308 2196 1268 2197 1308 2197 1267 2197 1267 2198 1308 2198 1309 2198 1267 2199 1309 2199 1266 2199 1266 2200 1309 2200 1310 2200 1266 2201 1310 2201 1265 2201 1265 2202 1310 2202 1311 2202 1265 2203 1311 2203 1264 2203 1264 2204 1311 2204 1246 2204 1264 2205 1246 2205 1262 2205 1262 2206 1246 2206 1239 2206 1262 2207 1239 2207 1238 2207 1248 2208 1251 2208 1249 2208 1249 2209 1251 2209 1312 2209 1249 2210 1312 2210 1288 2210 1288 2211 1312 2211 1313 2211 1288 2212 1313 2212 1289 2212 1289 2213 1313 2213 1314 2213 1289 2214 1314 2214 1290 2214 1290 2215 1314 2215 1315 2215 1290 2216 1315 2216 1291 2216 1291 2217 1315 2217 1316 2217 1291 2218 1316 2218 1292 2218 1292 2219 1316 2219 1317 2219 1292 2220 1317 2220 1293 2220 1293 2221 1317 2221 1318 2221 1293 2222 1318 2222 1294 2222 1294 2223 1318 2223 1319 2223 1294 2224 1319 2224 1295 2224 1295 2225 1319 2225 1320 2225 1295 2226 1320 2226 1296 2226 1296 2227 1320 2227 1321 2227 1296 2228 1321 2228 1297 2228 1297 2229 1321 2229 1322 2229 1297 2230 1322 2230 1298 2230 1298 2231 1322 2231 1323 2231 1298 2232 1323 2232 1299 2232 1299 2233 1323 2233 1324 2233 1299 2234 1324 2234 1300 2234 1300 2235 1324 2235 1325 2235 1300 2236 1325 2236 1301 2236 1301 2237 1325 2237 1326 2237 1301 2238 1326 2238 1302 2238 1302 2239 1326 2239 1327 2239 1302 2240 1327 2240 1303 2240 1303 2241 1327 2241 1328 2241 1303 2242 1328 2242 1304 2242 1304 2243 1328 2243 1329 2243 1304 2244 1329 2244 1305 2244 1305 2245 1329 2245 1330 2245 1305 2246 1330 2246 1306 2246 1306 2247 1330 2247 1331 2247 1306 2248 1331 2248 1307 2248 1307 2249 1331 2249 1332 2249 1307 2250 1332 2250 1308 2250 1308 2251 1332 2251 1333 2251 1308 2252 1333 2252 1309 2252 1309 2253 1333 2253 1334 2253 1309 2254 1334 2254 1310 2254 1310 2255 1334 2255 1335 2255 1310 2256 1335 2256 1311 2256 1311 2257 1335 2257 1336 2257 1311 2258 1336 2258 1246 2258 1246 2259 1336 2259 1244 2259 1246 2260 1244 2260 1245 2260 1250 2261 1254 2261 1251 2261 1251 2262 1254 2262 1337 2262 1251 2263 1337 2263 1312 2263 1312 2264 1337 2264 1338 2264 1312 2265 1338 2265 1313 2265 1313 2266 1338 2266 1339 2266 1313 2267 1339 2267 1314 2267 1314 2268 1339 2268 1340 2268 1314 2269 1340 2269 1315 2269 1315 2270 1340 2270 1341 2270 1315 2271 1341 2271 1316 2271 1316 2272 1341 2272 1342 2272 1316 2273 1342 2273 1317 2273 1317 2274 1342 2274 1343 2274 1317 2275 1343 2275 1318 2275 1318 2276 1343 2276 1344 2276 1318 2277 1344 2277 1319 2277 1319 2278 1344 2278 1345 2278 1319 2279 1345 2279 1320 2279 1320 2280 1345 2280 1346 2280 1320 2281 1346 2281 1321 2281 1321 2282 1346 2282 1347 2282 1321 2283 1347 2283 1322 2283 1322 2284 1347 2284 1348 2284 1322 2285 1348 2285 1323 2285 1323 2286 1348 2286 1349 2286 1323 2287 1349 2287 1324 2287 1324 2288 1349 2288 1350 2288 1324 2289 1350 2289 1325 2289 1325 2290 1350 2290 1351 2290 1325 2291 1351 2291 1326 2291 1326 2292 1351 2292 1352 2292 1326 2293 1352 2293 1327 2293 1327 2294 1352 2294 1353 2294 1327 2295 1353 2295 1328 2295 1328 2296 1353 2296 1354 2296 1328 2297 1354 2297 1329 2297 1329 2298 1354 2298 1355 2298 1329 2299 1355 2299 1330 2299 1330 2300 1355 2300 1356 2300 1330 2301 1356 2301 1331 2301 1331 2302 1356 2302 1357 2302 1331 2303 1357 2303 1332 2303 1332 2304 1357 2304 1358 2304 1332 2305 1358 2305 1333 2305 1333 2306 1358 2306 1359 2306 1333 2307 1359 2307 1334 2307 1334 2308 1359 2308 1360 2308 1334 2309 1360 2309 1335 2309 1335 2310 1360 2310 1263 2310 1335 2311 1263 2311 1336 2311 1336 2312 1263 2312 1242 2312 1336 2313 1242 2313 1244 2313 1260 2314 1361 2314 1259 2314 1259 2315 1361 2315 1255 2315 1259 2316 1255 2316 1253 2316 1253 2317 1255 2317 1257 2317 1253 2318 1257 2318 1254 2318 1254 2319 1257 2319 1362 2319 1254 2320 1362 2320 1337 2320 1337 2321 1362 2321 1363 2321 1337 2322 1363 2322 1338 2322 1338 2323 1363 2323 1364 2323 1338 2324 1364 2324 1339 2324 1339 2325 1364 2325 1365 2325 1339 2326 1365 2326 1340 2326 1340 2327 1365 2327 1366 2327 1340 2328 1366 2328 1341 2328 1341 2329 1366 2329 1367 2329 1341 2330 1367 2330 1342 2330 1342 2331 1367 2331 1368 2331 1342 2332 1368 2332 1343 2332 1343 2333 1368 2333 1369 2333 1343 2334 1369 2334 1344 2334 1344 2335 1369 2335 1370 2335 1344 2336 1370 2336 1345 2336 1345 2337 1370 2337 1371 2337 1345 2338 1371 2338 1346 2338 1346 2339 1371 2339 1372 2339 1346 2340 1372 2340 1347 2340 1347 2341 1372 2341 1373 2341 1347 2342 1373 2342 1348 2342 1348 2343 1373 2343 1374 2343 1348 2344 1374 2344 1349 2344 1349 2345 1374 2345 1375 2345 1349 2346 1375 2346 1350 2346 1350 2347 1375 2347 1376 2347 1350 2348 1376 2348 1351 2348 1351 2349 1376 2349 1377 2349 1351 2350 1377 2350 1352 2350 1352 2351 1377 2351 1378 2351 1352 2352 1378 2352 1353 2352 1353 2353 1378 2353 1379 2353 1353 2354 1379 2354 1354 2354 1354 2355 1379 2355 1380 2355 1354 2356 1380 2356 1355 2356 1355 2357 1380 2357 1381 2357 1355 2358 1381 2358 1356 2358 1356 2359 1381 2359 1382 2359 1356 2360 1382 2360 1357 2360 1357 2361 1382 2361 1383 2361 1357 2362 1383 2362 1358 2362 1358 2363 1383 2363 1384 2363 1358 2364 1384 2364 1359 2364 1359 2365 1384 2365 1385 2365 1359 2366 1385 2366 1360 2366 1360 2367 1385 2367 1386 2367 1360 2368 1386 2368 1263 2368 1263 2369 1386 2369 1240 2369 1263 2370 1240 2370 1243 2370 974 2371 869 2371 1257 2371 1257 2372 869 2372 868 2372 1257 2373 868 2373 1362 2373 1362 2374 868 2374 866 2374 1362 2375 866 2375 1363 2375 1363 2376 866 2376 865 2376 1363 2377 865 2377 1364 2377 1364 2378 865 2378 871 2378 1364 2379 871 2379 1365 2379 1365 2380 871 2380 873 2380 1365 2381 873 2381 1366 2381 1366 2382 873 2382 876 2382 1366 2383 876 2383 1367 2383 1367 2384 876 2384 875 2384 1367 2385 875 2385 1368 2385 1368 2386 875 2386 877 2386 1368 2387 877 2387 1369 2387 1369 2388 877 2388 878 2388 1369 2389 878 2389 1370 2389 1370 2390 878 2390 880 2390 1370 2391 880 2391 1371 2391 1371 2392 880 2392 881 2392 1371 2393 881 2393 1372 2393 1372 2394 881 2394 883 2394 1372 2395 883 2395 1373 2395 1373 2396 883 2396 886 2396 1373 2397 886 2397 1374 2397 1374 2398 886 2398 885 2398 1374 2399 885 2399 1375 2399 1375 2400 885 2400 884 2400 1375 2401 884 2401 1376 2401 1376 2402 884 2402 888 2402 1376 2403 888 2403 1377 2403 1377 2404 888 2404 887 2404 1377 2405 887 2405 1378 2405 1378 2406 887 2406 1011 2406 1378 2407 1011 2407 1379 2407 1379 2408 1011 2408 1010 2408 1379 2409 1010 2409 1380 2409 1380 2410 1010 2410 1009 2410 1380 2411 1009 2411 1381 2411 1381 2412 1009 2412 891 2412 1381 2413 891 2413 1382 2413 1382 2414 891 2414 890 2414 1382 2415 890 2415 1383 2415 1383 2416 890 2416 831 2416 1383 2417 831 2417 1384 2417 1384 2418 831 2418 830 2418 1384 2419 830 2419 1385 2419 1385 2420 830 2420 894 2420 1385 2421 894 2421 1386 2421 1386 2422 894 2422 1241 2422 1386 2423 1241 2423 1240 2423 1387 2424 93 2424 92 2424 1387 2425 92 2425 1388 2425 673 2426 455 2426 1389 2426 1388 2427 1390 2427 1389 2427 1389 2428 1390 2428 660 2428 1389 2429 660 2429 673 2429 1388 2430 92 2430 1390 2430 1390 2431 92 2431 90 2431 1390 2432 90 2432 1391 2432 666 2433 664 2433 1391 2433 1391 2434 664 2434 663 2434 1391 2435 663 2435 1390 2435 1390 2436 663 2436 661 2436 1390 2437 661 2437 660 2437 1392 2438 89 2438 83 2438 1392 2439 83 2439 1393 2439 1393 2440 83 2440 82 2440 1393 2441 82 2441 1394 2441 1394 2442 82 2442 88 2442 1394 2443 88 2443 1395 2443 1395 2444 88 2444 87 2444 1395 2445 87 2445 1396 2445 1396 2446 87 2446 86 2446 1396 2447 86 2447 1397 2447 1397 2448 86 2448 85 2448 1397 2449 85 2449 1398 2449 1398 2450 85 2450 84 2450 1398 2451 84 2451 1399 2451 84 2452 75 2452 1400 2452 84 2453 1400 2453 1399 2453 1399 2454 1400 2454 1401 2454 1399 2455 1401 2455 1402 2455 90 2456 89 2456 1391 2456 1391 2457 89 2457 1392 2457 1391 2458 1392 2458 666 2458 666 2459 1392 2459 1393 2459 666 2460 1393 2460 667 2460 667 2461 1393 2461 1394 2461 667 2462 1394 2462 670 2462 670 2463 1394 2463 1395 2463 670 2464 1395 2464 1396 2464 670 2465 1396 2465 1397 2465 670 2466 1397 2466 1398 2466 670 2467 1398 2467 1399 2467 670 2468 1399 2468 672 2468 672 2469 1399 2469 1402 2469 672 2470 1402 2470 397 2470 1401 2471 1400 2471 1403 2471 50 2472 1404 2472 1405 2472 102 2473 101 2473 1406 2473 1406 2474 101 2474 1407 2474 1406 2475 1407 2475 1408 2475 1408 2476 1407 2476 1409 2476 1408 2477 1409 2477 1405 2477 1405 2478 1409 2478 1410 2478 1405 2479 1410 2479 50 2479 480 2480 478 2480 1411 2480 1411 2481 478 2481 266 2481 1412 2482 1413 2482 1414 2482 1415 2483 1416 2483 1417 2483 1418 2484 45 2484 1419 2484 1419 2485 45 2485 44 2485 266 2486 264 2486 1411 2486 1411 2487 264 2487 263 2487 1411 2488 263 2488 1420 2488 1420 2489 263 2489 268 2489 1420 2490 268 2490 1421 2490 50 2491 49 2491 1404 2491 1404 2492 49 2492 47 2492 1404 2493 47 2493 1422 2493 1422 2494 47 2494 46 2494 1422 2495 46 2495 1423 2495 1423 2496 46 2496 45 2496 1423 2497 45 2497 1415 2497 1415 2498 45 2498 1418 2498 1415 2499 1418 2499 1416 2499 268 2500 370 2500 1421 2500 1421 2501 370 2501 272 2501 1421 2502 272 2502 1424 2502 1424 2503 272 2503 270 2503 1413 2504 480 2504 1414 2504 1414 2505 480 2505 1411 2505 1414 2506 1411 2506 1425 2506 1425 2507 1411 2507 1420 2507 1425 2508 1420 2508 1426 2508 1426 2509 1420 2509 1421 2509 1426 2510 1421 2510 1427 2510 1427 2511 1421 2511 1424 2511 1427 2512 1424 2512 1428 2512 1417 2513 1429 2513 1415 2513 1415 2514 1429 2514 1412 2514 1415 2515 1412 2515 1423 2515 1423 2516 1412 2516 1414 2516 1423 2517 1414 2517 1422 2517 1422 2518 1414 2518 1425 2518 1422 2519 1425 2519 1404 2519 1404 2520 1425 2520 1426 2520 1404 2521 1426 2521 1405 2521 1405 2522 1426 2522 1427 2522 1405 2523 1427 2523 1408 2523 1408 2524 1427 2524 1428 2524 1408 2525 1428 2525 1406 2525 269 2526 273 2526 1430 2526 1430 2527 273 2527 275 2527 1430 2528 275 2528 1431 2528 1431 2529 275 2529 276 2529 1431 2530 276 2530 1432 2530 1432 2531 276 2531 277 2531 1432 2532 277 2532 1433 2532 1433 2533 277 2533 279 2533 1433 2534 279 2534 1434 2534 1434 2535 279 2535 281 2535 1434 2536 281 2536 1435 2536 1435 2537 281 2537 283 2537 1435 2538 283 2538 1436 2538 1436 2539 283 2539 284 2539 1436 2540 284 2540 1437 2540 1437 2541 284 2541 286 2541 1437 2542 286 2542 1438 2542 286 2543 291 2543 1438 2543 1438 2544 291 2544 290 2544 1438 2545 290 2545 1439 2545 1439 2546 290 2546 288 2546 1439 2547 288 2547 1440 2547 1440 2548 288 2548 287 2548 1440 2549 287 2549 1441 2549 1441 2550 287 2550 397 2550 397 2551 1402 2551 1441 2551 1441 2552 1402 2552 1442 2552 1441 2553 1442 2553 1440 2553 1440 2554 1442 2554 1443 2554 1440 2555 1443 2555 1439 2555 1439 2556 1443 2556 1444 2556 1439 2557 1444 2557 1438 2557 1438 2558 1444 2558 1445 2558 1438 2559 1445 2559 1437 2559 1437 2560 1445 2560 1446 2560 1437 2561 1446 2561 1436 2561 1436 2562 1446 2562 1447 2562 1436 2563 1447 2563 1435 2563 1435 2564 1447 2564 1448 2564 1435 2565 1448 2565 1434 2565 1434 2566 1448 2566 1449 2566 1434 2567 1449 2567 1433 2567 1433 2568 1449 2568 1450 2568 1433 2569 1450 2569 1432 2569 1432 2570 1450 2570 1451 2570 1432 2571 1451 2571 1431 2571 1431 2572 1451 2572 1452 2572 1431 2573 1452 2573 1430 2573 1402 2574 1401 2574 1442 2574 1442 2575 1401 2575 1403 2575 1442 2576 1403 2576 1443 2576 1443 2577 1403 2577 1453 2577 1443 2578 1453 2578 1444 2578 1444 2579 1453 2579 1454 2579 1444 2580 1454 2580 1445 2580 1445 2581 1454 2581 1455 2581 1445 2582 1455 2582 1446 2582 1446 2583 1455 2583 1456 2583 1446 2584 1456 2584 1447 2584 1447 2585 1456 2585 1457 2585 1447 2586 1457 2586 1448 2586 1448 2587 1457 2587 1458 2587 1448 2588 1458 2588 1449 2588 1449 2589 1458 2589 1459 2589 1449 2590 1459 2590 1450 2590 1450 2591 1459 2591 1460 2591 1450 2592 1460 2592 1451 2592 1451 2593 1460 2593 1461 2593 1451 2594 1461 2594 1452 2594 270 2595 269 2595 1424 2595 1424 2596 269 2596 1430 2596 1424 2597 1430 2597 1428 2597 1428 2598 1430 2598 1452 2598 1428 2599 1452 2599 1406 2599 1406 2600 1452 2600 1461 2600 1406 2601 1461 2601 102 2601 102 2602 1461 2602 1460 2602 102 2603 1460 2603 104 2603 104 2604 1460 2604 1459 2604 104 2605 1459 2605 105 2605 105 2606 1459 2606 1458 2606 105 2607 1458 2607 97 2607 97 2608 1458 2608 1457 2608 97 2609 1457 2609 99 2609 99 2610 1457 2610 1456 2610 99 2611 1456 2611 100 2611 100 2612 1456 2612 1455 2612 100 2613 1455 2613 78 2613 78 2614 1455 2614 1454 2614 78 2615 1454 2615 80 2615 80 2616 1454 2616 1453 2616 80 2617 1453 2617 81 2617 81 2618 1453 2618 1403 2618 81 2619 1403 2619 74 2619 74 2620 1403 2620 1400 2620 74 2621 1400 2621 75 2621 1388 2622 1389 2622 1462 2622 1416 2623 1418 2623 1463 2623 1419 2624 44 2624 42 2624 1464 2625 1465 2625 72 2625 72 2626 1465 2626 1466 2626 1466 2627 1465 2627 1467 2627 1466 2628 1467 2628 1468 2628 1468 2629 1467 2629 1469 2629 1468 2630 1469 2630 1470 2630 1419 2631 42 2631 1418 2631 1416 2632 1463 2632 1417 2632 1429 2633 1471 2633 1412 2633 1412 2634 1471 2634 1413 2634 480 2635 1413 2635 479 2635 479 2636 1413 2636 1471 2636 479 2637 1471 2637 477 2637 477 2638 1471 2638 1472 2638 477 2639 1472 2639 613 2639 613 2640 1472 2640 1473 2640 613 2641 1473 2641 474 2641 474 2642 1473 2642 1474 2642 474 2643 1474 2643 475 2643 475 2644 1474 2644 1475 2644 475 2645 1475 2645 446 2645 446 2646 1475 2646 1476 2646 446 2647 1476 2647 631 2647 631 2648 1476 2648 1477 2648 631 2649 1477 2649 449 2649 449 2650 1477 2650 1478 2650 449 2651 1478 2651 450 2651 450 2652 1478 2652 1479 2652 472 2653 470 2653 1479 2653 1479 2654 470 2654 469 2654 1479 2655 469 2655 450 2655 1418 2656 42 2656 1463 2656 1463 2657 42 2657 41 2657 1463 2658 41 2658 1480 2658 1480 2659 41 2659 40 2659 1480 2660 40 2660 1481 2660 1481 2661 40 2661 39 2661 1481 2662 39 2662 1482 2662 1482 2663 39 2663 37 2663 1482 2664 37 2664 1483 2664 1483 2665 37 2665 36 2665 1483 2666 36 2666 1484 2666 1484 2667 36 2667 59 2667 1484 2668 59 2668 1485 2668 1485 2669 59 2669 58 2669 1485 2670 58 2670 1486 2670 1486 2671 58 2671 56 2671 1486 2672 56 2672 1487 2672 1487 2673 56 2673 54 2673 1487 2674 54 2674 1488 2674 1488 2675 54 2675 52 2675 1488 2676 52 2676 1489 2676 1489 2677 52 2677 64 2677 1489 2678 64 2678 1490 2678 1490 2679 64 2679 63 2679 1490 2680 63 2680 1491 2680 1491 2681 63 2681 61 2681 1491 2682 61 2682 1492 2682 1492 2683 61 2683 60 2683 1492 2684 60 2684 1469 2684 1469 2685 60 2685 1493 2685 1469 2686 1493 2686 1470 2686 1479 2687 1494 2687 472 2687 472 2688 1494 2688 1495 2688 472 2689 1495 2689 452 2689 452 2690 1495 2690 1496 2690 452 2691 1496 2691 453 2691 453 2692 1496 2692 1497 2692 453 2693 1497 2693 466 2693 466 2694 1497 2694 1498 2694 466 2695 1498 2695 467 2695 72 2696 71 2696 1464 2696 1464 2697 71 2697 95 2697 1464 2698 95 2698 1499 2698 1499 2699 95 2699 94 2699 1499 2700 94 2700 1500 2700 1500 2701 94 2701 93 2701 93 2702 1387 2702 1500 2702 1500 2703 1387 2703 1501 2703 1500 2704 1501 2704 1499 2704 1499 2705 1501 2705 1502 2705 1499 2706 1502 2706 1464 2706 1464 2707 1502 2707 1503 2707 1464 2708 1503 2708 1465 2708 1465 2709 1503 2709 1504 2709 1465 2710 1504 2710 1467 2710 1467 2711 1504 2711 1505 2711 1467 2712 1505 2712 1469 2712 1469 2713 1505 2713 1506 2713 1469 2714 1506 2714 1492 2714 1492 2715 1506 2715 1507 2715 1492 2716 1507 2716 1491 2716 1491 2717 1507 2717 1508 2717 1491 2718 1508 2718 1490 2718 1490 2719 1508 2719 1509 2719 1490 2720 1509 2720 1489 2720 1489 2721 1509 2721 1510 2721 1489 2722 1510 2722 1488 2722 1488 2723 1510 2723 1511 2723 1488 2724 1511 2724 1487 2724 1487 2725 1511 2725 1512 2725 1487 2726 1512 2726 1486 2726 1486 2727 1512 2727 1513 2727 1486 2728 1513 2728 1485 2728 1485 2729 1513 2729 1514 2729 1485 2730 1514 2730 1484 2730 1484 2731 1514 2731 1515 2731 1484 2732 1515 2732 1483 2732 1483 2733 1515 2733 1516 2733 1483 2734 1516 2734 1482 2734 1482 2735 1516 2735 1517 2735 1482 2736 1517 2736 1481 2736 1481 2737 1517 2737 1518 2737 1481 2738 1518 2738 1480 2738 1480 2739 1518 2739 1519 2739 1480 2740 1519 2740 1463 2740 1463 2741 1519 2741 1520 2741 1463 2742 1520 2742 1417 2742 1387 2743 1388 2743 1501 2743 1501 2744 1388 2744 1462 2744 1501 2745 1462 2745 1502 2745 1502 2746 1462 2746 1521 2746 1502 2747 1521 2747 1503 2747 1503 2748 1521 2748 1522 2748 1503 2749 1522 2749 1504 2749 1504 2750 1522 2750 1523 2750 1504 2751 1523 2751 1505 2751 1505 2752 1523 2752 1524 2752 1505 2753 1524 2753 1506 2753 1506 2754 1524 2754 1525 2754 1506 2755 1525 2755 1507 2755 1507 2756 1525 2756 1498 2756 1507 2757 1498 2757 1508 2757 1508 2758 1498 2758 1497 2758 1508 2759 1497 2759 1509 2759 1509 2760 1497 2760 1496 2760 1509 2761 1496 2761 1510 2761 1510 2762 1496 2762 1495 2762 1510 2763 1495 2763 1511 2763 1511 2764 1495 2764 1494 2764 1511 2765 1494 2765 1512 2765 1512 2766 1494 2766 1479 2766 1512 2767 1479 2767 1513 2767 1513 2768 1479 2768 1478 2768 1513 2769 1478 2769 1514 2769 1514 2770 1478 2770 1477 2770 1514 2771 1477 2771 1515 2771 1515 2772 1477 2772 1476 2772 1515 2773 1476 2773 1516 2773 1516 2774 1476 2774 1475 2774 1516 2775 1475 2775 1517 2775 1517 2776 1475 2776 1474 2776 1517 2777 1474 2777 1518 2777 1518 2778 1474 2778 1473 2778 1518 2779 1473 2779 1519 2779 1519 2780 1473 2780 1472 2780 1519 2781 1472 2781 1520 2781 1520 2782 1472 2782 1471 2782 1520 2783 1471 2783 1417 2783 1417 2784 1471 2784 1429 2784 467 2785 1498 2785 460 2785 460 2786 1498 2786 1525 2786 460 2787 1525 2787 461 2787 461 2788 1525 2788 1524 2788 461 2789 1524 2789 463 2789 463 2790 1524 2790 1523 2790 463 2791 1523 2791 465 2791 465 2792 1523 2792 1522 2792 465 2793 1522 2793 456 2793 456 2794 1522 2794 1521 2794 456 2795 1521 2795 457 2795 457 2796 1521 2796 1462 2796 457 2797 1462 2797 459 2797 459 2798 1462 2798 1389 2798 459 2799 1389 2799 455 2799 1526 2800 1527 2800 1528 2800 120 2801 1529 2801 1530 2801 32 2802 31 2802 1531 2802 1531 2803 31 2803 1532 2803 1531 2804 1532 2804 1533 2804 1533 2805 1532 2805 1534 2805 1533 2806 1534 2806 1530 2806 1530 2807 1534 2807 1535 2807 1530 2808 1535 2808 120 2808 1062 2809 1060 2809 1536 2809 1536 2810 1060 2810 839 2810 1537 2811 1538 2811 1539 2811 1540 2812 1541 2812 1542 2812 1543 2813 115 2813 1544 2813 1544 2814 115 2814 114 2814 839 2815 837 2815 1536 2815 1536 2816 837 2816 836 2816 1536 2817 836 2817 1545 2817 1545 2818 836 2818 841 2818 1545 2819 841 2819 1546 2819 120 2820 119 2820 1529 2820 1529 2821 119 2821 117 2821 1529 2822 117 2822 1547 2822 1547 2823 117 2823 116 2823 1547 2824 116 2824 1548 2824 1548 2825 116 2825 115 2825 1548 2826 115 2826 1540 2826 1540 2827 115 2827 1543 2827 1540 2828 1543 2828 1541 2828 841 2829 947 2829 1546 2829 1546 2830 947 2830 845 2830 1546 2831 845 2831 1549 2831 1549 2832 845 2832 843 2832 1538 2833 1062 2833 1539 2833 1539 2834 1062 2834 1536 2834 1539 2835 1536 2835 1550 2835 1550 2836 1536 2836 1545 2836 1550 2837 1545 2837 1551 2837 1551 2838 1545 2838 1546 2838 1551 2839 1546 2839 1552 2839 1552 2840 1546 2840 1549 2840 1552 2841 1549 2841 1553 2841 1542 2842 1554 2842 1540 2842 1540 2843 1554 2843 1537 2843 1540 2844 1537 2844 1548 2844 1548 2845 1537 2845 1539 2845 1548 2846 1539 2846 1547 2846 1547 2847 1539 2847 1550 2847 1547 2848 1550 2848 1529 2848 1529 2849 1550 2849 1551 2849 1529 2850 1551 2850 1530 2850 1530 2851 1551 2851 1552 2851 1530 2852 1552 2852 1533 2852 1533 2853 1552 2853 1553 2853 1533 2854 1553 2854 1531 2854 842 2855 846 2855 1555 2855 1555 2856 846 2856 848 2856 1555 2857 848 2857 1556 2857 1556 2858 848 2858 849 2858 1556 2859 849 2859 1557 2859 1557 2860 849 2860 850 2860 1557 2861 850 2861 1558 2861 1558 2862 850 2862 852 2862 1558 2863 852 2863 1559 2863 1559 2864 852 2864 854 2864 1559 2865 854 2865 1560 2865 1560 2866 854 2866 856 2866 1560 2867 856 2867 1561 2867 1561 2868 856 2868 857 2868 1561 2869 857 2869 1562 2869 1562 2870 857 2870 859 2870 1562 2871 859 2871 1563 2871 859 2872 864 2872 1563 2872 1563 2873 864 2873 863 2873 1563 2874 863 2874 1564 2874 1564 2875 863 2875 861 2875 1564 2876 861 2876 1565 2876 1565 2877 861 2877 860 2877 1565 2878 860 2878 1566 2878 1566 2879 860 2879 974 2879 974 2880 1567 2880 1566 2880 1566 2881 1567 2881 1568 2881 1566 2882 1568 2882 1565 2882 1565 2883 1568 2883 1569 2883 1565 2884 1569 2884 1564 2884 1564 2885 1569 2885 1570 2885 1564 2886 1570 2886 1563 2886 1563 2887 1570 2887 1571 2887 1563 2888 1571 2888 1562 2888 1562 2889 1571 2889 1572 2889 1562 2890 1572 2890 1561 2890 1561 2891 1572 2891 1573 2891 1561 2892 1573 2892 1560 2892 1560 2893 1573 2893 1574 2893 1560 2894 1574 2894 1559 2894 1559 2895 1574 2895 1575 2895 1559 2896 1575 2896 1558 2896 1558 2897 1575 2897 1576 2897 1558 2898 1576 2898 1557 2898 1557 2899 1576 2899 1577 2899 1557 2900 1577 2900 1556 2900 1556 2901 1577 2901 1578 2901 1556 2902 1578 2902 1555 2902 1567 2903 1526 2903 1568 2903 1568 2904 1526 2904 1528 2904 1568 2905 1528 2905 1569 2905 1569 2906 1528 2906 1579 2906 1569 2907 1579 2907 1570 2907 1570 2908 1579 2908 1580 2908 1570 2909 1580 2909 1571 2909 1571 2910 1580 2910 1581 2910 1571 2911 1581 2911 1572 2911 1572 2912 1581 2912 1582 2912 1572 2913 1582 2913 1573 2913 1573 2914 1582 2914 1583 2914 1573 2915 1583 2915 1574 2915 1574 2916 1583 2916 1584 2916 1574 2917 1584 2917 1575 2917 1575 2918 1584 2918 1585 2918 1575 2919 1585 2919 1576 2919 1576 2920 1585 2920 1586 2920 1576 2921 1586 2921 1577 2921 1577 2922 1586 2922 1587 2922 1577 2923 1587 2923 1578 2923 843 2924 842 2924 1549 2924 1549 2925 842 2925 1555 2925 1549 2926 1555 2926 1553 2926 1553 2927 1555 2927 1578 2927 1553 2928 1578 2928 1531 2928 1531 2929 1578 2929 1587 2929 1531 2930 1587 2930 32 2930 32 2931 1587 2931 1586 2931 32 2932 1586 2932 34 2932 34 2933 1586 2933 1585 2933 34 2934 1585 2934 35 2934 35 2935 1585 2935 1584 2935 35 2936 1584 2936 27 2936 27 2937 1584 2937 1583 2937 27 2938 1583 2938 29 2938 29 2939 1583 2939 1582 2939 29 2940 1582 2940 30 2940 30 2941 1582 2941 1581 2941 30 2942 1581 2942 8 2942 8 2943 1581 2943 1580 2943 8 2944 1580 2944 10 2944 10 2945 1580 2945 1579 2945 10 2946 1579 2946 12 2946 12 2947 1579 2947 1528 2947 12 2948 1528 2948 13 2948 13 2949 1528 2949 1527 2949 13 2950 1527 2950 14 2950 1588 2951 23 2951 4 2951 1247 2952 1037 2952 1589 2952 1567 2953 974 2953 1256 2953 1527 2954 1526 2954 1590 2954 1590 2955 1526 2955 1567 2955 15 2956 14 2956 1527 2956 1567 2957 1256 2957 1590 2957 1590 2958 1256 2958 1255 2958 1590 2959 1255 2959 1591 2959 1591 2960 1255 2960 1361 2960 1591 2961 1361 2961 1592 2961 1592 2962 1361 2962 1593 2962 1593 2963 1361 2963 1260 2963 1593 2964 1260 2964 1594 2964 1594 2965 1260 2965 1595 2965 1595 2966 1260 2966 1596 2966 1596 2967 1260 2967 1258 2967 1596 2968 1258 2968 1597 2968 1597 2969 1258 2969 1253 2969 1597 2970 1253 2970 1598 2970 1598 2971 1253 2971 1252 2971 1598 2972 1252 2972 1599 2972 1599 2973 1252 2973 1600 2973 1600 2974 1252 2974 1250 2974 1600 2975 1250 2975 1248 2975 1247 2976 1589 2976 1248 2976 1248 2977 1589 2977 1601 2977 1248 2978 1601 2978 1600 2978 1527 2979 1590 2979 15 2979 15 2980 1590 2980 1591 2980 15 2981 1591 2981 18 2981 18 2982 1591 2982 1592 2982 18 2983 1592 2983 19 2983 19 2984 1592 2984 1593 2984 19 2985 1593 2985 20 2985 20 2986 1593 2986 1594 2986 20 2987 1594 2987 21 2987 21 2988 1594 2988 1595 2988 21 2989 1595 2989 22 2989 22 2990 1595 2990 1596 2990 22 2991 1596 2991 16 2991 16 2992 1596 2992 1597 2992 16 2993 1597 2993 17 2993 17 2994 1597 2994 1598 2994 17 2995 1598 2995 6 2995 6 2996 1598 2996 1599 2996 6 2997 1599 2997 3 2997 3 2998 1599 2998 1600 2998 3 2999 1600 2999 4 2999 4 3000 1600 3000 1601 3000 4 3001 1601 3001 1588 3001 1601 3002 1589 3002 1602 3002 1541 3003 1543 3003 1603 3003 1544 3004 114 3004 112 3004 1604 3005 1605 3005 1 3005 1 3006 1605 3006 1606 3006 1606 3007 1605 3007 1607 3007 1606 3008 1607 3008 1608 3008 1608 3009 1607 3009 1609 3009 1608 3010 1609 3010 1610 3010 1544 3011 112 3011 1543 3011 1541 3012 1603 3012 1542 3012 1554 3013 1611 3013 1537 3013 1537 3014 1611 3014 1538 3014 1062 3015 1538 3015 1061 3015 1061 3016 1538 3016 1611 3016 1061 3017 1611 3017 1059 3017 1059 3018 1611 3018 1612 3018 1059 3019 1612 3019 1193 3019 1193 3020 1612 3020 1613 3020 1193 3021 1613 3021 1056 3021 1056 3022 1613 3022 1614 3022 1056 3023 1614 3023 1057 3023 1057 3024 1614 3024 1615 3024 1057 3025 1615 3025 1028 3025 1028 3026 1615 3026 1616 3026 1028 3027 1616 3027 1211 3027 1211 3028 1616 3028 1617 3028 1211 3029 1617 3029 1031 3029 1031 3030 1617 3030 1618 3030 1031 3031 1618 3031 1032 3031 1032 3032 1618 3032 1619 3032 1054 3033 1052 3033 1619 3033 1619 3034 1052 3034 1051 3034 1619 3035 1051 3035 1032 3035 1543 3036 112 3036 1603 3036 1603 3037 112 3037 111 3037 1603 3038 111 3038 1620 3038 1620 3039 111 3039 110 3039 1620 3040 110 3040 1621 3040 1621 3041 110 3041 109 3041 1621 3042 109 3042 1622 3042 1622 3043 109 3043 107 3043 1622 3044 107 3044 1623 3044 1623 3045 107 3045 106 3045 1623 3046 106 3046 1624 3046 1624 3047 106 3047 129 3047 1624 3048 129 3048 1625 3048 1625 3049 129 3049 128 3049 1625 3050 128 3050 1626 3050 1626 3051 128 3051 126 3051 1626 3052 126 3052 1627 3052 1627 3053 126 3053 124 3053 1627 3054 124 3054 1628 3054 1628 3055 124 3055 122 3055 1628 3056 122 3056 1629 3056 1629 3057 122 3057 134 3057 1629 3058 134 3058 1630 3058 1630 3059 134 3059 133 3059 1630 3060 133 3060 1631 3060 1631 3061 133 3061 131 3061 1631 3062 131 3062 1632 3062 1632 3063 131 3063 130 3063 1632 3064 130 3064 1609 3064 1609 3065 130 3065 1633 3065 1609 3066 1633 3066 1610 3066 1619 3067 1634 3067 1054 3067 1054 3068 1634 3068 1635 3068 1054 3069 1635 3069 1034 3069 1034 3070 1635 3070 1636 3070 1034 3071 1636 3071 1035 3071 1035 3072 1636 3072 1637 3072 1035 3073 1637 3073 1048 3073 1048 3074 1637 3074 1638 3074 1048 3075 1638 3075 1049 3075 1 3076 0 3076 1604 3076 1604 3077 0 3077 25 3077 1604 3078 25 3078 1639 3078 1639 3079 25 3079 24 3079 1639 3080 24 3080 1640 3080 1640 3081 24 3081 23 3081 23 3082 1588 3082 1640 3082 1640 3083 1588 3083 1641 3083 1640 3084 1641 3084 1639 3084 1639 3085 1641 3085 1642 3085 1639 3086 1642 3086 1604 3086 1604 3087 1642 3087 1643 3087 1604 3088 1643 3088 1605 3088 1605 3089 1643 3089 1644 3089 1605 3090 1644 3090 1607 3090 1607 3091 1644 3091 1645 3091 1607 3092 1645 3092 1609 3092 1609 3093 1645 3093 1646 3093 1609 3094 1646 3094 1632 3094 1632 3095 1646 3095 1647 3095 1632 3096 1647 3096 1631 3096 1631 3097 1647 3097 1648 3097 1631 3098 1648 3098 1630 3098 1630 3099 1648 3099 1649 3099 1630 3100 1649 3100 1629 3100 1629 3101 1649 3101 1650 3101 1629 3102 1650 3102 1628 3102 1628 3103 1650 3103 1651 3103 1628 3104 1651 3104 1627 3104 1627 3105 1651 3105 1652 3105 1627 3106 1652 3106 1626 3106 1626 3107 1652 3107 1653 3107 1626 3108 1653 3108 1625 3108 1625 3109 1653 3109 1654 3109 1625 3110 1654 3110 1624 3110 1624 3111 1654 3111 1655 3111 1624 3112 1655 3112 1623 3112 1623 3113 1655 3113 1656 3113 1623 3114 1656 3114 1622 3114 1622 3115 1656 3115 1657 3115 1622 3116 1657 3116 1621 3116 1621 3117 1657 3117 1658 3117 1621 3118 1658 3118 1620 3118 1620 3119 1658 3119 1659 3119 1620 3120 1659 3120 1603 3120 1603 3121 1659 3121 1660 3121 1603 3122 1660 3122 1542 3122 1588 3123 1601 3123 1641 3123 1641 3124 1601 3124 1602 3124 1641 3125 1602 3125 1642 3125 1642 3126 1602 3126 1661 3126 1642 3127 1661 3127 1643 3127 1643 3128 1661 3128 1662 3128 1643 3129 1662 3129 1644 3129 1644 3130 1662 3130 1663 3130 1644 3131 1663 3131 1645 3131 1645 3132 1663 3132 1664 3132 1645 3133 1664 3133 1646 3133 1646 3134 1664 3134 1665 3134 1646 3135 1665 3135 1647 3135 1647 3136 1665 3136 1638 3136 1647 3137 1638 3137 1648 3137 1648 3138 1638 3138 1637 3138 1648 3139 1637 3139 1649 3139 1649 3140 1637 3140 1636 3140 1649 3141 1636 3141 1650 3141 1650 3142 1636 3142 1635 3142 1650 3143 1635 3143 1651 3143 1651 3144 1635 3144 1634 3144 1651 3145 1634 3145 1652 3145 1652 3146 1634 3146 1619 3146 1652 3147 1619 3147 1653 3147 1653 3148 1619 3148 1618 3148 1653 3149 1618 3149 1654 3149 1654 3150 1618 3150 1617 3150 1654 3151 1617 3151 1655 3151 1655 3152 1617 3152 1616 3152 1655 3153 1616 3153 1656 3153 1656 3154 1616 3154 1615 3154 1656 3155 1615 3155 1657 3155 1657 3156 1615 3156 1614 3156 1657 3157 1614 3157 1658 3157 1658 3158 1614 3158 1613 3158 1658 3159 1613 3159 1659 3159 1659 3160 1613 3160 1612 3160 1659 3161 1612 3161 1660 3161 1660 3162 1612 3162 1611 3162 1660 3163 1611 3163 1542 3163 1542 3164 1611 3164 1554 3164 1049 3165 1638 3165 1042 3165 1042 3166 1638 3166 1665 3166 1042 3167 1665 3167 1043 3167 1043 3168 1665 3168 1664 3168 1043 3169 1664 3169 1045 3169 1045 3170 1664 3170 1663 3170 1045 3171 1663 3171 1047 3171 1047 3172 1663 3172 1662 3172 1047 3173 1662 3173 1038 3173 1038 3174 1662 3174 1661 3174 1038 3175 1661 3175 1039 3175 1039 3176 1661 3176 1602 3176 1039 3177 1602 3177 1041 3177 1041 3178 1602 3178 1589 3178 1041 3179 1589 3179 1037 3179 1666 3180 1667 3180 1668 3180 1669 3181 1670 3181 1671 3181 1672 3182 1673 3182 1671 3182 1674 3183 1675 3183 1676 3183 1675 3184 201 3184 200 3184 1610 3185 1633 3185 1668 3185 1668 3186 1633 3186 130 3186 1668 3187 130 3187 1677 3187 1675 3188 200 3188 1676 3188 1676 3189 200 3189 205 3189 1676 3190 205 3190 1678 3190 1678 3191 1669 3191 1676 3191 1676 3192 1669 3192 1671 3192 1676 3193 1671 3193 1674 3193 1674 3194 1671 3194 1673 3194 1670 3195 1666 3195 1671 3195 1671 3196 1666 3196 1668 3196 1671 3197 1668 3197 1672 3197 1672 3198 1668 3198 1677 3198 1667 3199 1 3199 1606 3199 1667 3200 1606 3200 1668 3200 1668 3201 1606 3201 1608 3201 1668 3202 1608 3202 1610 3202 1673 3203 1672 3203 1679 3203 1679 3204 1672 3204 1677 3204 73 3205 72 3205 1680 3205 1680 3206 1681 3206 73 3206 73 3207 1681 3207 1682 3207 73 3208 1682 3208 91 3208 91 3209 1682 3209 1683 3209 91 3210 1683 3210 136 3210 136 3211 1683 3211 1684 3211 136 3212 1684 3212 138 3212 138 3213 1684 3213 1685 3213 138 3214 1685 3214 140 3214 140 3215 1685 3215 1686 3215 140 3216 1686 3216 108 3216 108 3217 1686 3217 1687 3217 108 3218 1687 3218 127 3218 127 3219 1687 3219 1688 3219 127 3220 1688 3220 125 3220 125 3221 1688 3221 1689 3221 125 3222 1689 3222 123 3222 123 3223 1689 3223 1690 3223 123 3224 1690 3224 121 3224 121 3225 1690 3225 1679 3225 121 3226 1679 3226 132 3226 132 3227 1679 3227 1677 3227 132 3228 1677 3228 130 3228 1675 3229 1674 3229 1691 3229 1691 3230 1674 3230 1673 3230 1673 3231 1679 3231 1691 3231 1691 3232 1679 3232 1690 3232 1691 3233 1690 3233 1692 3233 1692 3234 1690 3234 1689 3234 1692 3235 1689 3235 1693 3235 1693 3236 1689 3236 1688 3236 1693 3237 1688 3237 1694 3237 1694 3238 1688 3238 1687 3238 1694 3239 1687 3239 1695 3239 1695 3240 1687 3240 1686 3240 1695 3241 1686 3241 1696 3241 1696 3242 1686 3242 1685 3242 1696 3243 1685 3243 1697 3243 1697 3244 1685 3244 1684 3244 1697 3245 1684 3245 1698 3245 1698 3246 1684 3246 1683 3246 1698 3247 1683 3247 1699 3247 1699 3248 1683 3248 1682 3248 1699 3249 1682 3249 1700 3249 1700 3250 1682 3250 1681 3250 1700 3251 1681 3251 1701 3251 203 3252 201 3252 1675 3252 1680 3253 1702 3253 1681 3253 1681 3254 1702 3254 1703 3254 1681 3255 1703 3255 1701 3255 1701 3256 1703 3256 1704 3256 1701 3257 1704 3257 1705 3257 1675 3258 1691 3258 203 3258 203 3259 1691 3259 1692 3259 203 3260 1692 3260 204 3260 204 3261 1692 3261 1693 3261 204 3262 1693 3262 191 3262 191 3263 1693 3263 1694 3263 191 3264 1694 3264 217 3264 217 3265 1694 3265 1695 3265 217 3266 1695 3266 218 3266 218 3267 1695 3267 1696 3267 218 3268 1696 3268 219 3268 219 3269 1696 3269 1697 3269 219 3270 1697 3270 215 3270 215 3271 1697 3271 1698 3271 215 3272 1698 3272 216 3272 216 3273 1698 3273 1699 3273 216 3274 1699 3274 212 3274 212 3275 1699 3275 1700 3275 212 3276 1700 3276 213 3276 213 3277 1700 3277 1701 3277 213 3278 1701 3278 190 3278 190 3279 1701 3279 1705 3279 190 3280 1705 3280 188 3280 1706 3281 1707 3281 1708 3281 1708 3282 1707 3282 1709 3282 2 3283 1 3283 1667 3283 1667 3284 1710 3284 2 3284 2 3285 1710 3285 1711 3285 2 3286 1711 3286 5 3286 5 3287 1711 3287 1712 3287 5 3288 1712 3288 66 3288 66 3289 1712 3289 1713 3289 66 3290 1713 3290 68 3290 68 3291 1713 3291 1714 3291 68 3292 1714 3292 70 3292 70 3293 1714 3293 1715 3293 70 3294 1715 3294 38 3294 38 3295 1715 3295 1716 3295 38 3296 1716 3296 57 3296 57 3297 1716 3297 1717 3297 57 3298 1717 3298 55 3298 55 3299 1717 3299 1718 3299 55 3300 1718 3300 53 3300 53 3301 1718 3301 1719 3301 53 3302 1719 3302 51 3302 51 3303 1719 3303 1708 3303 51 3304 1708 3304 62 3304 62 3305 1708 3305 1709 3305 62 3306 1709 3306 60 3306 1720 3307 1721 3307 1722 3307 1722 3308 1721 3308 1706 3308 1706 3309 1708 3309 1722 3309 1722 3310 1708 3310 1719 3310 1722 3311 1719 3311 1723 3311 1723 3312 1719 3312 1718 3312 1723 3313 1718 3313 1724 3313 1724 3314 1718 3314 1717 3314 1724 3315 1717 3315 1725 3315 1725 3316 1717 3316 1716 3316 1725 3317 1716 3317 1726 3317 1726 3318 1716 3318 1715 3318 1726 3319 1715 3319 1727 3319 1727 3320 1715 3320 1714 3320 1727 3321 1714 3321 1728 3321 1728 3322 1714 3322 1713 3322 1728 3323 1713 3323 1729 3323 1729 3324 1713 3324 1712 3324 1729 3325 1712 3325 1730 3325 1730 3326 1712 3326 1711 3326 1730 3327 1711 3327 1731 3327 1731 3328 1711 3328 1710 3328 1731 3329 1710 3329 1732 3329 186 3330 184 3330 1720 3330 1667 3331 1666 3331 1710 3331 1710 3332 1666 3332 1670 3332 1710 3333 1670 3333 1732 3333 1732 3334 1670 3334 1669 3334 1732 3335 1669 3335 1678 3335 1720 3336 1722 3336 186 3336 186 3337 1722 3337 1723 3337 186 3338 1723 3338 197 3338 197 3339 1723 3339 1724 3339 197 3340 1724 3340 198 3340 198 3341 1724 3341 1725 3341 198 3342 1725 3342 208 3342 208 3343 1725 3343 1726 3343 208 3344 1726 3344 209 3344 209 3345 1726 3345 1727 3345 209 3346 1727 3346 210 3346 210 3347 1727 3347 1728 3347 210 3348 1728 3348 196 3348 196 3349 1728 3349 1729 3349 196 3350 1729 3350 220 3350 220 3351 1729 3351 1730 3351 220 3352 1730 3352 221 3352 221 3353 1730 3353 1731 3353 221 3354 1731 3354 222 3354 222 3355 1731 3355 1732 3355 222 3356 1732 3356 207 3356 207 3357 1732 3357 1678 3357 207 3358 1678 3358 205 3358 1702 3359 1680 3359 1733 3359 1704 3360 1703 3360 1734 3360 1707 3361 1706 3361 1734 3361 1721 3362 1720 3362 1735 3362 1720 3363 184 3363 183 3363 1470 3364 1493 3364 1733 3364 1733 3365 1493 3365 60 3365 1733 3366 60 3366 1709 3366 1720 3367 183 3367 1735 3367 1735 3368 183 3368 188 3368 1735 3369 188 3369 1705 3369 1705 3370 1704 3370 1735 3370 1735 3371 1704 3371 1734 3371 1735 3372 1734 3372 1721 3372 1721 3373 1734 3373 1706 3373 1703 3374 1702 3374 1734 3374 1734 3375 1702 3375 1733 3375 1734 3376 1733 3376 1707 3376 1707 3377 1733 3377 1709 3377 1680 3378 72 3378 1466 3378 1680 3379 1466 3379 1733 3379 1733 3380 1466 3380 1468 3380 1733 3381 1468 3381 1470 3381 1736 3382 1737 3382 1738 3382 1739 3383 148 3383 146 3383 1739 3384 1737 3384 1740 3384 1740 3385 1737 3385 1736 3385 1740 3386 1736 3386 1741 3386 1741 3387 1736 3387 1742 3387 1743 3388 1744 3388 1745 3388 1535 3389 1534 3389 1744 3389 1744 3390 1534 3390 1532 3390 1744 3391 1532 3391 1745 3391 1745 3392 1532 3392 31 3392 1745 3393 31 3393 1746 3393 1739 3394 146 3394 1737 3394 1737 3395 146 3395 145 3395 1737 3396 145 3396 1738 3396 1738 3397 145 3397 162 3397 1738 3398 162 3398 1747 3398 1747 3399 1748 3399 1738 3399 1738 3400 1748 3400 1743 3400 1738 3401 1743 3401 1736 3401 1736 3402 1743 3402 1745 3402 1736 3403 1745 3403 1742 3403 1742 3404 1745 3404 1746 3404 120 3405 1535 3405 1749 3405 1749 3406 1535 3406 1744 3406 1749 3407 1744 3407 1750 3407 1750 3408 1744 3408 1743 3408 1750 3409 1743 3409 1751 3409 1751 3410 1743 3410 1748 3410 1751 3411 1748 3411 1752 3411 1752 3412 1748 3412 1747 3412 180 3413 166 3413 1753 3413 1753 3414 1754 3414 180 3414 180 3415 1754 3415 1755 3415 180 3416 1755 3416 181 3416 181 3417 1755 3417 1756 3417 181 3418 1756 3418 182 3418 182 3419 1756 3419 1757 3419 182 3420 1757 3420 179 3420 179 3421 1757 3421 1758 3421 179 3422 1758 3422 177 3422 177 3423 1758 3423 1759 3423 177 3424 1759 3424 156 3424 156 3425 1759 3425 1760 3425 156 3426 1760 3426 154 3426 154 3427 1760 3427 1761 3427 154 3428 1761 3428 150 3428 150 3429 1761 3429 1762 3429 150 3430 1762 3430 151 3430 151 3431 1762 3431 1763 3431 151 3432 1763 3432 160 3432 160 3433 1763 3433 1752 3433 160 3434 1752 3434 161 3434 161 3435 1752 3435 1747 3435 161 3436 1747 3436 162 3436 1749 3437 1750 3437 1764 3437 1764 3438 1750 3438 1751 3438 1751 3439 1752 3439 1764 3439 1764 3440 1752 3440 1763 3440 1764 3441 1763 3441 1765 3441 1765 3442 1763 3442 1762 3442 1765 3443 1762 3443 1766 3443 1766 3444 1762 3444 1761 3444 1766 3445 1761 3445 1767 3445 1767 3446 1761 3446 1760 3446 1767 3447 1760 3447 1768 3447 1768 3448 1760 3448 1759 3448 1768 3449 1759 3449 1769 3449 1769 3450 1759 3450 1758 3450 1769 3451 1758 3451 1770 3451 1770 3452 1758 3452 1757 3452 1770 3453 1757 3453 1771 3453 1771 3454 1757 3454 1756 3454 1771 3455 1756 3455 1772 3455 1772 3456 1756 3456 1755 3456 1772 3457 1755 3457 1773 3457 1773 3458 1755 3458 1754 3458 1773 3459 1754 3459 1774 3459 118 3460 120 3460 1749 3460 1753 3461 1775 3461 1754 3461 1754 3462 1775 3462 1776 3462 1754 3463 1776 3463 1774 3463 1774 3464 1776 3464 1777 3464 1774 3465 1777 3465 1778 3465 1749 3466 1764 3466 118 3466 118 3467 1764 3467 1765 3467 118 3468 1765 3468 113 3468 113 3469 1765 3469 1766 3469 113 3470 1766 3470 139 3470 139 3471 1766 3471 1767 3471 139 3472 1767 3472 137 3472 137 3473 1767 3473 1768 3473 137 3474 1768 3474 135 3474 135 3475 1768 3475 1769 3475 135 3476 1769 3476 76 3476 76 3477 1769 3477 1770 3477 76 3478 1770 3478 79 3478 79 3479 1770 3479 1771 3479 79 3480 1771 3480 77 3480 77 3481 1771 3481 1772 3481 77 3482 1772 3482 98 3482 98 3483 1772 3483 1773 3483 98 3484 1773 3484 96 3484 96 3485 1773 3485 1774 3485 96 3486 1774 3486 103 3486 103 3487 1774 3487 1778 3487 103 3488 1778 3488 101 3488 1779 3489 1780 3489 1781 3489 1781 3490 1780 3490 1782 3490 174 3491 148 3491 1739 3491 1739 3492 1783 3492 174 3492 174 3493 1783 3493 1784 3493 174 3494 1784 3494 175 3494 175 3495 1784 3495 1785 3495 175 3496 1785 3496 176 3496 176 3497 1785 3497 1786 3497 176 3498 1786 3498 173 3498 173 3499 1786 3499 1787 3499 173 3500 1787 3500 171 3500 171 3501 1787 3501 1788 3501 171 3502 1788 3502 141 3502 141 3503 1788 3503 1789 3503 141 3504 1789 3504 142 3504 142 3505 1789 3505 1790 3505 142 3506 1790 3506 157 3506 157 3507 1790 3507 1791 3507 157 3508 1791 3508 158 3508 158 3509 1791 3509 1792 3509 158 3510 1792 3510 168 3510 168 3511 1792 3511 1781 3511 168 3512 1781 3512 169 3512 169 3513 1781 3513 1782 3513 169 3514 1782 3514 170 3514 1793 3515 1794 3515 1795 3515 1795 3516 1794 3516 1779 3516 1779 3517 1781 3517 1795 3517 1795 3518 1781 3518 1792 3518 1795 3519 1792 3519 1796 3519 1796 3520 1792 3520 1791 3520 1796 3521 1791 3521 1797 3521 1797 3522 1791 3522 1790 3522 1797 3523 1790 3523 1798 3523 1798 3524 1790 3524 1789 3524 1798 3525 1789 3525 1799 3525 1799 3526 1789 3526 1788 3526 1799 3527 1788 3527 1800 3527 1800 3528 1788 3528 1787 3528 1800 3529 1787 3529 1801 3529 1801 3530 1787 3530 1786 3530 1801 3531 1786 3531 1802 3531 1802 3532 1786 3532 1785 3532 1802 3533 1785 3533 1803 3533 1803 3534 1785 3534 1784 3534 1803 3535 1784 3535 1804 3535 1804 3536 1784 3536 1783 3536 1804 3537 1783 3537 1805 3537 48 3538 50 3538 1793 3538 1739 3539 1740 3539 1783 3539 1783 3540 1740 3540 1741 3540 1783 3541 1741 3541 1805 3541 1805 3542 1741 3542 1742 3542 1805 3543 1742 3543 1746 3543 1793 3544 1795 3544 48 3544 48 3545 1795 3545 1796 3545 48 3546 1796 3546 43 3546 43 3547 1796 3547 1797 3547 43 3548 1797 3548 69 3548 69 3549 1797 3549 1798 3549 69 3550 1798 3550 67 3550 67 3551 1798 3551 1799 3551 67 3552 1799 3552 65 3552 65 3553 1799 3553 1800 3553 65 3554 1800 3554 11 3554 11 3555 1800 3555 1801 3555 11 3556 1801 3556 9 3556 9 3557 1801 3557 1802 3557 9 3558 1802 3558 7 3558 7 3559 1802 3559 1803 3559 7 3560 1803 3560 28 3560 28 3561 1803 3561 1804 3561 28 3562 1804 3562 26 3562 26 3563 1804 3563 1805 3563 26 3564 1805 3564 33 3564 33 3565 1805 3565 1746 3565 33 3566 1746 3566 31 3566 1806 3567 1807 3567 1808 3567 1753 3568 166 3568 164 3568 1753 3569 1807 3569 1775 3569 1775 3570 1807 3570 1806 3570 1775 3571 1806 3571 1776 3571 1776 3572 1806 3572 1777 3572 1809 3573 1810 3573 1811 3573 1410 3574 1409 3574 1810 3574 1810 3575 1409 3575 1407 3575 1810 3576 1407 3576 1811 3576 1811 3577 1407 3577 101 3577 1811 3578 101 3578 1778 3578 1753 3579 164 3579 1807 3579 1807 3580 164 3580 163 3580 1807 3581 163 3581 1808 3581 1808 3582 163 3582 170 3582 1808 3583 170 3583 1782 3583 1782 3584 1780 3584 1808 3584 1808 3585 1780 3585 1809 3585 1808 3586 1809 3586 1806 3586 1806 3587 1809 3587 1811 3587 1806 3588 1811 3588 1777 3588 1777 3589 1811 3589 1778 3589 50 3590 1410 3590 1793 3590 1793 3591 1410 3591 1810 3591 1793 3592 1810 3592 1794 3592 1794 3593 1810 3593 1809 3593 1794 3594 1809 3594 1779 3594 1779 3595 1809 3595 1780 3595 187 3596 167 3596 185 3596 185 3597 167 3597 178 3597 185 3598 178 3598 189 3598 189 3599 178 3599 155 3599 189 3600 155 3600 211 3600 211 3601 155 3601 152 3601 211 3602 152 3602 214 3602 214 3603 152 3603 153 3603 214 3604 153 3604 192 3604 192 3605 153 3605 147 3605 192 3606 147 3606 193 3606 193 3607 147 3607 149 3607 193 3608 149 3608 202 3608 202 3609 149 3609 172 3609 202 3610 172 3610 206 3610 206 3611 172 3611 143 3611 206 3612 143 3612 194 3612 194 3613 143 3613 144 3613 194 3614 144 3614 195 3614 195 3615 144 3615 159 3615 195 3616 159 3616 199 3616 199 3617 159 3617 165 3617 199 3618 165 3618 187 3618 187 3619 165 3619 167 3619</p>
        </triangles>
      </mesh>
    </geometry>
  </library_geometries>
  <library_visual_scenes>
    <visual_scene id="Scene" name="Scene">
      <node id="My_Prop_CW" name="My_Prop_CW" type="NODE">
        <matrix sid="transform">1.004379 0 0 0 0 1 0 0 0 0 0.8161211 0 0 0 0 1</matrix>
        <instance_geometry url="#My_Prop_CW-mesh" name="My_Prop_CW">
          <bind_material>
            <technique_common>
              <instance_material symbol="Material_001-material" target="#Material_001-material"/>
            </technique_common>
          </bind_material>
        </instance_geometry>
      </node>
      <node id="Camera" name="Camera" type="NODE">
        <matrix sid="transform">0.6859207 -0.3240135 0.6515582 7.358891 0.7276763 0.3054208 -0.6141704 -6.925791 0 0.8953956 0.4452714 4.958309 0 0 0 1</matrix>
        <instance_camera url="#Camera-camera"/>
      </node>
      <node id="Light" name="Light" type="NODE">
        <matrix sid="transform">-0.2908646 -0.7711008 0.5663932 4.076245 0.9551712 -0.1998834 0.2183912 1.005454 -0.05518906 0.6045247 0.7946723 5.903862 0 0 0 1</matrix>
        <instance_light url="#Light-light"/>
      </node>
    </visual_scene>
  </library_visual_scenes>
  <scene>
    <instance_visual_scene url="#Scene"/>
  </scene>
</COLLADA>