<?xml version="1.0" encoding="utf-8"?>
<COLLADA xmlns="http://www.collada.org/2005/11/COLLADASchema" version="1.4.1" xmlns:xsi="http://www.w3.org/2001/XMLSchema-instance">
  <asset>
    <contributor>
      <author>Blender User</author>
      <authoring_tool>Blender 3.6.23 commit date:2025-06-16, commit time:11:52, hash:e467db79ca8c</authoring_tool>
    </contributor>
    <created>2026-08-13T12:07:14</created>
    <modified>2026-08-13T12:07:14</modified>
    <unit name="meter" meter="1"/>
    <up_axis>Z_UP</up_axis>
  </asset>
  <library_effects>
    <effect id="Material_001-effect">
      <profile_COMMON>
        <technique sid="common">
          <lambert>
            <emission>
              <color sid="emission">0 0 0 1</color>
            </emission>
            <diffuse>
              <color sid="diffuse">1 1 1 1</color>
            </diffuse>
            <index_of_refraction>
              <float sid="ior">1.45</float>
            </index_of_refraction>
          </lambert>
        </technique>
      </profile_COMMON>
    </effect>
  </library_effects>
  <library_images/>
  <library_materials>
    <material id="Material_001-material" name="Material.001">
      <instance_effect url="#Material_001-effect"/>
    </material>
  </library_materials>
  <library_geometries>
    <geometry id="Right_aileron-mesh" name="Right_aileron">
      <mesh>
        <source id="Right_aileron-mesh-positions">
          <float_array id="Right_aileron-mesh-positions-array" count="1917">-0.0220099 -0.1317579 8.09994e-4 -0.02991205 -0.001759529 -0.001398146 -0.01493817 -0.001760661 -0.003023087 0.004458367 -0.0743665 -0.003891646 0.007941186 -0.1317609 -0.003408849 0.001003861 -0.07457572 -0.003492772 -0.00704801 -0.1317595 -0.001396834 7.29996e-4 -0.06908226 -0.003550827 -0.005368769 0.07100528 -0.005038619 -0.01425832 0.1185855 -0.005065262 -0.004366815 0.07106596 -0.005114972 -0.009271025 0.1188876 -0.005391001 -0.007836103 0.1282374 -0.005595922 -0.009361863 0.1203849 -0.005404353 -0.02282834 0.1282381 -0.004649281 -0.01434922 0.1200827 -0.00508064 -0.00228101 -0.00464642 -0.00423789 -0.002512395 8.4962e-4 -0.004297435 -0.005319774 0.06509739 -0.004963397 -1.14718e-4 9.94871e-4 -0.004525542 -0.004009425 0.06517678 -0.005065441 2.1843e-4 -0.004495024 -0.004479408 0.004125237 -0.06887656 -0.00393778 -0.03781419 0.1282388 -0.003606379 -0.006078362 0.1282377 -0.005288302 -0.002765953 0.07116293 -0.004852831 -0.004522919 0.1282384 -0.004339516 -0.00134778 0.07124888 -0.004055321 -0.003487169 0.1282393 -0.003000199 -2.85857e-4 0.0713132 -0.002815961 -0.002974331 0.1282405 -0.001375794 2.66438e-4 0.07134664 -0.001394867 -0.003068864 0.1282418 3.83336e-4 3.20718e-4 0.07134991 2.41513e-4 -0.003758311 0.128243 0.00195086 -1.86862e-4 0.07131922 0.001794397 -0.004825294 0.1282438 0.003087997 -0.001192927 0.07125824 0.003077685 -0.006160497 0.1282443 0.003813922 -0.002465188 0.07118117 0.003891587 -0.003965377 0.07109028 0.004260063 -0.007719933 0.1282445 0.00409162 -0.004254281 0.07107281 0.004272282 -0.03777676 0.1282411 -4.88796e-4 -0.02987968 -0.001757621 0.001302003 -0.02198255 -0.1317563 0.003092825 -0.003725051 0.06519401 -0.005060553 0.001453459 0.00108987 -0.004262983 1.18286e-4 0.06542688 0.001891911 0.004384577 0.001267433 6.51841e-4 6.31259e-4 0.06545794 4.65541e-4 0.004336893 0.001264572 -9.51275e-4 6.44366e-4 0.06545877 -0.00116831 0.003853201 0.001235246 -0.002234995 9.82928e-5 0.06542563 -0.002704381 0.00283432 0.001173496 -0.003466963 -9.39058e-4 0.06536281 -0.003957927 -0.002218902 0.06528526 -0.004730761 -9.10182e-4 0.06536453 0.00315684 0.002863764 0.001175284 0.003408551 0.00387144 0.001236379 0.002168357 -0.001111149 0.06535238 0.003321588 -0.002305805 0.06528002 0.003989219 0.001712322 0.001105546 0.004127979 2.40672e-4 0.001016378 0.004484117 -0.003897249 0.06518357 0.004290938 -6.58959e-6 0.001001417 0.004493772 4.61436e-4 -0.004480302 -0.00447601 0.005660057 -0.06878358 -0.003674864 0.001938939 -0.004390776 -0.004157781 0.003096461 -0.004320621 -0.003475487 0.007003188 -0.06870222 -0.002880334 0.004134297 -0.004257798 -0.002264916 0.007977902 -0.06864315 -0.001656055 0.004684984 -0.004224359 -7.6529e-4 0.008454322 -0.0686143 -1.60879e-4 0.004724979 -0.004221975 -4.83895e-4 0.004677593 -0.004224836 8.35329e-4 0.008416831 -0.06861656 0.001176774 0.004229366 -0.004252016 0.002123355 0.007855892 -0.06865054 0.002645134 0.003952682 -0.004268765 0.00257945 0.006813943 -0.06871372 0.003811717 0.003243684 -0.00431174 0.003379881 0.002799808 -0.004338622 0.003728091 0.005426943 -0.0687977 0.004529476 0.001885056 -0.004394054 0.004209816 0.001322984 -0.004428088 0.004386723 3.26212e-4 -0.004488468 0.004511117 0.004228949 -0.0688703 0.004714667 -0.002589583 8.44951e-4 0.004252314 -0.00770086 0.07086396 0.003866672 -0.02276813 0.1282429 0.001930832 -0.00731039 0.06497681 0.003896117 -0.01487255 -0.00175631 0.003019034 -0.006977021 -0.1317555 0.004107177 0.008040964 -0.1317548 0.004913389 0.004561722 -0.07436025 0.004732012 0.002694845 -0.07447326 0.00460577 0.002299547 -0.06898719 0.004580557 -0.002212464 -0.004642248 0.0042786 0.009219765 -0.1317549 0.004728198 0.006287395 -0.07425564 0.004345834 0.004883527 -0.0743407 0.004716098 0.01043277 -0.1317554 0.004122138 0.0105592 -0.1317555 0.00402677 0.00749123 -0.07418298 0.003525018 0.01149207 -0.1317562 0.003001809 0.00797379 -0.07415384 0.002971231 0.01205778 -0.1317572 0.001635134 0.008620083 -0.07411533 0.001677215 0.01210284 -0.1317583 1.11936e-4 0.008794009 -0.07410389 8.35216e-5 0.01162779 -0.1317593 -0.001270651 0.008407592 -0.07412821 -0.001396834 0.007513403 -0.07418143 -0.002664864 0.01071029 -0.1317601 -0.002397835 0.007484495 -0.07418322 -0.002692997 0.007142245 -0.07420444 -0.002989292 0.009360373 -0.1317607 -0.003177404 0.005844771 -0.0742824 -0.003679215 0.006682276 -0.1317567 0.002310693 0.008013844 -0.1317565 0.002649784 0.009336948 -0.1317567 0.002278864 0.00566715 -0.1317594 -0.001297295 0.006627261 -0.1317601 -0.002278864 0.007950305 -0.1317603 -0.002649784 0.01029694 -0.1317574 0.001297295 0.005409657 -0.1317589 -6.5508e-4 0.005327403 -0.1317584 3.18257e-5 0.005426108 -0.1317579 7.16563e-4 0.005698919 -0.1317574 0.001352429 0.009281873 -0.1317601 -0.002310693 0.01026517 -0.1317594 -0.001352429 0.0105381 -0.1317589 -7.16561e-4 0.01063674 -0.1317584 -3.18246e-5 0.01055455 -0.1317579 6.55081e-4 -0.005454123 0.1282425 0.001297295 -0.006414175 0.1282432 0.002278864 -0.009123861 0.1282399 -0.002278864 -0.007800757 0.1282396 -0.002649784 -0.00646919 0.1282399 -0.002310693 -0.007737219 0.1282435 0.002649784 -0.009068846 0.1282432 0.002310693 -0.01005214 0.1282425 0.001352429 -0.005485892 0.1282405 -0.001352429 -0.005213022 0.128241 -7.16561e-4 -0.005196571 0.128242 6.55081e-4 -0.005114376 0.1282415 -3.18246e-5 -0.01032501 0.128242 7.16563e-4 -0.01042366 0.1282415 3.18257e-5 -0.01034146 0.1282411 -6.5508e-4 -0.01008391 0.1282406 -0.001297295 0.0068174 -0.06871348 -3.18246e-5 0.006447136 -0.06873589 -0.001352429 0.001897692 -0.0690115 0.001352429 -5.55486e-4 -0.0691601 0.001437544 0.001527488 -0.06903392 3.18258e-5 -7.54822e-4 -0.0691722 -3.67702e-4 0.001865923 -0.06901341 -0.001297295 -2.87955e-4 -0.06914395 -0.002129435 0.002822458 -0.06895548 -0.002278864 0.004140675 -0.06887567 -0.002649784 0.005467414 -0.0687952 -0.002310693 0.004204213 -0.06887179 0.002649784 0.002877473 -0.06895214 0.002310693 0.001260042 -0.06905013 0.003998637 3.46627e-4 -0.06910544 0.003132343 0.005522429 -0.06879192 0.002278864 0.006478905 -0.06873393 0.001297295 0.001860082 -0.07452386 3.18258e-5 -2.1154e-4 -0.07464939 0.001474559 0.002230286 -0.07450145 0.001352429 7.01089e-4 -0.07459408 0.003158986 0.003210067 -0.07444208 0.002310693 0.00677973 -0.07422584 -0.001352429 0.005800008 -0.07428514 -0.002310693 0.004473268 -0.07436561 -0.002649784 0.003155052 -0.07444542 -0.002278864 0.002198517 -0.07450336 -0.001297295 1.84264e-5 -0.07463544 -0.002073466 -4.2566e-4 -0.07466238 -3.18286e-4 0.007149994 -0.07420343 -3.18247e-5 0.006811499 -0.07422387 0.001297295 0.005855023 -0.07428187 0.002278864 0.004536807 -0.07436174 0.002649784 0.001592636 -0.07454007 0.003998637 0.001567065 -0.004413247 -0.002310693 2.40364e-4 -0.004493653 -0.002649784 -0.00107783 -0.004573523 -0.002278864 -0.002034366 -0.004631459 -0.001297295 0.002546787 -0.00435394 -0.001352429 0.002917051 -0.004331469 -3.18246e-5 0.002578556 -0.004351973 0.001297295 -0.003622412 -0.004727721 -0.003046154 -0.004454791 -0.004778087 -0.00144124 -0.002372801 -0.004651963 3.18259e-5 -0.004655838 -0.004790246 3.5806e-4 -0.002002596 -0.004629552 0.001352429 -0.004190981 -0.004762113 0.002123415 -0.003306746 -0.004708588 0.003412723 -0.001022815 -0.004570186 0.002310693 3.03898e-4 -0.004489839 0.002649784 0.00162208 -0.004409909 0.002278864 -0.003909647 7.64978e-4 -0.003103494 -0.004771292 7.12768e-4 -0.001493036 -0.004991292 6.99448e-4 3.15899e-4 -0.004538416 7.26876e-4 0.002091944 -0.003666043 7.79735e-4 0.003384411 0.001289486 0.001079916 0.002278864 -2.86964e-5 0.001000046 0.002649784 -0.001355409 9.19721e-4 0.002310693 0.002245962 0.001137852 0.001297295 0.002214193 0.001135945 -0.001352429 0.002584457 0.001158356 -3.18245e-5 0.001234471 0.001076579 -0.002310693 -0.002705395 8.37922e-4 3.1826e-5 -0.00236696 8.58446e-4 -0.001297295 -0.001410424 9.16388e-4 -0.002278864 -9.22304e-5 9.96233e-4 -0.002649784 -0.00233519 8.6037e-4 0.001352429 -0.006822764 0.07091718 -0.004490256 -0.006637513 0.06501758 -0.004389286 -0.008046805 0.07084304 -0.003531754 -0.007745146 0.06495046 -0.003472208 -0.00203073 0.07120752 -0.001352429 -0.001660525 0.07122993 -3.18247e-5 -0.00199896 0.07120943 0.001297295 -0.004337251 0.07106775 -0.002649784 -0.005655467 0.07098788 -0.002278864 -0.006611943 0.07092994 -0.001297295 -0.006580173 0.07093185 0.001352429 -0.00931251 0.07076632 0.001166224 -0.006950438 0.07090944 3.18258e-5 -0.009445667 0.07075828 -6.15468e-5 -0.009069144 0.07078111 -0.001935601 -0.002955436 0.07115143 0.002278864 -0.004273712 0.07107162 0.002649784 -0.005600452 0.07099121 0.002310693 -0.00856024 0.07081192 0.00289011 -0.003010511 0.07114809 -0.002310693 -0.008737742 0.06489032 -0.001871824 -0.009089231 0.06486904 -9.78911e-6 -0.00894618 0.06487774 0.001206636 -0.008183658 0.06492394 0.002919197 -0.002653717 0.06525892 -0.002310693 -0.001673996 0.06531828 -0.001352429 -0.003980457 0.06517857 -0.002649784 -0.005298674 0.0650987 -0.002278864 -0.006255209 0.06504076 -0.001297295 -0.006593644 0.06502026 3.18259e-5 -0.001303732 0.06534069 -3.18245e-5 -0.001642227 0.06532019 0.001297295 -0.00622344 0.06504267 0.001352429 -0.005243659 0.06510204 0.002310693 -0.003916919 0.06518238 0.002649784 -0.002598702 0.06526225 0.002278864 0.003730535 -0.06636172 -0.002634167 0.003960013 -0.06638199 -0.002649247 0.003757774 -0.06537663 -0.002642214 0.003623008 -0.06523525 -0.002629518 0.003604352 -0.0652824 -0.002626776 0.003669202 -0.06537872 -0.002633929 0.003637135 -0.06521421 -0.002631425 0.003662168 -0.06520295 -0.002634346 0.003654539 -0.06520318 -0.002633512 0.003644943 -0.06520736 -0.002632379 0.0037027 -0.06524085 -0.00263822 0.003680706 -0.06521254 -0.002636253 0.003669559 -0.06520509 -0.002635121 0.003580868 -0.06538087 -0.002622663 0.003564715 -0.06548082 -0.002619385 0.003645956 -0.06557178 -0.002629876 0.003534853 -0.06576693 -0.002611756 0.003503203 -0.06634134 -0.002599477 0.003500699 -0.06640982 -0.002598166 0.002671301 -0.06646007 -0.002278864 0.001714766 -0.066518 -0.001297295 0.001376271 -0.06653851 3.1826e-5 0.001746535 -0.0665161 0.001352429 0.002726316 -0.06645673 0.002310693 0.004053056 -0.06637632 0.002649784 0.005371272 -0.06629651 0.002278864 0.006327748 -0.06623852 0.001297295 0.006666183 -0.06621807 -3.18245e-5 0.006295979 -0.06624048 -0.001352429 0.005316197 -0.06629979 -0.002310693 0.003989517 -0.0663802 -0.002649784 0.006621658 -0.1307567 0.002310693 0.007953286 -0.1307565 0.002649784 0.00927633 -0.1307567 0.002278864 0.01023638 -0.1307575 0.001297295 0.01049393 -0.1307579 6.55081e-4 0.01057612 -0.1307584 -3.18245e-5 0.0105409 -0.1307587 -4.31702e-4 0.009915709 -0.1211019 -6.27992e-4 0.008082211 -0.09543716 -0.001322686 0.007813036 -0.0921573 -0.001437842 0.006257534 -0.07676208 -0.002109169 0.00365585 -0.07691967 -0.002453148 0.004300892 -0.09388655 -0.002259671 0.00577557 -0.1254667 -0.001924216 0.006039917 -0.1307598 -0.00186944 0.005606591 -0.1307594 -0.001297295 0.00534904 -0.1307589 -6.5508e-4 0.005266845 -0.1307584 3.18258e-5 0.00536549 -0.1307579 7.16563e-4 0.00563836 -0.1307575 0.001352429 0.00330621 -0.07694083 -0.002278864 0.002349674 -0.07699877 -0.001297295 0.002011239 -0.07701927 3.1826e-5 0.002381443 -0.07699686 0.001352429 0.003361225 -0.07693749 0.002310693 0.004687964 -0.07685714 0.002649784 0.006006181 -0.07677733 0.002278864 0.006962656 -0.07671934 0.001297295 0.007301151 -0.07669883 -3.18245e-5 0.006930887 -0.07672131 -0.001352429 0.004762053 -0.104292 -0.002147078 -0.007101595 0.07340484 3.18259e-5 -0.00673139 0.07342731 0.001352429 -0.005751609 0.07348668 0.002310693 -0.00442487 0.07356703 0.002649784 -0.003106653 0.0736469 0.002278864 -0.002150177 0.07370483 0.001297295 -0.001811683 0.07372534 -3.18246e-5 -0.002181947 0.07370293 -0.001352429 -0.003161668 0.07364356 -0.002310693 -0.004488408 0.07356315 -0.002649784 -0.005806624 0.07348334 -0.002278864 -0.00676316 0.07342541 -0.001297295 -0.006442487 0.06252479 3.18258e-5 -0.006072223 0.06254726 0.001352429 -0.005092501 0.06260663 0.002310693 -0.003765761 0.06268697 0.002649784 -0.002447485 0.06276684 0.002278864 -0.00149101 0.06282478 0.001297295 -0.001152575 0.06284528 -3.18247e-5 -0.001522779 0.06282287 -0.001352429 -0.00250256 0.06276351 -0.002310693 -0.0038293 0.0626831 -0.002649784 -0.005147516 0.06260329 -0.002278864 -0.006103992 0.06254535 -0.001297295 -0.002856552 0.00333333 3.18257e-5 -0.002486348 0.003355741 0.001352429 -0.001506567 0.003415107 0.002310693 -1.79884e-4 0.003495514 0.002649784 0.001138329 0.003575325 0.002278864 0.002094805 0.00363332 0.001297295 0.0024333 0.003653824 -3.18247e-5 0.002063035 0.003631412 -0.001352429 0.001083254 0.003571987 -0.002310693 -2.43418e-4 0.00349164 -0.002649784 -0.001561582 0.003411769 -0.002278864 -0.002518117 0.003353834 -0.001297295 -0.002221643 -0.007147371 3.18257e-5 -0.001851379 -0.00712496 0.001352429 -8.71673e-4 -0.007065594 0.002310693 4.55055e-4 -0.006985247 0.002649784 0.001773238 -0.006905376 0.002278864 0.002729773 -0.006847441 0.001297295 0.003068208 -0.006826877 -3.18247e-5 0.002698004 -0.006849408 -0.001352429 0.001718223 -0.006908714 -0.002310693 3.91521e-4 -0.006989061 -0.002649784 -9.26695e-4 -0.007068932 -0.002278864 -0.001883149 -0.007126867 -0.001297295 -0.009991586 0.1272425 0.001352429 -0.009008288 0.1272432 0.002310693 -0.007676661 0.1272435 0.002649784 -0.006353557 0.1272432 0.002278864 -0.005393564 0.1272425 0.001297295 -0.005136013 0.127242 6.55081e-4 -0.005053758 0.1272415 -3.18247e-5 -0.005152463 0.127241 -7.16561e-4 -0.005425333 0.1272405 -0.001352429 -0.006408631 0.1272399 -0.002310693 -0.007740199 0.1272396 -0.002649784 -0.009063303 0.1272399 -0.002278864 -0.01002335 0.1272406 -0.001297295 -0.01028084 0.1272411 -6.5508e-4 -0.0103631 0.1272416 3.1826e-5 -0.01026439 0.127242 7.16563e-4 -0.02208375 0.127239 -0.003379642 -0.007730782 0.1272384 -0.004287838 -0.00652343 0.1272386 -0.004080533 -0.005379915 0.1272391 -0.003406822 -0.004606962 0.1272398 -0.002439796 -0.004213213 0.1272407 -0.00125879 -0.004262268 0.1272416 3.12701e-5 -0.004750072 0.1272424 0.001186668 -0.005499184 0.127243 0.002014398 -0.006466925 0.1272434 0.002566993 -0.007587432 0.1272436 0.002792716 -0.02202183 0.127242 7.27933e-4 -0.03641992 0.1272403 -0.001575231 -0.03642964 0.1272397 -0.00238347 0.0106756 -0.1307585 -7.00156e-5 0.007587492 -0.07668149 -2.07333e-4 0.007209122 -0.07670438 -0.001146256 0.0107854 -0.1307577 9.73806e-4 0.007634222 -0.07667863 7.98162e-4 0.01051557 -0.130757 0.001979351 0.007345199 -0.07669615 0.001767933 0.009949862 -0.1307564 0.00277698 0.006752014 -0.07673209 0.002585947 0.009123146 -0.130756 0.003350436 0.005921125 -0.07678246 0.003161132 0.008130609 -0.1307558 0.003603577 0.004880011 -0.07684552 0.003432154 0.007999956 -0.1307558 0.003609716 0.004743397 -0.07685375 0.003439009 -0.002578377 -0.07729732 -0.001724302 -0.002771556 -0.07730901 -3.60553e-4 -0.002750635 -0.07730782 6.64123e-4 -0.00260967 -0.07729929 0.001586318 -0.002171277 -0.07727271 0.002952635 -0.00318551 -0.06681483 -0.001837432 -0.003354072 -0.06682515 -9.539e-4 -0.003348052 -0.06682473 9.98722e-4 -0.002832353 -0.0667935 0.002891242 0.004047513 -0.06637668 -0.002658963 0.005044937 -0.0663163 -0.002481818 0.005927622 -0.06626278 -0.00198394 0.00659573 -0.06622231 -0.001223087 0.006978154 -0.06619918 -2.76018e-4 0.007026016 -0.06619626 7.38742e-4 0.006735026 -0.06621384 0.001717627 0.006137013 -0.06625008 0.002543568 0.005299091 -0.06630086 0.003124475 0.004110157 -0.06637293 0.003405809 5.2195e-4 -0.006981194 0.003217756 0.00156641 -0.006917953 0.003005743 0.002481997 -0.006862461 0.002459406 0.003165721 -0.006821036 0.001641213 0.003543376 -0.006798148 6.36116e-4 0.003567755 -0.006796658 -4.33089e-4 0.003236413 -0.006816744 -0.001454472 0.002586662 -0.006856083 -0.002306461 0.001692354 -0.006910264 -0.002893984 4.34628e-4 -0.006986498 -0.003158628 -0.006566047 -0.007410585 0.002544343 -0.006798505 -0.007424652 0.001776993 -0.006590723 -0.007412075 -0.002475678 -0.006991684 -0.007436394 -5.66228e-4 -0.007011413 -0.007437586 -1.64166e-4 -0.007222771 0.003068804 0.002483367 -0.007625937 0.003044366 5.74899e-4 -0.007643878 0.003043293 2.50762e-4 -0.00718522 0.003071069 -0.002587735 -0.006911158 -0.001760303 -0.002536118 -0.00745368 0.003054857 -0.001692652 0.002915799 0.00368303 -7.33881e-4 0.002506434 0.003658235 -0.001735091 -1.1127e-4 0.003499627 0.003184556 0.001151978 0.003576219 0.002880156 0.002036929 0.003629803 0.002260744 0.002667307 0.00366795 0.001382052 0.002971351 0.003686428 3.42658e-4 0.001794159 0.003615081 -0.002539575 8.55699e-4 0.003558218 -0.003063559 -2.02977e-4 0.003494083 -0.003246784 -0.003687441 0.06269174 0.002997159 -0.002583622 0.06275856 0.00276941 -0.001617312 0.06281715 0.002188563 -8.96771e-4 0.06286078 0.001320481 -5.01341e-4 0.06288474 2.57639e-4 -4.79078e-4 0.06288611 -8.73615e-4 -8.32886e-4 0.06286466 -0.001952469 -0.001522719 0.06282287 -0.002851128 -0.00246936 0.06276553 -0.003468811 -0.00380373 0.06268465 -0.003744721 -0.01073467 0.0622648 -0.003198027 -0.01113617 0.06224048 0.002114295 -0.01127958 0.06223177 0.001529216 -0.01142084 0.06222319 -4.44405e-4 -0.01136308 0.06222671 -0.001038312 -0.01084423 0.06225812 -0.002947747 -0.01181316 0.0731194 0.002050936 -0.01133972 0.07314813 -0.003313302 -0.01146608 0.07314044 -0.003035604 -0.01200872 0.0731076 -0.001132607 -0.0120601 0.0731045 -7.0753e-4 -0.01207369 0.07310366 -5.40806e-4 -0.01195734 0.07311069 0.001434683 -0.005193233 -0.1307564 0.002906322 -0.005219697 -0.1307587 -3.60453e-4 -0.01838046 -0.1307574 0.00154376 -0.01837444 -0.130757 0.002044916 -0.004344761 0.07357192 0.002962648 -0.003231704 0.07363933 0.002732515 -0.004465579 0.07356458 -0.003836274 -0.003119289 0.07364612 -0.003558576 -0.002164483 0.07370394 -0.002936184 -0.0014683 0.07374614 -0.002030253 -0.002257466 0.07369834 0.002146244 -0.001531124 0.07374233 0.001270353 -0.001132905 0.07376646 1.98539e-4 -0.00111103 0.07376778 -9.42405e-4 -0.02739715 -0.001758337 2.34846e-4 -0.02740502 -0.001758813 -4.19864e-4 -0.01790666 0.03122431 0.001280605 -0.01360756 -0.001757144 0.001817107 -0.006550073 -0.07328015 0.002612173 -0.006640911 -0.07178288 0.002601444 -0.01366639 -0.03864711 0.001893877 -0.008669555 -0.03834438 0.002362728 -0.008760392 -0.03684711 0.002352118 -0.01290833 0.0315271 0.001873373 -0.01299917 0.03302431 0.001863062 -0.0179975 0.03272151 0.001267611 -0.02002674 0.06616002 9.8079e-4 -0.0150277 0.06646287 0.001633286 -0.01375722 -0.0371499 0.001880586 -0.01078897 -0.00340861 0.002116501 -0.01087981 -0.001911342 0.00210601 -0.01587742 -0.002214133 0.001571774 -0.01578658 -0.003711402 0.001584887 -0.01163703 -0.07208561 0.002194225 -0.004521429 -0.1067187 0.002854108 -0.01154613 -0.07358288 0.002207756 -0.009516716 -0.1070213 0.002512872 -0.004430592 -0.1082159 0.002865016 -0.009425878 -0.1085186 0.00252664 -0.02214676 0.1010957 6.85323e-4 -0.017147 0.1013987 0.001396119 -0.01723784 0.1028959 0.001386046 -0.02223759 0.102593 6.72755e-4 -0.01511853 0.06796008 0.001623094 -0.02011758 0.06765729 9.6804e-4 -0.01803761 0.03271907 -0.002077519 -0.01305192 0.03302115 -0.002536892 -0.01296103 0.03152388 -0.002519905 -0.01794672 0.03122186 -0.002058446 -0.01424276 0.1185864 -0.003764927 -0.0143336 0.1200837 -0.003780126 -0.02228116 0.1025904 -0.002959132 -0.009255409 0.1188886 -0.004089713 -0.01729428 0.1028925 -0.003324329 -0.01720339 0.1013953 -0.00330758 -0.009346306 0.1203858 -0.004103064 -0.004566848 -0.1067214 -9.31878e-4 -0.004475891 -0.1082187 -9.14447e-4 -0.01379394 -0.03715211 -0.001181423 -0.008809447 -0.03685009 -0.001739621 -0.00871855 -0.03834736 -0.001722455 -0.006688117 -0.07178574 -0.00133711 -0.00659722 -0.07328301 -0.001319766 -0.01370304 -0.03864938 -0.001162052 -0.009459137 -0.1085206 -2.5005e-4 -0.009550094 -0.1070234 -2.69764e-4 -0.01167207 -0.0720877 -7.27618e-4 -0.01093071 -0.001914441 -0.002139508 -0.01365172 -0.001759827 -0.001870036 -0.01591581 -0.002216458 -0.001631319 -0.01582491 -0.003713726 -0.001612126 -0.01083981 -0.00341171 -0.002122461 -0.01158112 -0.07358497 -7.0808e-4 -0.02219021 0.1010931 -0.002940356 -0.01517313 0.0679568 -0.002931773 -0.02015942 0.06765472 -0.002520084 -0.02006846 0.06615751 -0.002501189 -0.01508224 0.06645959 -0.002914905 -0.01035368 -0.07200783 9.9666e-4 -0.01036059 -0.07200825 4.1988e-4 -0.00916773 -0.07193601 2.73307e-4 -0.007968306 -0.07186335 1.27066e-4 -0.007955491 -0.07186257 0.001192331 -0.009156823 -0.07193535 0.001094996 -0.01026988 -0.07350552 4.19879e-4 -0.01026296 -0.0735051 9.9666e-4 -0.009066104 -0.07343262 0.001094996 -0.007864832 -0.07335984 0.001192331 -0.007877588 -0.07336062 1.27066e-4 -0.009077012 -0.07343327 2.73307e-4 -0.0124737 -0.03707212 6.98146e-4 -0.01248234 -0.03707265 -2.18594e-5 -0.01128923 -0.03700035 -1.56102e-4 -0.01008975 -0.0369277 -2.9001e-4 -0.01007521 -0.0369268 9.24798e-4 -0.01127618 -0.03699952 8.12014e-4 -0.01239162 -0.03856992 -2.18596e-5 -0.01238298 -0.03856939 6.98146e-4 -0.01118546 -0.03849679 8.12014e-4 -0.009984493 -0.03842407 9.24798e-4 -0.009999096 -0.03842496 -2.90009e-4 -0.01119852 -0.03849762 -1.56102e-4 -0.01459372 -0.002136349 4.03892e-4 -0.01460403 -0.002137005 -4.59876e-4 -0.01341062 -0.002064704 -5.82094e-4 -0.0122112 -0.001992046 -7.03975e-4 -0.01219481 -0.001991033 6.607e-4 -0.0133956 -0.00206381 5.32887e-4 -0.01451337 -0.003634274 -4.59875e-4 -0.014503 -0.003633618 4.03892e-4 -0.01330488 -0.003561079 5.32887e-4 -0.01210415 -0.003488302 6.607e-4 -0.01212048 -0.003489315 -7.03975e-4 -0.0133199 -0.003561913 -5.82094e-4 -0.01671361 0.0327993 1.1375e-4 -0.01672571 0.03279858 -8.94306e-4 -0.01553201 0.03287088 -0.001004755 -0.01433259 0.03294354 -0.001114904 -0.01431441 0.03294467 3.99969e-4 -0.01551496 0.03287196 2.57505e-4 -0.01663506 0.03130131 -8.94306e-4 -0.01662296 0.03130203 1.1375e-4 -0.01542431 0.03137469 2.57505e-4 -0.01422369 0.03144741 3.99969e-4 -0.01424187 0.03144627 -0.001114904 -0.01544129 0.03137362 -0.001004755 -0.01884734 0.06773424 -0.001325249 -0.01883351 0.06773507 -1.72421e-4 -0.01643401 0.06788045 1.42497e-4 -0.01645398 0.06787925 -0.001523017 -0.01874279 0.0662378 -1.72421e-4 -0.01875662 0.06623697 -0.001325249 -0.01636326 0.06638199 -0.001523017 -0.01634329 0.06638318 1.42497e-4 -0.02096897 0.1026698 -0.001752912 -0.02095341 0.1026708 -4.54746e-4 -0.01855349 0.1028162 -1.11829e-4 -0.01857531 0.1028149 -0.001928269 -0.02086269 0.1011735 -4.54746e-4 -0.02087825 0.1011726 -0.001752912 -0.01848459 0.1013176 -0.001928269 -0.01846277 0.1013189 -1.11829e-4 -0.008233547 -0.1069436 0.00129956 -0.008238792 -0.1069439 8.65483e-4 -0.007046222 -0.1068717 7.06266e-4 -0.005846798 -0.106799 5.47372e-4 -0.005835831 -0.1067983 0.001463532 -0.00703752 -0.1068711 0.001381993 -0.008148074 -0.1084412 8.65483e-4 -0.008142828 -0.1084408 0.00129956 -0.006946802 -0.1083683 0.001381993 -0.005745112 -0.1082956 0.001463532 -0.00575608 -0.1082962 5.47372e-4 -0.006955504 -0.1083689 7.06266e-4</float_array>
          <technique_common>
            <accessor source="#Right_aileron-mesh-positions-array" count="639" stride="3">
              <param name="X" type="float"/>
              <param name="Y" type="float"/>
              <param name="Z" type="float"/>
            </accessor>
          </technique_common>
        </source>
        <source id="Right_aileron-mesh-normals">
          <float_array id="Right_aileron-mesh-normals-array" count="4065">-0.1078555 -0.02343869 -0.9938904 -0.1137738 -0.01526045 -0.9933895 -0.1330143 -0.01759099 -0.9909581 -0.1355362 -0.01722371 -0.9906228 -0.07514351 -0.01459813 -0.9970659 -0.06441801 -0.0123648 -0.9978465 -0.06294423 -0.01221418 -0.9979424 -0.06050181 -0.01259243 -0.9980887 -0.06301021 -0.01210117 -0.9979396 -0.06393498 -0.0136947 -0.9978601 -0.06439113 -0.01416969 -0.9978242 -0.09890294 -0.01494848 -0.9949849 -0.0989679 -0.014638 -0.994983 -0.09383577 -0.0144189 -0.9954833 -0.07684934 -0.01304972 -0.9969574 -0.09531497 -0.01415675 -0.9953466 -0.1122893 -0.01584124 -0.9935493 -0.09896695 -0.01523393 -0.9949742 -0.1174331 -0.01954799 -0.9928884 -0.1458914 -0.02122753 -0.9890729 -0.06797838 -0.01325976 -0.9975987 -0.08685868 -0.01641207 -0.9960855 -0.06706064 -0.01654976 -0.9976117 -0.1078654 -0.01898103 -0.9939844 -0.06941252 -0.02116084 -0.9973636 0.172379 0.002174317 -0.9850283 0.1614931 0.001842856 -0.9868721 0.5205849 0.02370136 -0.8534809 0.488992 0.02289521 -0.8719878 0.7903752 0.04098665 -0.6112505 0.7576972 0.0405023 -0.6513482 0.9522797 0.05257976 -0.300664 0.9303456 0.0531162 -0.3628163 0.9969514 0.05677092 0.05352532 0.9976742 0.05952423 -0.03321254 0.9140877 0.05345928 0.4019774 0.9485352 0.05865681 0.311192 0.7285403 0.04383045 0.6835993 0.7848387 0.04991579 0.6176866 0.4774411 0.03027462 0.878142 0.536987 0.03592157 0.8428255 0.2375375 0.01670455 0.9712347 0.1752909 0.01441675 0.9844111 0.04202282 0.005705356 0.9991004 -0.998098 -0.06046664 0.01200962 -0.998098 -0.0604667 0.01200991 -0.998098 -0.06046688 0.01200991 -0.998098 -0.06046694 0.0120095 0.01765364 -0.007338881 -0.9998173 0.1650735 0.001064062 -0.9862807 0.9391388 0.05589669 0.3389598 0.9978576 0.0582599 -0.02976673 0.998316 0.05745202 0.008037507 0.9340868 0.05253607 -0.3531597 0.9405717 0.05256682 -0.3355022 0.7690023 0.04031854 -0.6379734 0.7687915 0.04031258 -0.6382278 0.4982453 0.02266055 -0.8667401 0.5157186 0.02326208 -0.8564422 0.2136171 0.005102276 -0.9769042 0.7738561 0.04797434 0.631542 0.7740486 0.04797697 0.6313058 0.9453746 0.05665802 0.3210245 0.6319159 0.04018747 0.7739944 0.4861494 0.03129369 0.8733152 0.5280592 0.03489834 0.8484902 0.2342124 0.01676666 0.9720409 0.1853625 0.01491194 0.9825571 0.03872162 0.005505263 0.9992349 0.01435321 -0.007539689 -0.9998686 0.1687817 0.001365125 -0.9856525 0.2102811 0.004820168 -0.9776292 0.5066186 0.02281302 -0.8618684 0.5079874 0.02286499 -0.861061 0.7575622 0.03994619 -0.6515398 0.7807326 0.04071033 -0.6235377 0.9370264 0.05267214 -0.345264 0.9511714 0.05282616 -0.3041092 0.9883945 0.05653625 -0.1409965 0.9976714 0.05796116 0.03594976 0.9979169 0.05809789 0.02804487 0.9425654 0.05648064 0.3292119 0.9322831 0.05539619 0.3574627 0.8529713 0.05224138 0.5193369 0.7438157 0.04577422 0.6668155 0.7465597 0.04583722 0.6637375 0.6152374 0.03938591 0.7873574 0.4580004 0.02971273 0.8884553 0.4643475 0.02993029 0.8851473 0.298919 0.02117443 0.9540436 0.1232779 0.0100612 0.9923213 0.1519909 0.01233738 0.9883049 -0.09293293 -0.002486288 0.9956693 -0.1166495 -0.003931939 0.9931654 -0.1421309 -0.00392735 0.9898402 -0.1448784 -0.004662394 0.9894385 -0.1226707 8.57007e-4 0.9924471 -0.05360633 -9.32934e-5 0.9985622 -0.06761068 0.002731561 0.9977082 -0.0551331 6.17866e-4 0.9984789 -0.07608693 0.003725171 0.9970942 -0.1147341 -0.002928018 0.9933919 -0.09952735 -0.001799523 0.9950332 -0.09947049 -0.002070963 0.9950385 -0.09952408 -0.002308964 0.9950325 -0.09111958 -0.001715779 0.9958385 -0.06925922 -0.001045107 0.9975982 -0.1591616 -0.001402735 0.9872516 -0.1136688 0.006781041 0.9934957 -0.1136708 0.00141257 0.9935175 -0.06744176 0.009646832 0.9976766 0.1552056 0.01448369 0.9877761 0.2540065 0.01729226 0.967048 0.0489369 0.006123483 0.9987831 0.4467851 0.0287311 0.8941799 0.6015508 0.04026401 0.7978193 0.5614397 0.03712356 0.8266847 0.7388235 0.0452314 0.6723794 0.7519121 0.04627484 0.6576374 0.9224982 0.05654752 0.3818369 0.8927285 0.05291444 0.4474773 0.9977943 0.05948573 0.02946323 0.9924383 0.05701041 0.1087019 0.9443306 0.0540359 -0.3245304 0.9659828 0.05342072 -0.2530288 0.8155677 0.04430675 -0.576963 0.7749255 0.04009944 -0.6307793 0.6950274 0.03525823 -0.7181183 0.6530244 0.03270757 -0.7566303 0.4999697 0.02209788 -0.8657611 0.4684346 0.0209397 -0.88325 0.160939 0.001226782 -0.9869636 0.1513758 8.70917e-4 -0.988476 4.44126e-6 -0.9999998 7.25438e-4 4.17684e-6 -0.9999998 7.26378e-4 1.0346e-6 -0.9999998 7.29422e-4 1.16546e-5 -0.9999998 7.19129e-4 3.76014e-6 -0.9999998 7.03515e-4 4.62991e-6 -0.9999998 7.49294e-4 9.04574e-7 -0.9999998 7.30196e-4 -2.43077e-6 -0.9999998 7.38263e-4 -2.81566e-5 -0.9999998 7.33024e-4 5.6228e-6 -0.9999998 7.22541e-4 4.65108e-6 -0.9999998 7.31092e-4 3.5514e-6 -0.9999997 7.38948e-4 5.18076e-6 -0.9999998 7.57078e-4 4.26786e-6 -0.9999998 7.36448e-4 4.07294e-6 -0.9999998 7.27763e-4 4.105e-6 -0.9999998 7.1724e-4 3.54084e-6 -0.9999998 7.57121e-4 3.95516e-6 -0.9999998 7.0724e-4 5.28376e-6 -0.9999998 7.22071e-4 8.13496e-6 -0.9999998 6.99519e-4 7.86735e-6 -0.9999998 6.90388e-4 -2.86178e-7 -0.9999998 7.44903e-4 -6.25925e-7 -0.9999998 7.48972e-4 3.51862e-7 -0.9999998 7.54131e-4 -3.7709e-6 -0.9999998 6.9051e-4 9.77593e-6 -0.9999998 7.28065e-4 8.88273e-6 -0.9999998 7.42665e-4 3.76004e-6 -0.9999998 7.20899e-4 5.45944e-6 -0.9999998 7.40778e-4 3.44293e-6 -0.9999998 7.28255e-4 1.36436e-5 -0.9999998 7.23727e-4 5.73833e-7 0.9999998 -7.22232e-4 -5.26606e-6 0.9999998 -7.2042e-4 -4.31091e-6 0.9999998 -7.27129e-4 -1.45414e-6 0.9999998 -7.29259e-4 -8.20116e-6 0.9999998 -7.32158e-4 -5.27809e-6 0.9999998 -7.17387e-4 -7.06927e-6 0.9999998 -7.2142e-4 -1.42038e-5 0.9999998 -7.18695e-4 -3.38727e-6 0.9999998 -7.29862e-4 -3.58889e-6 0.9999998 -7.31104e-4 -3.7717e-6 0.9999998 -7.3936e-4 -1.95807e-6 0.9999998 -7.17066e-4 -3.30393e-6 0.9999997 -7.40866e-4 -6.8097e-6 0.9999998 -7.2552e-4 -6.73355e-6 0.9999998 -7.48703e-4 -5.78284e-6 0.9999998 -7.20858e-4 -6.31333e-6 0.9999998 -7.30827e-4 1.20437e-6 0.9999998 -7.31549e-4 -3.45751e-6 0.9999998 -6.94321e-4 -1.29757e-6 0.9999998 -7.11881e-4 -3.20502e-6 0.9999998 -8.08897e-4 -7.44334e-6 0.9999998 -6.8497e-4 -3.82395e-6 0.9999998 -7.28003e-4 -3.67381e-6 0.9999998 -7.06065e-4 -2.97755e-6 0.9999998 -7.40432e-4 -4.16946e-6 0.9999998 -7.10005e-4 -4.34201e-6 0.9999998 -7.45395e-4 -4.41594e-6 0.9999998 -7.2564e-4 0 0.9999997 -7.53447e-4 -6.0398e-6 0.9999998 -7.27253e-4 0.06045305 -0.9981711 -6.8068e-6 0.06046289 -0.9981704 0 0.06047534 -0.9981698 1.03353e-5 0.06047618 -0.9981697 0 0.06047397 -0.9981698 3.47229e-6 0.06047278 -0.9981699 9.98267e-6 0.06047236 -0.99817 -3.40254e-6 0.06046074 -0.9981706 1.18437e-5 0.06046557 -0.9981703 0 0.06050491 -0.9981679 0 0.06047612 -0.9981697 1.35468e-5 0.06045103 -0.9981712 2.38722e-5 0.06044346 -0.9981717 1.74733e-5 0.0604586 -0.9981707 2.67751e-5 0.06046128 -0.9981706 -1.13214e-5 0.06045514 -0.9981709 5.3879e-6 0.06046342 -0.9981704 2.26698e-6 0.06047129 -0.99817 4.89142e-6 0.06046307 -0.9981705 6.86042e-6 0.0604968 -0.9981684 -4.95492e-6 0.06048208 -0.9981693 0 0.06046265 -0.9981706 0 0.06046181 -0.9981706 5.78932e-6 0.06046307 -0.9981705 1.16345e-5 0.06047278 -0.9981698 1.14596e-5 0.06047224 -0.99817 2.61438e-6 0.06046921 -0.9981701 1.10011e-5 0.06047469 -0.9981697 -4.67991e-5 0.06044924 -0.9981713 -1.42728e-5 -0.0604667 0.9981703 1.77676e-5 -0.06046724 0.9981702 -3.43831e-6 -0.06046563 0.9981704 -1.79583e-5 -0.05984693 0.9982076 3.17602e-4 -0.06154811 0.998104 -6.19479e-4 -0.06135469 0.998116 -5.33018e-4 -0.06019765 0.9981865 -2.68022e-4 -0.06003212 0.9981965 4.82449e-5 -0.06051313 0.9981675 3.17333e-5 -0.06053924 0.9981659 8.45195e-6 -0.06045615 0.9981709 8.84317e-6 -0.06045854 0.9981707 0 -0.06046253 0.9981706 0 -0.06046652 0.9981703 7.52774e-6 -0.06046235 0.9981706 -9.1918e-6 -0.06047576 0.9981697 1.74268e-5 -0.06047403 0.9981698 -2.07599e-5 -0.05987644 0.9982056 -7.66093e-4 -0.06041711 0.9981733 -1.19426e-5 -0.06045657 0.9981707 5.55658e-4 -0.05995655 0.9982011 1.27619e-4 -0.05988878 0.9982051 -2.02227e-4 -0.06034576 0.9981776 1.11249e-4 -0.06030964 0.9981798 2.89066e-5 -0.06050401 0.998168 -2.03681e-5 -0.06045722 0.9981709 9.48757e-6 -0.0602771 0.9981818 -3.57627e-5 -0.06046777 0.9981702 5.07343e-6 -0.06047475 0.9981697 -2.04401e-5 -0.06045788 0.9981709 -1.80455e-5 -0.06044638 0.9981715 0 -0.06060296 0.998162 5.41686e-6 0.6837303 0.04062062 -0.7286034 0.6862155 0.04157257 -0.7262095 0.4809398 0.02913647 -0.8762695 0.4868146 0.031062 -0.8729529 0.8195728 0.04689896 0.5710526 0.8108885 0.05117958 0.5829586 0.8806915 0.05459284 -0.4705338 0.9676982 0.05649256 0.2457008 0.9646452 0.06014502 0.256598 0.9922139 0.05849868 -0.1099526 0.9910246 0.0612936 -0.1187994 0.8773469 0.05175203 -0.4770577 -0.0605039 0.9981681 -9.08605e-7 -0.06048661 0.9981691 0 -0.06045836 0.9981707 0 -0.06046605 0.9981703 -4.20041e-6 -0.06046956 0.9981701 -2.52609e-6 -0.06045734 0.9981708 -1.04478e-5 -0.06045848 0.9981708 -1.17666e-5 -0.06047695 0.9981697 -1.56223e-5 -0.06047588 0.9981697 1.04494e-5 -0.0604664 0.9981703 -2.48746e-5 -0.0604583 0.9981707 -1.07596e-5 -0.06041628 0.9981733 -6.19761e-5 -0.06046497 0.9981703 3.64535e-5 -0.06047493 0.9981698 -1.03413e-5 -0.06047475 0.9981698 -9.93799e-6 -0.06046044 0.9981707 4.58262e-5 -0.06048053 0.9981695 -1.71351e-6 -0.06046509 0.9981703 -1.54164e-5 -0.06046563 0.9981703 -7.22729e-6 -0.06046485 0.9981704 -8.42171e-6 -0.06046277 0.9981705 6.94798e-6 -0.06045842 0.9981708 -5.59091e-6 -0.06044691 0.9981715 2.69506e-5 -0.06047576 0.9981697 8.88864e-6 -0.06048429 0.9981693 -8.55482e-6 -0.06046015 0.9981707 6.02344e-6 -0.06049716 0.9981684 2.55314e-5 -0.06045502 0.998171 1.13272e-5 -0.06043744 0.998172 -1.46525e-5 -0.06046396 0.9981704 -3.72632e-7 -0.06049489 0.9981685 4.88552e-7 -0.06050324 0.9981681 5.18974e-6 -0.06042659 0.9981727 1.60421e-5 -0.0604844 0.9981692 2.44564e-5 0.6479837 0.03552597 0.7608252 0.6621369 0.0424363 0.7481804 0.879886 0.05094218 0.4724465 0.8856333 0.0554037 0.4610686 0.9909482 0.05826473 0.1209418 0.9918894 0.06146472 0.1112551 0.9671897 0.05719941 -0.2475324 0.9650808 0.05961608 -0.2550784 0.8269359 0.04912281 -0.5601464 0.8226308 0.05092853 -0.5662906 0.6258803 0.03695333 -0.7790434 0.6185949 0.03875762 -0.7847537 0.0604825 -0.9981693 1.05908e-6 0.06049138 -0.9981688 -2.48766e-7 0.06045973 -0.9981707 1.86107e-7 0.06046527 -0.9981703 -1.72872e-6 0.06046819 -0.9981701 -5.78273e-6 0.06046807 -0.9981701 -5.84797e-6 0.06047433 -0.9981698 -9.57494e-6 0.06048119 -0.9981694 3.48507e-6 0.0604785 -0.9981696 1.0379e-5 0.06047546 -0.9981697 1.55877e-7 0.06047862 -0.9981696 -5.56884e-6 0.06046777 -0.9981702 -5.95921e-7 0.06047195 -0.9981699 5.44371e-7 0.0604723 -0.99817 1.34511e-6 0.06047844 -0.9981696 -1.19668e-5 0.06047755 -0.9981696 -1.34801e-6 0.06047034 -0.9981701 4.90056e-6 0.0604707 -0.99817 3.62154e-6 0.06046199 -0.9981705 8.42863e-6 0.06046772 -0.9981702 0 0.0604822 -0.9981693 -1.82954e-7 0.0604875 -0.998169 -3.34717e-6 0.06046384 -0.9981705 -6.16765e-6 0.06046545 -0.9981704 -3.4599e-6 0.06047391 -0.9981698 1.90259e-6 0.06047052 -0.99817 -5.14206e-6 0.0604794 -0.9981695 5.19831e-7 0.0604828 -0.9981693 1.06939e-5 0.06046587 -0.9981703 -4.48385e-6 0.06046682 -0.9981703 3.74762e-6 0.3520506 0.01482921 0.9358636 0.3978284 0.02818232 0.9170269 0.6149494 0.03278923 0.7878845 0.6357706 0.04033786 0.7708234 0.0604645 -0.9981704 -9.52637e-6 0.06046479 -0.9981704 1.9691e-6 0.06046336 -0.9981705 1.06571e-5 0.06047898 -0.9981696 0 0.06046938 -0.9981701 8.19339e-6 0.06047528 -0.9981697 -1.13904e-5 0.06045818 -0.9981707 0 0.06046825 -0.9981702 0 0.06047654 -0.9981697 8.92616e-6 0.06047654 -0.9981697 0 0.06047171 -0.99817 -5.24607e-6 0.06047064 -0.9981701 -3.17513e-6 0.06045329 -0.998171 -4.86968e-6 0.06042414 -0.9981728 -7.74382e-6 0.06048327 -0.9981693 0 0.06047219 -0.9981699 9.34867e-6 0.06046742 -0.9981703 4.10642e-6 0.06046551 -0.9981703 -8.92466e-6 0.0604676 -0.9981703 9.53469e-6 0.06048411 -0.9981692 -4.22273e-6 0.06045752 -0.9981709 0 0.06045925 -0.9981707 0 0.06049013 -0.9981689 3.82231e-6 0.06049233 -0.9981687 0 0.06045943 -0.9981707 -3.90798e-6 0.06046468 -0.9981704 4.41765e-6 0.06046527 -0.9981703 9.47363e-6 0.06046724 -0.9981702 0 0.06049013 -0.9981689 -2.32954e-5 0.06048011 -0.9981695 2.37069e-5 0.06048667 -0.998169 5.5865e-6 0.8402246 0.04847198 0.5400678 0.8477091 0.05341327 0.5277653 0.978675 0.05720299 0.1972898 0.9806907 0.06098693 0.1858128 0.9923948 0.05911362 -0.1079735 0.9912689 0.06086438 -0.1169687 0.9146644 0.05415034 -0.4005706 0.9115176 0.05628985 -0.4073907 0.7487803 0.04462677 -0.6613143 0.74353 0.04597973 -0.66712 -0.06046509 0.9981703 4.80509e-6 -0.0604701 0.9981701 -1.67889e-5 -0.06047135 0.99817 4.58441e-6 -0.06045675 0.9981709 -7.61493e-6 -0.06046509 0.9981703 0 -0.06047582 0.9981697 -4.07399e-6 -0.06048327 0.9981693 2.05001e-5 -0.0604732 0.9981698 6.39415e-6 -0.06046986 0.99817 -8.31403e-6 -0.06047165 0.99817 1.53286e-5 -0.06046903 0.9981701 4.59403e-6 -0.06046491 0.9981703 0 -0.06046855 0.9981701 -1.42893e-5 -0.06047427 0.9981698 2.04689e-5 -0.06046551 0.9981703 -3.76477e-6 -0.06047135 0.99817 -1.26919e-5 -0.06047976 0.9981695 -1.2976e-5 -0.06046241 0.9981706 7.81927e-6 -0.06046563 0.9981703 5.2874e-6 -0.06046569 0.9981704 -1.24641e-5 -0.06046581 0.9981703 7.79041e-6 -0.06046223 0.9981705 0 -0.06046199 0.9981706 6.38237e-6 -0.06047886 0.9981696 -3.40428e-5 -0.06047368 0.9981698 4.26781e-6 -0.06046408 0.9981704 4.14375e-5 -0.06047081 0.99817 0 -0.06047868 0.9981696 6.69159e-6 -0.06046372 0.9981705 1.03372e-5 -0.06045889 0.9981707 1.51035e-5 -0.06048309 0.9981693 5.23843e-6 -0.06039381 0.9981747 -2.93786e-5 0.06627488 0.006352901 0.9977812 0.1237315 0.009388446 0.9922714 0.1196636 0.008067846 0.9927818 0.1097871 0.006651163 0.9939329 0.1130453 0.00691998 0.9935657 0.1159256 0.007334113 0.9932308 0.09890311 0.00686711 0.9950734 0.1036382 0.006537139 0.9945937 0.1066209 0.006527423 0.9942784 0.1261667 0.01105576 0.9919475 0.1261462 0.01236116 0.9919347 0.1333018 0.004920303 0.9910634 0.140832 0.01177775 0.9899635 0.1377844 0.0135554 0.9903695 0.09288972 0.008351266 0.9956414 0.09284371 0.009877562 0.9956318 0.1006199 0.005378663 0.9949104 0.1517342 0.01088589 0.9883614 0.1519448 0.01349759 0.9882969 0.06612139 0.004581987 0.9978011 0.1509277 0.0184763 0.9883722 0.2677611 0.04934525 0.962221 0.358027 0.0216872 0.9334594 0.7142404 0.04326468 0.698562 0.7142298 0.04327237 0.6985724 0.9671918 0.05859845 0.2471971 0.9671916 0.05859827 0.2471976 0.960987 0.05822241 -0.2703963 0.9609862 0.05822247 -0.2703993 0.6972856 0.04224592 -0.7155475 0.6972774 0.0422368 -0.715556 0.2467511 0.01494669 -0.9689636 0.2467483 0.0149461 -0.9689643 -0.2699025 -0.01634883 -0.962749 -0.2699077 -0.01635259 -0.9627473 -0.7142375 -0.04327279 -0.6985644 -0.7142417 -0.04327303 -0.6985601 -0.9671916 -0.05859827 -0.2471976 -0.9671921 -0.05859833 -0.2471956 -0.9609865 -0.05822223 0.2703983 -0.9609864 -0.05822223 0.2703983 -0.6972883 -0.04224604 0.7155447 -0.6972864 -0.04224592 0.7155467 -0.2467425 -0.0149492 0.9689658 -0.2467476 -0.01494604 0.9689646 0.01751309 0.001061737 0.9998461 0.6972765 0.04224681 -0.7155562 0.2467426 0.01495015 -0.9689658 0.2467512 0.01495027 -0.9689636 -0.2699033 -0.0163533 -0.9627486 -0.2699069 -0.01635318 -0.9627476 -0.7142287 -0.04327434 -0.6985735 -0.7142372 -0.04325449 -0.6985659 -0.926703 -0.05612051 -0.3715806 -0.9267122 -0.05615001 -0.3715531 -0.9911251 -0.06005007 -0.1185963 -0.9911257 -0.06005144 -0.1185911 -0.9879968 -0.05986243 0.1424043 -0.9958897 -0.02219569 0.08781337 -0.913455 -0.1090853 0.3920467 -0.9389824 -0.05388253 0.3397186 -0.9248852 -0.05589461 0.376116 -0.697282 -0.04249376 0.7155363 -0.78517 -0.04273819 0.6178038 -0.715691 -0.04191017 0.6971586 0.1801201 0.01806414 0.9834788 0.6151669 0.03887838 0.7874377 0.708646 0.1324079 0.6930289 0.7962551 0.04822045 0.6030363 0.9267173 0.0561214 0.3715447 0.9267016 0.05614799 0.3715801 0.9911258 0.06005144 0.1185898 0.9911254 0.06005078 0.1185937 0.9879964 0.05986177 -0.1424069 0.9879969 0.05986118 -0.1424044 0.9175403 0.05559307 -0.3937376 0.9175265 0.05556404 -0.3937739 0.6972864 0.04222667 -0.7155478 0.4485403 -0.07498741 0.8906114 0.2699074 0.01635253 0.9627475 0.7142297 0.04327249 0.6985725 0.7142426 0.0432648 0.6985598 0.9671924 0.05858683 0.2471973 0.9671923 0.05858695 0.2471978 0.9609872 0.05821096 -0.2703985 0.9609871 0.05821114 -0.2703985 0.6972751 0.04223668 -0.7155582 0.6972878 0.04224604 -0.7155452 0.2467491 0.01494961 -0.9689641 0.2467499 0.01494967 -0.9689639 -0.2699071 -0.01635253 -0.9627476 -0.269902 -0.01634877 -0.962749 -0.7142399 -0.04326367 -0.6985626 -0.7142397 -0.04326367 -0.6985627 -0.9671918 -0.05858522 -0.2472003 -0.9671925 -0.05858719 -0.2471968 -0.9609866 -0.05821055 0.2704005 -0.9609875 -0.05820977 0.2703974 -0.7451009 -0.04513257 0.665423 -0.6953146 -0.07025361 0.7152637 -0.5478042 -0.03318655 0.8359481 -0.2467424 -0.01494789 0.9689658 -0.2467472 -0.01494836 0.9689646 0.2766396 0.01675927 0.9608277 0.269907 0.01609063 0.9627519 0.551833 0.03347337 0.8332826 0.6069511 0.03740537 0.7938584 0.9609865 0.05822169 -0.2703983 0.9609867 0.05822259 -0.2703973 0.6972877 0.04224556 -0.7155454 0.6972857 0.04224514 -0.7155474 0.2467488 0.0149495 -0.9689642 0.2467446 0.01494616 -0.9689653 -0.2699032 -0.01634919 -0.9627487 -0.2699077 -0.01635241 -0.9627473 -0.7142396 -0.04327249 -0.6985623 -0.9671916 -0.05859845 -0.2471977 -0.9671918 -0.05859833 -0.2471966 -0.9609862 -0.05822247 0.2703993 -0.9609867 -0.05822253 0.2703973 -0.6972874 -0.04224598 0.7155457 -0.6972883 -0.04224556 0.7155448 -0.2467435 -0.01494902 0.9689655 -0.2467473 -0.01494646 0.9689646 0.2699056 0.01634943 0.9627481 0.2699013 0.01635211 0.9627492 0.7142403 0.04327261 0.6985617 0.7142403 0.04327231 0.6985617 0.9671917 0.05859762 0.2471973 0.9671912 0.05859827 0.2471997 0.9609867 0.05822157 -0.2703973 0.9609863 0.05822223 -0.2703993 0.6972856 0.04224568 -0.7155475 0.6972878 0.04224556 -0.7155453 0.24675 0.01494956 -0.9689639 0.2467431 0.01494598 -0.9689657 -0.2699015 -0.01634889 -0.9627492 -0.2699075 -0.01635235 -0.9627475 -0.7142396 -0.04327237 -0.6985623 -0.9671913 -0.05859762 -0.2471988 -0.9671921 -0.05859768 -0.2471958 -0.9609867 -0.05822181 0.2703973 -0.9609868 -0.05822181 0.2703973 -0.6972863 -0.04224526 0.7155468 -0.246748 -0.01494628 0.9689644 0.2699064 0.01634919 0.9627478 0.7142382 0.04327273 0.6985637 0.9671915 0.05859935 0.2471976 0.9671919 0.05859762 0.2471969 0.960987 0.05821031 -0.270399 0.9609873 0.05821102 -0.2703978 0.6972761 0.04223692 -0.7155572 0.6972867 0.04224598 -0.7155464 0.2467497 0.01494967 -0.9689639 0.246749 0.01494938 -0.9689641 -0.2699074 -0.01635241 -0.9627474 -0.2699077 -0.01635265 -0.9627474 -0.7142397 -0.04327297 -0.6985623 -0.7142288 -0.04326337 -0.6985739 -0.9671925 -0.05858623 -0.2471973 -0.9671925 -0.05858653 -0.2471971 -0.9609873 -0.05821019 0.2703979 -0.9609873 -0.05821031 0.2703977 -0.697288 -0.04223704 0.7155456 -0.6972757 -0.04224532 0.7155572 -0.2467481 -0.01494956 0.9689643 -0.2467479 -0.01494944 0.9689644 0.2699063 0.01635229 0.9627478 0.2699065 0.01635247 0.9627478 0.7142295 0.04327231 0.6985728 0.7142407 0.04326456 0.6985616 0.9671921 0.05858689 0.2471984 0.9671925 0.05858623 0.2471972 0.9609866 0.05822235 -0.2703979 0.9609866 0.05822247 -0.2703978 0.6972866 0.04224598 -0.7155464 0.6972865 0.04224592 -0.7155466 0.2467497 0.01494967 -0.9689639 0.2467444 0.01494622 -0.9689654 -0.2699084 -0.01634955 -0.9627472 -0.2699069 -0.01634907 -0.9627477 -0.7142297 -0.04326277 -0.6985731 -0.7142397 -0.04327201 -0.6985623 -0.9671912 -0.05859714 -0.2471996 -0.9671918 -0.05859804 -0.2471972 -0.960986 -0.05822247 0.2704002 -0.9609866 -0.0582211 0.2703978 -0.6972764 -0.04224419 0.7155565 -0.6972879 -0.04223662 0.7155457 -0.2467486 -0.0149461 0.9689643 -0.2467475 -0.01494646 0.9689646 0.2699062 0.01634943 0.9627479 0.2699013 0.01635223 0.9627491 0.7142402 0.04327309 0.6985617 0.7142402 0.04327297 0.6985618 0.9671918 0.05859845 0.2471971 0.9671918 0.05859845 0.2471971 0.6972857 0.04222702 -0.7155484 0.2467483 0.01494282 -0.9689644 0.2467439 0.01495021 -0.9689655 -0.2699091 -0.01635295 -0.962747 -0.2699049 -0.01635295 -0.9627482 -0.7142498 -0.04327559 -0.6985517 -0.7142425 -0.04327476 -0.6985593 -0.926716 -0.05614823 -0.3715441 -0.9911218 -0.06002163 -0.1186378 -0.991126 -0.06005144 -0.1185885 -0.9879909 -0.05986082 0.1424456 -0.9879981 -0.05983239 0.1424072 -0.9175436 -0.05556505 0.3937337 -0.9175222 -0.05559188 0.3937799 -0.6972867 -0.04224842 0.7155463 -0.6972945 -0.04224824 0.7155387 -0.2467469 -0.01495009 0.9689646 -0.2467502 -0.01495033 0.9689638 0.2699019 0.01635301 0.962749 0.2698984 0.0163449 0.9627501 0.7142299 0.04325443 0.6985734 0.7142478 0.04327541 0.6985538 0.9267123 0.05614739 0.3715533 0.926716 0.05614888 0.371544 0.9911202 0.06005108 0.118637 0.991127 0.06002265 0.1185939 0.9879922 0.05983203 -0.1424484 0.9879965 0.05986112 -0.1424069 0.9175366 0.05559217 -0.3937466 0.9175403 0.05559241 -0.3937376 0.6972858 0.04224777 -0.7155472 4.52193e-6 -0.9999998 7.14647e-4 1.07988e-5 -0.9999998 7.35071e-4 5.94889e-6 -0.9999998 7.07894e-4 3.58028e-6 -0.9999998 7.02731e-4 5.28578e-6 -0.9999998 7.30295e-4 -1.35774e-6 -0.9999998 7.22333e-4 0 -0.9999998 7.30208e-4 8.39576e-6 -0.9999998 7.31594e-4 1.95529e-6 -0.9999998 6.89326e-4 1.7247e-5 -0.9999998 7.31743e-4 1.63551e-5 -0.9999998 7.68885e-4 5.7112e-6 -0.9999998 7.22168e-4 8.45847e-6 -0.9999998 6.80704e-4 9.5081e-6 -0.9999998 7.44201e-4 -1.65287e-6 -0.9999998 6.96846e-4 -2.96397e-6 -0.9999997 8.07678e-4 1.29402e-5 -0.9999998 6.00638e-4 1.24522e-5 -0.9999995 9.68505e-4 5.2372e-6 -1 5.45451e-4 2.13159e-6 -0.9999998 7.52182e-4 4.02768e-6 -0.9999998 7.40792e-4 5.59192e-6 -0.9999998 7.1934e-4 1.44426e-6 -0.9999998 7.34429e-4 3.22882e-6 -0.9999998 6.93993e-4 3.23591e-6 -0.9999998 7.32489e-4 3.09813e-6 -0.9999998 7.17336e-4 6.08537e-6 -0.9999998 6.81544e-4 3.88762e-6 -0.9999998 7.30198e-4 3.91129e-6 -0.9999998 7.33475e-4 7.50149e-6 -0.9999998 7.54529e-4 -0.9357399 -0.05349153 0.3486108 -0.8857923 -0.05079615 0.4612938 -0.9261099 -0.04668951 0.3743534 -0.7816394 -0.0422908 0.6222953 -0.7094708 -0.0410034 0.703541 -0.9301504 -0.05219459 0.3634502 -0.9929242 -0.05643695 0.1044823 -0.9972344 -0.05795776 0.04652553 -0.9642636 -0.05702799 -0.2587347 -0.9564993 -0.05721139 -0.2860698 -0.8146715 -0.05003476 -0.5777603 -0.8074799 -0.04987525 -0.587783 -0.5695891 -0.03661876 -0.8211135 -0.5673061 -0.03654092 -0.8226959 -0.247138 -0.01805907 -0.968812 -0.2508466 -0.01820307 -0.9678557 -0.04669481 -0.005992114 -0.9988912 -0.04975187 -0.006168305 -0.9987426 0.06096261 -0.99814 -4.05233e-4 0.06048578 -0.9981691 2.09545e-4 0.06046724 -0.9981703 -5.53806e-6 0.06046748 -0.9981703 8.54007e-6 0.06046891 -0.9981701 7.27383e-6 0.0604729 -0.9981699 -3.56255e-5 0.06047815 -0.9981696 -2.59335e-5 0.06047606 -0.9981697 -1.08752e-5 0.06047654 -0.9981697 0 0.0604735 -0.9981698 -1.71446e-5 0.06047433 -0.9981698 2.44469e-5 0.06045466 -0.998171 1.41253e-5 0.06048703 -0.998169 3.35639e-5 0.06046372 -0.9981705 2.63478e-5 0.06044626 -0.9981715 8.10978e-6 0.06052988 -0.9981665 3.18476e-5 0.06051743 -0.9981672 4.24798e-5 0.06054937 -0.9981653 5.51937e-5 0.06063723 -0.99816 -1.87143e-5 0.06044113 -0.9981719 0 0.06040304 -0.9981741 -6.78342e-5 0.06049621 -0.9981685 -1.68937e-5 0.06054872 -0.9981653 5.72953e-5 -0.9804636 -0.05881398 -0.1877024 -0.9880839 -0.06285113 -0.1404997 -0.998465 -0.05530279 0.003065407 -0.9502462 -0.05815237 0.3060237 -0.9632343 -0.05312824 0.2633575 -0.9865886 -0.06105685 0.1513767 -0.9981346 -0.05753529 0.02042472 -0.0605843 0.9981632 0 -0.0603941 0.9981746 0 -0.06039386 0.9981746 -3.22638e-4 -0.0597018 0.9982154 -0.001361906 -0.06036156 0.9981766 -1.76469e-4 -0.06046158 0.9981706 0 -0.06046926 0.9981701 3.09832e-5 -0.06045943 0.9981707 0 -0.06044948 0.9981713 3.31901e-5 -0.06042444 0.9981728 4.91327e-6 -0.06045597 0.9981709 -3.48481e-5 -0.06048321 0.9981693 -1.85343e-5 -0.06047433 0.9981698 0 -0.06048309 0.9981693 1.49799e-5 -0.06048291 0.9981693 2.94904e-5 -0.06043601 0.9981721 5.70831e-5 -0.06047081 0.99817 5.5657e-5 -0.06047725 0.9981697 -8.75294e-5 -0.06046575 0.9981703 -7.39145e-6 -0.06046581 0.9981703 6.14216e-6 -0.06046628 0.9981703 1.26599e-5 -0.06047195 0.99817 -2.51771e-5 -0.06047469 0.9981698 -4.38755e-6 -0.0604698 0.99817 7.88582e-5 -0.06046307 0.9981705 1.09079e-5 -0.06045943 0.9981707 -3.8634e-5 -0.1980335 -0.01506811 -0.9800794 -0.2293123 -0.01636016 -0.9732154 -0.5106209 -0.03381448 -0.8591408 -0.5679234 -0.03611797 -0.8222886 -0.765266 -0.0480079 -0.6419216 -0.8079439 -0.04931074 -0.5871925 -0.9341741 -0.05659461 -0.3523008 -0.9567324 -0.05658888 -0.2854137 -0.9980223 -0.05855619 -0.02286458 -0.9972488 -0.05712825 0.04723703 -0.9495256 -0.05369603 0.3090596 -0.9256264 -0.05088144 0.3750026 -0.7934663 -0.04250377 0.6071283 -0.749872 -0.03858661 0.6604568 -0.5477837 -0.02626734 0.8362077 -0.4901711 -0.02161729 0.8713581 -0.2056077 -0.004813671 0.9786227 -0.1747443 -0.002346992 0.9846112 0.06043928 -0.9981719 -4.44595e-5 0.06048274 -0.9981693 8.78987e-6 0.06047934 -0.9981695 1.43941e-5 0.06047135 -0.99817 -1.83845e-5 0.06049931 -0.9981682 -2.15096e-5 0.06049942 -0.9981682 -3.38501e-5 0.06052148 -0.998167 -3.80396e-5 0.06053221 -0.9981663 1.90929e-5 0.06040519 -0.998174 3.52857e-6 0.06039291 -0.9981747 -1.13627e-5 0.06046587 -0.9981703 -1.54895e-5 0.0604614 -0.9981706 3.28622e-6 0.0604602 -0.9981706 0 0.06046283 -0.9981706 -2.98908e-6 0.06046158 -0.9981706 -7.45273e-6 0.06046849 -0.9981702 -1.71948e-5 0.06046909 -0.9981701 -1.27738e-6 0.0604707 -0.9981701 4.54509e-6 0.06046962 -0.9981701 -8.68403e-6 0.06045967 -0.9981707 -2.79704e-6 0.06045979 -0.9981707 0 0.06046938 -0.9981701 1.52144e-5 0.06046986 -0.99817 3.00096e-6 0.0604723 -0.99817 -7.67613e-6 0.06047463 -0.9981698 1.03374e-5 0.06047654 -0.9981697 -7.5274e-6 0.06047594 -0.9981697 9.41553e-6 -0.9551196 -0.0581693 0.2904529 -0.9768751 -0.053433 0.2070263 -0.9918352 -0.06584715 0.1092113 -0.9965115 -0.06233352 0.05549299 -0.9559862 -0.05730515 -0.2877615 -0.9559516 -0.05728006 -0.2878816 -0.9924336 -0.07452368 -0.09757918 -0.9775593 -0.0447939 -0.2058436 -0.997094 -0.05822694 -0.04912501 -0.06046891 0.9981701 7.58948e-6 -0.06044822 0.9981713 -1.965e-5 -0.0604611 0.9981706 -3.63211e-5 -0.06050151 0.9981681 -4.45663e-5 -0.06047308 0.9981698 -4.53446e-5 -0.06047171 0.99817 2.42788e-5 -0.06044697 0.9981715 2.61043e-5 -0.06044298 0.9981717 -1.72467e-6 -0.06049841 0.9981684 7.7544e-6 -0.06048899 0.998169 -5.53731e-6 -0.06048417 0.9981693 2.22355e-5 -0.06048589 0.9981691 1.70043e-5 -0.06046223 0.9981706 7.88009e-6 -0.06046074 0.9981706 1.4197e-5 -0.0604788 0.9981696 1.17596e-5 -0.06047058 0.9981701 2.41555e-5 -0.06046915 0.9981701 -1.87334e-6 -0.06046587 0.9981703 -1.36462e-5 -0.0604664 0.9981703 -7.05212e-6 -0.06045365 0.998171 2.12845e-5 -0.06048864 0.9981689 2.64575e-5 -0.06046986 0.9981701 -4.16097e-6 -0.06046968 0.9981701 2.65272e-6 -0.06047064 0.99817 -1.52972e-6 -0.06047219 0.99817 8.86925e-6 -0.06046634 0.9981703 6.06898e-5 -0.06046915 0.9981701 -3.92055e-7 -0.2011526 -0.01525443 -0.9794412 -0.2333002 -0.01654541 -0.9722641 -0.5133644 -0.03400844 -0.8574966 -0.5715668 -0.03628855 -0.8197529 -0.7673857 -0.04815852 -0.6393747 -0.810523 -0.04940998 -0.5836191 -0.9353108 -0.05667978 -0.3492583 -0.9579597 -0.05660057 -0.2812645 -0.9980882 -0.05857902 -0.01971238 -0.9970338 -0.05705118 0.05165952 -0.9485256 -0.05365478 0.3121225 -0.9240047 -0.0507245 0.3790017 -0.7915487 -0.04240697 0.609633 -0.7471114 -0.03836286 0.6635909 -0.5451652 -0.02613222 0.8379214 -0.4863842 -0.02133655 0.8734846 -0.2022385 -0.004654288 0.9793253 -0.1704388 -0.002078652 0.9853662 0.06047511 -0.9981698 1.50742e-5 0.06048125 -0.9981694 0 0.06047672 -0.9981696 -1.81397e-5 0.06047195 -0.9981699 7.59166e-6 0.06046515 -0.9981703 -1.24733e-5 0.06047451 -0.9981698 -9.89204e-6 0.06047338 -0.9981698 -1.54444e-5 0.06048512 -0.9981691 -9.34409e-6 0.06048369 -0.9981692 -9.93911e-6 0.06046837 -0.9981701 -1.53399e-5 0.06046521 -0.9981704 3.09608e-5 0.0604701 -0.9981701 1.59788e-5 0.06045651 -0.9981709 -1.1334e-5 0.06045567 -0.9981709 0 0.06048452 -0.9981693 9.96894e-6 0.06048083 -0.9981694 -3.6776e-5 0.06047195 -0.9981699 0 0.06046795 -0.9981702 0 0.06045448 -0.998171 3.34474e-5 0.06047266 -0.99817 0 0.06047242 -0.99817 -1.03773e-5 0.06047075 -0.99817 -2.54138e-5 0.06047177 -0.9981699 1.67379e-5 0.0604676 -0.9981701 0 0.06046921 -0.9981701 -1.4602e-5 0.06046921 -0.9981701 -1.68346e-5 0.06047016 -0.99817 2.19913e-6 0.06047403 -0.9981698 -3.58502e-5 -0.9693513 -0.05893504 0.2385052 -0.9082132 -0.05488508 -0.4148932 -0.9140849 -0.0554766 -0.4017103 -0.9598376 -0.05706506 -0.2746915 -0.9630526 -0.05942082 -0.2626766 -0.9909427 -0.05984109 -0.1202158 -0.9934428 -0.06071132 -0.09687882 -0.9948498 -0.06041878 -0.08138543 -0.9956865 -0.05911445 0.07151103 -0.9963631 -0.06156253 0.05891299 -0.9718452 -0.0585646 0.228226 -4.50151e-6 0.9999998 -6.91634e-4 -4.0041e-6 0.9999998 -7.34397e-4 -3.85382e-6 0.9999998 -7.43036e-4 -3.56399e-6 0.9999998 -6.80636e-4 -4.46225e-6 0.9999997 -7.40111e-4 -5.24637e-6 0.9999998 -7.38212e-4 -1.79128e-6 0.9999998 -7.03986e-4 -3.40293e-5 0.9999998 -6.94605e-4 -6.82373e-6 0.9999998 -7.0439e-4 -1.17312e-5 0.9999998 -7.2175e-4 3.44328e-6 0.9999998 -7.11168e-4 4.60568e-6 0.9999998 -7.28028e-4 6.8304e-6 0.9999998 -7.41358e-4 -2.14636e-6 0.9999998 -7.21306e-4 -3.10731e-5 0.9999998 -7.29261e-4 -1.01234e-5 0.9999997 -7.39056e-4 -1.24683e-4 0.9999998 -7.0719e-4 -1.18034e-4 0.9999998 -7.96161e-4 -2.47774e-6 0.9999998 -7.04798e-4 -4.60801e-6 0.9999998 -7.24935e-4 -4.13219e-6 0.9999998 -7.20649e-4 -2.10074e-6 0.9999998 -7.50458e-4 -0.06046921 0.9981701 0 -0.0604704 0.9981701 -1.14399e-5 -0.0604695 0.9981701 8.71127e-6 -0.06045001 0.9981713 9.33716e-6 -0.0604791 0.9981696 1.81143e-5 -0.060485 0.9981692 0 -0.06046211 0.9981705 1.19265e-5 -0.06046742 0.9981703 0 -0.06046521 0.9981704 0 -0.06048482 0.9981692 0 -0.06049436 0.9981685 -5.33801e-5 -0.06044161 0.9981718 -7.4878e-5 -0.06047302 0.9981698 0 -0.06047338 0.9981698 2.6153e-5 -0.06047338 0.9981699 0 -0.06047374 0.9981698 -2.20014e-5 -0.06046849 0.9981702 5.95545e-6 -0.06048345 0.9981693 7.61721e-5 -0.06047379 0.9981698 -3.67054e-6 -0.06047344 0.9981699 2.52009e-5 -0.0604586 0.9981708 -1.71342e-5 -0.06047564 0.9981697 1.22056e-5 -0.06045216 0.9981711 1.18795e-5 -0.0604791 0.9981695 2.77932e-5 -0.06047976 0.9981695 -1.33889e-5 -0.06046611 0.9981703 -1.77296e-5 -0.06047308 0.9981698 1.7908e-5 -0.06048709 0.998169 9.77292e-6 -0.06047582 0.9981697 3.56541e-6 0.9975027 0.06960117 -0.01200598 0.9975027 0.06960123 -0.01200598 0.9975026 0.06960147 -0.01200598 0.9975026 0.06960147 -0.01200824 -0.1974611 -0.01503384 -0.9801955 -0.2016107 -0.01519167 -0.979348 -0.4956325 -0.03259313 -0.8679206 -0.5138177 -0.03321945 -0.8572561 -0.7406315 -0.04649096 -0.6703013 -0.7677562 -0.04719275 -0.6390018 -0.9198477 -0.05595129 -0.3882651 -0.9355254 -0.05583798 -0.3488188 -0.9975683 -0.05849617 -0.03789335 -0.9981301 -0.05801999 -0.01923447 -0.9473136 -0.05308896 0.3158775 -0.9484093 -0.05325388 0.3125443 -0.7804836 -0.04101788 0.6238293 -0.7912712 -0.04216229 0.6100102 -0.5074493 -0.0229054 0.8613772 -0.544767 -0.02644002 0.8381706 -0.1692196 -0.001149833 0.9855778 -0.201779 -0.004035234 0.9794228 0.1139965 -0.001301884 -0.9934804 0.07896631 -0.002374112 -0.9968745 0.08117449 -0.004070937 -0.9966916 0.07432377 -0.006726324 -0.9972115 0.09308892 0.005390584 -0.9956433 0.08576589 0.002026677 -0.9963133 0.09666776 -0.001195371 -0.995316 0.09461426 -5.51516e-4 -0.9955139 0.1055918 -0.002412497 -0.9944067 0.09843373 -0.005159616 -0.9951303 0.1173503 0.007124006 -0.9930651 0.1094283 0.003463625 -0.9939887 0.1196562 3.95717e-4 -0.9928154 0.1176383 0.001037597 -0.9930561 0.1294761 -6.4982e-4 -0.9915824 0.09398156 -5.03942e-4 -0.9955739 0.09914427 -0.001763522 -0.9950716 0.1013245 5.60485e-4 -0.9948533 0.1035555 -6.81074e-4 -0.9946236 0.1052223 -0.001917779 -0.9944469 0.1057929 0.008351266 -0.9943531 0.1139377 -0.0328589 -0.9929444 0.1152154 -0.001724421 -0.9933391 0.08147948 -0.00400573 -0.996667 0.1147769 -0.001955509 -0.9933894 0.1149927 -0.001873731 -0.9933646 0.1152043 -0.001791357 -0.9933403 0.1059163 -0.002364158 -0.9943723 0.07659626 -0.001008331 -0.9970617 0.07510095 -0.002658009 -0.9971725 0.08082515 -0.002307474 -0.9967256 0.06845051 -0.004948735 -0.9976423 0.07030779 -0.002274274 -0.9975228 0.06127035 5.41055e-4 -0.9981211 0.05240362 -0.004093408 -0.9986176 0.05324006 -0.003630697 -0.9985752 0.06783169 -0.004122734 -0.9976883 0.06521129 -0.004624426 -0.9978609 0.06649136 -0.005141258 -0.9977738 0.07593524 -0.008679449 -0.997075 0.1139048 -0.002152204 -0.9934894 0.1143535 -0.00205177 -0.9934381 0.121393 -0.003614544 -0.9925979 0.1402322 0.008778452 -0.9900798 0.131779 0.004822611 -0.9912675 0.1397924 0.001800358 -0.9901792 0.1416059 0.001066088 -0.9899225 0.1411783 9.80387e-4 -0.9899838 0.1579552 8.27905e-4 -0.987446 0.1588429 0.001352787 -0.987303 0.1182264 9.99543e-4 -0.9929863 0.1226194 -3.68405e-5 -0.9924538 0.1247853 0.001990139 -0.9921818 0.1269463 9.29284e-4 -0.9919092 0.1293408 -6.30244e-4 -0.9916 0.1299591 -4.96815e-4 -0.9915193 0.1587218 0.001284003 -0.9873226 0.1584499 0.001208841 -0.9873663 0.1388086 -0.004186868 -0.9903104 0.1148477 -0.001552939 -0.9933819 0.11504 -0.001605927 -0.9933596 0.07749861 0.01864904 0.996818 0.09101235 0.01217186 0.9957754 0.08637136 0.01363486 0.9961698 0.09406363 0.01700025 0.9954211 0.09297114 0.01650011 0.9955322 0.09117853 0.01613581 0.9957038 0.06453716 0.01405173 0.9978165 0.06314367 0.01253682 0.9979258 0.0638796 0.01816427 0.9977924 0.07235199 0.01135957 0.9973145 0.06491005 0.01512122 0.9977766 0.06389695 0.01183885 0.9978864 0.06075215 0.01258611 0.9980736 0.06277012 0.01221412 0.9979533 0.06967955 0.01294171 0.9974855 0.07492852 0.01535201 0.9970708 0.1151682 0.015706 0.9932219 0.124986 0.01627379 0.9920251 0.1242592 0.01909607 0.992066 0.125373 0.01643943 0.9919735 0.09552752 0.02017337 0.9952224 0.1105071 0.01301389 0.9937902 0.09684056 0.01730871 0.9951494 0.1094903 0.01507198 0.9938736 0.1092716 0.01500874 0.9938987 0.1091492 0.01500213 0.9939122 0.1053356 0.01479178 0.9943267 0.1170122 0.01749199 0.9929764 0.1185815 0.01867675 0.9927687 0.1081836 0.015634 0.994008 0.1121996 0.01466733 0.9935775 0.1121238 0.01506263 0.9935801 0.1121333 0.01503658 0.9935795 0.1121675 0.0148648 0.9935781 0.1083828 0.01577001 0.9939842 0.108599 0.01588284 0.9939588 0.1106728 0.01727789 0.9937068 0.1088964 0.01645839 0.9939169 0.1094683 0.01670777 0.9938499 0.1096898 0.0167874 0.9938241 0.1106841 0.01730674 0.993705 0.1143076 0.0189681 0.9932644 0.1328116 0.01689767 0.9909973 0.1313264 0.0200268 0.991137 0.1431729 0.01959574 0.9895037 0.1304626 0.02760738 0.9910688 0.1445573 0.02180713 0.9892562 0.112255 0.01445466 0.9935743 0.1114919 0.0178076 0.9936058 0.1148195 0.01905983 0.9932036 0.1201606 0.02019393 0.9925491 0.09756368 0.01617842 0.9950978 0.09833729 -0.003874182 0.9951457 0.09991049 0.02459907 0.9946924 0.1048628 -6.1617e-5 0.9944867 0.1056008 0.01916491 0.994224 0.1056101 0.01922106 0.9942219 0.1006819 0.0189284 0.9947386 0.1005251 0.01894253 0.9947542 0.0990566 0.0173676 0.9949303 0.1218255 0.01849395 0.9923793 0.1186246 0.01872062 0.9927627 0.1305283 0.01942592 0.9912543 0.1205902 0.0203343 0.9924942 0.1446911 0.02175545 0.9892378 0.1450056 0.02171611 0.9891925 0.1264104 0.02393913 0.9916892 0.1059558 0.01935243 0.9941826 0.105773 0.01928395 0.9942034 0.06720799 0.01648199 0.9976029 0.06926488 0.0164631 0.9974625 0.0697174 0.01672399 0.9974266 0.08123075 0.01745957 0.9965424 0.06981539 0.01677727 0.9974189 0.07004779 0.01684093 0.9974015 0.0983265 0.01620262 0.9950224 0.09678125 0.01828825 0.9951376 0.1048445 0.01933348 0.9943007 0.1057509 0.01906907 0.9942098 0.08631366 0.02120029 0.9960424 0.1058995 0.01902794 0.9941949 0.08162409 0.01758295 0.9965081 0.08183985 0.01756358 0.9964907 0.0804547 0.01611924 0.9966279 0.0789569 0.01494443 0.996766 0.0768277 0.01652723 0.9969074 0.07253086 0.01485419 0.9972556 -0.06047594 0.9981697 -3.83078e-6 -0.06048035 0.9981694 0 -0.06046551 0.9981703 9.30509e-6 -0.06047427 0.9981698 0 -0.06048446 0.9981693 9.25751e-6 -0.06047564 0.9981698 0 -0.06048715 0.9981691 1.55137e-5 -0.06047463 0.9981698 0 -0.06048101 0.9981694 -5.57958e-5 -0.0604614 0.9981706 1.86277e-5 0.9980989 0.06045299 -0.01200956 0.9980987 0.06045472 -0.01200968 0.06047785 -0.9981696 -3.83865e-6 0.06047481 -0.9981698 0 0.06046289 -0.9981705 -3.68732e-5 0.06047493 -0.9981697 1.77072e-5 0.06048363 -0.9981692 -9.20703e-6 0.06047892 -0.9981695 0 0.06046515 -0.9981704 -1.65809e-5 0.06047481 -0.9981697 0 0.0604816 -0.9981694 -6.58828e-5 0.06046557 -0.9981704 3.77854e-5 -0.9980975 -0.06047356 0.01200938 -0.9980975 -0.06047445 0.01200979 -0.06047707 0.9981697 1.82775e-6 -0.0604729 0.9981698 0 -0.06046277 0.9981705 -9.31345e-6 -0.0604735 0.9981699 6.69473e-6 -0.06048792 0.998169 -9.26748e-6 -0.06047618 0.9981697 1.36773e-6 -0.06047552 0.9981697 -4.75084e-6 -0.06047493 0.9981697 0 -0.06046456 0.9981704 4.64604e-5 -0.06048488 0.9981691 -1.39475e-5 0.9980989 0.06045216 -0.01200962 0.9980987 0.06045389 -0.0120095 0.06047421 -0.9981698 -1.83131e-6 0.06048035 -0.9981694 1.55456e-5 0.06048494 -0.9981692 -4.60216e-6 0.06047654 -0.9981697 -8.84442e-6 0.0604611 -0.9981706 1.38016e-5 0.06047558 -0.9981697 0 0.06047546 -0.9981697 4.5349e-6 0.06047439 -0.9981698 0 0.06048369 -0.9981692 -3.76802e-5 0.06046259 -0.9981705 4.72685e-6 -0.9980987 -0.06045496 0.0120095 -0.9980989 -0.06045347 0.01200973 -0.06047558 0.9981697 0 -0.06047552 0.9981698 0 -0.06045532 0.9981709 -2.24283e-5 -0.0604729 0.9981699 1.94022e-5 -0.06049728 0.9981685 -1.85528e-5 -0.06047558 0.9981697 0 -0.0604757 0.9981697 1.76213e-7 -0.06047481 0.9981698 -1.11378e-6 -0.0604794 0.9981695 -1.85666e-5 -0.0604676 0.9981703 9.28215e-6 0.9980988 0.06045359 -0.01200962 0.9980988 0.06045365 -0.01200962 0.06047564 -0.9981698 2.18811e-7 0.06047558 -0.9981698 0 0.06046742 -0.9981703 -8.61546e-6 0.06047415 -0.9981698 6.90164e-6 0.06048214 -0.9981694 -6.32039e-6 0.0604757 -0.9981697 -1.65029e-7 0.06047564 -0.9981697 -2.04248e-7 0.06047481 -0.9981697 -5.65824e-7 0.06045526 -0.9981709 7.9542e-5 0.06049847 -0.9981684 -2.71972e-5 -0.9980989 -0.06045329 0.01200938 -0.9980988 -0.06045424 0.01200997 -0.06047648 0.9981697 0 -0.06047374 0.9981699 -1.11035e-5 -0.06047111 0.99817 -4.66345e-6 -0.06046944 0.9981701 -4.46974e-6 -0.06048047 0.9981695 -2.78527e-5 -0.06045204 0.9981711 -1.27193e-6 -0.06045466 0.998171 1.5008e-6 -0.06047081 0.99817 1.77951e-5 -0.06047528 0.9981698 0 -0.06047129 0.99817 9.26518e-6 0.9980975 0.06047457 -0.01200938 0.9980975 0.06047463 -0.01200956 0.06045132 -0.9981712 0 0.0604543 -0.998171 0 0.06046837 -0.9981702 2.29363e-5 0.06046664 -0.9981702 8.82267e-6 0.06047397 -0.9981698 4.59198e-6 0.06047689 -0.9981697 0 0.06047576 -0.9981697 -4.27148e-6 0.06046789 -0.9981702 -1.13234e-5 0.06047475 -0.9981697 -3.30161e-5 0.06046754 -0.9981702 -1.41975e-5 -0.9980984 -0.06045961 0.01200973 -0.9980987 -0.06045401 0.01200932 -0.06048238 0.9981694 0 -0.06047773 0.9981696 -2.10581e-6 -0.06047427 0.9981698 0 -0.06047147 0.99817 2.6652e-5 -0.06045418 0.998171 -6.72042e-6 -0.06045043 0.9981712 -2.53412e-6 -0.06047546 0.9981698 0 -0.06047016 0.99817 -2.68248e-5 0.9980976 0.06047391 -0.01200932 0.9980974 0.06047606 -0.01200938 0.0604487 -0.9981713 0 0.06045538 -0.9981709 9.04091e-7 0.06047224 -0.99817 -1.89018e-5 0.06046909 -0.9981701 9.06348e-6 0.06047326 -0.9981698 -1.34407e-5 0.060476 -0.9981697 1.9995e-6 0.06047356 -0.9981699 0 0.06046587 -0.9981703 1.75991e-5 -0.9980974 -0.06047683 0.01200938 -0.9980973 -0.06047785 0.01200968 -0.06047654 0.9981697 0 -0.06047081 0.99817 2.88923e-6 -0.06047397 0.9981698 -3.69336e-5 -0.06047022 0.99817 1.77392e-5 -0.0604543 0.998171 0 -0.06045454 0.998171 -2.97027e-7 -0.06047445 0.9981697 -1.86399e-5 -0.06046879 0.9981701 -1.78925e-5 0.9980975 0.06047362 -0.01200985 0.9980974 0.06047546 -0.01200991 0.06044667 -0.9981715 -1.72442e-5 0.06045436 -0.998171 6.17418e-6 0.06047177 -0.99817 -1.89099e-5 0.0604695 -0.9981701 -1.81346e-5 0.06047952 -0.9981695 0 0.06047797 -0.9981696 2.23086e-6 0.06047421 -0.9981698 0 0.06046587 -0.9981703 3.51447e-5 -0.9980977 -0.06047296 0.01200956 -0.9980975 -0.06047457 0.01200985 -0.9980976 -0.06047296 0.01200956 -0.9980975 -0.06047457 0.0120095 0.1409415 0.008539617 -0.9899811 0.1409415 0.008539617 -0.9899811 0.9980977 0.06047213 -0.01200902 0.9980975 0.06047463 -0.01200902 0.07280987 0.00441122 0.9973361 0.07280957 0.004411399 0.9973362 -0.9980976 -0.06047368 0.01201003 -0.9980975 -0.06047344 0.01200968 0.1296537 0.007855415 -0.9915283 0.1296527 0.007855594 -0.9915284 0.9980976 0.06047344 -0.01200926 0.9980975 0.06047433 -0.01200979 0.08203893 0.00497055 0.9966168 0.0820384 0.004970371 0.9966168 0.9980987 0.06045389 -0.01200914 0.9980987 0.06045597 -0.01200973 0.09111416 0.005520403 0.9958252 0.09111446 0.005520522 0.9958252 0.09183079 0.005563795 0.9957591 0.09182912 0.005562186 0.9957593 -0.9980977 -0.06047153 0.01200962 -0.9980974 -0.06047606 0.01200985 0.1186433 0.007185757 -0.992911 0.1186431 0.007185935 -0.9929111 0.1174125 0.00711131 -0.9930578 0.1174092 0.007113873 -0.9930582 -0.06047779 0.9981696 0 -0.06046319 0.9981704 -5.15684e-5 -0.06047165 0.99817 0 -0.06047379 0.9981698 0 -0.06048154 0.9981694 -1.84939e-5 -0.06047224 0.9981699 -5.91279e-6 -0.06047654 0.9981697 3.28319e-5 -0.06047463 0.9981698 8.94184e-6 -0.0604614 0.9981706 7.44368e-5 -0.06048691 0.998169 -1.86581e-5 0.9980975 0.06047326 -0.0120095 0.9980976 0.06047368 -0.01200962 0.06047439 -0.9981698 -8.06202e-6 0.06049156 -0.9981687 5.15681e-5 0.06048691 -0.998169 1.84629e-5 0.06047618 -0.9981697 -2.65847e-5 0.06045722 -0.9981709 1.84225e-5 0.06047445 -0.9981697 -5.92301e-6 0.06047123 -0.99817 -1.22165e-5 0.06047469 -0.9981698 0 0.06047737 -0.9981696 0 0.06047278 -0.9981699 0 -0.9980975 -0.06047511 0.0120092 -0.9980975 -0.06047427 0.0120092 0.9980989 0.0604521 -0.01200973 0.9980987 0.06045389 -0.01200973 0.1007258 0.006101012 0.9948955 0.100728 0.006103157 0.9948953 0.1015085 0.006150543 0.9948157 0.1015062 0.006148219 0.9948159 -0.9980986 -0.06045591 0.01200968 -0.9980988 -0.06045269 0.01200968 0.1066583 0.006460189 -0.9942747 0.1066584 0.006459951 -0.9942747 0.1054616 0.006387531 -0.994403 0.1054615 0.006387591 -0.9944028 0.9980975 0.06047427 -0.01201057 0.9980976 0.06047415 -0.01201099 0.1105473 0.006695866 0.9938484 0.1105499 0.006697952 0.993848 0.1114014 0.006749629 0.9937526 0.111401 0.006749689 0.9937526 -0.9980988 -0.06045401 0.01200973 -0.9980987 -0.0604549 0.01200973 0.09431535 0.005714535 -0.995526 0.09431576 0.005714654 -0.995526 0.09315586 0.005644321 -0.9956356 0.0931586 0.005642533 -0.9956353 0.9980976 0.06047344 -0.01200824 0.9980977 0.06047272 -0.01200824 0.1205868 0.007304012 0.992676 0.1205896 0.007306396 0.9926756 0.1215178 0.007362484 0.9925621 0.1215171 0.007362544 0.9925621 -0.9980988 -0.06045389 0.01200926 -0.9980989 -0.06045275 0.01200813 0.08160722 0.004944682 -0.9966523 0.08161002 0.004942834 -0.9966521 0.08049297 0.004875242 -0.9967433 0.08049267 0.004875242 -0.9967433 0.9980975 0.06047403 -0.01201099 0.9980976 0.06047344 -0.01201099 0.1308552 0.007928252 0.9913698 0.1308522 0.007925629 0.9913703 0.1318539 0.007986366 0.9912371 0.131859 0.007989168 0.9912363 -0.9980975 -0.06047421 0.01201027 -0.9980976 -0.06047391 0.01200896 0.06852602 0.004151999 -0.9976407 0.06852579 0.004151999 -0.9976407 0.0674538 0.004086971 -0.9977141 0.06745523 0.00408709 -0.9977139 -0.0604757 0.9981697 0 -0.06047469 0.9981698 3.84392e-7 -0.9980987 -0.06045562 0.01201057 -0.9980987 -0.06045508 0.01200902 0.06046825 -0.9981702 1.78913e-5 0.06046849 -0.9981702 2.4475e-7 0.9980987 0.0604549 -0.01200985 0.9980987 0.06045472 -0.01200932</float_array>
          <technique_common>
            <accessor source="#Right_aileron-mesh-normals-array" count="1355" stride="3">
              <param name="X" type="float"/>
              <param name="Y" type="float"/>
              <param name="Z" type="float"/>
            </accessor>
          </technique_common>
        </source>
        <vertices id="Right_aileron-mesh-vertices">
          <input semantic="POSITION" source="#Right_aileron-mesh-positions"/>
        </vertices>
        <triangles material="Material_001-material" count="1362">
          <input semantic="VERTEX" source="#Right_aileron-mesh-vertices" offset="0"/>
          <input semantic="NORMAL" source="#Right_aileron-mesh-normals" offset="1"/>
          <p>0 0 1 0 2 0 3 1 4 1 5 1 5 2 4 2 6 2 5 3 6 3 7 3 8 4 9 4 10 4 10 5 9 5 11 5 10 6 11 6 12 6 12 7 11 7 13 7 12 8 13 8 14 8 14 9 13 9 15 9 14 10 15 10 9 10 16 11 2 11 17 11 17 12 2 12 18 12 17 13 18 13 19 13 19 14 18 14 20 14 21 15 22 15 16 15 16 16 22 16 7 16 16 17 7 17 2 17 2 18 7 18 6 18 2 19 6 19 0 19 8 20 18 20 9 20 9 21 18 21 2 21 9 22 2 22 14 22 14 23 2 23 1 23 14 24 1 24 23 24 10 25 12 25 24 25 10 26 24 26 25 26 25 27 24 27 26 27 25 28 26 28 27 28 27 29 26 29 28 29 27 30 28 30 29 30 29 31 28 31 30 31 29 32 30 32 31 32 31 33 30 33 32 33 31 34 32 34 33 34 33 35 32 35 34 35 33 36 34 36 35 36 35 37 34 37 36 37 35 38 36 38 37 38 37 39 36 39 38 39 37 40 38 40 39 40 39 41 38 41 40 41 40 42 38 42 41 42 40 43 41 43 42 43 43 44 23 44 44 44 44 45 23 45 1 45 44 46 1 46 45 46 45 47 1 47 0 47 19 48 20 48 46 48 19 49 46 49 47 49 48 50 49 50 50 50 50 51 49 51 51 51 50 52 51 52 52 52 52 53 51 53 53 53 52 54 53 54 54 54 54 55 53 55 55 55 54 56 55 56 56 56 56 57 55 57 47 57 56 58 47 58 57 58 57 59 47 59 46 59 58 60 59 60 48 60 48 61 59 61 60 61 48 62 60 62 49 62 58 63 61 63 59 63 59 64 61 64 62 64 59 65 62 65 63 65 63 66 62 66 64 66 64 67 62 67 65 67 64 68 65 68 66 68 22 69 21 69 67 69 22 70 67 70 68 70 67 71 69 71 68 71 68 72 69 72 70 72 68 73 70 73 71 73 71 74 70 74 72 74 71 75 72 75 73 75 73 76 72 76 74 76 73 77 74 77 75 77 74 78 76 78 75 78 75 79 76 79 77 79 75 80 77 80 78 80 78 81 77 81 79 81 78 82 79 82 80 82 80 83 79 83 81 83 80 84 81 84 82 84 81 85 83 85 82 85 82 86 83 86 84 86 82 87 84 87 85 87 85 88 84 88 86 88 86 89 87 89 85 89 85 90 87 90 88 90 85 91 88 91 89 91 90 92 66 92 65 92 42 93 41 93 91 93 91 94 41 94 92 94 91 95 92 95 93 95 93 96 92 96 94 96 95 97 96 97 97 97 97 98 98 98 95 98 95 99 98 99 99 99 95 100 99 100 94 100 65 101 93 101 90 101 90 102 93 102 94 102 90 103 94 103 100 103 100 104 94 104 99 104 100 105 99 105 88 105 88 106 99 106 89 106 92 107 43 107 94 107 94 108 43 108 44 108 94 109 44 109 95 109 95 110 44 110 45 110 101 111 102 111 96 111 96 112 102 112 103 112 96 113 103 113 97 113 101 114 104 114 102 114 102 115 104 115 105 115 102 116 105 116 106 116 106 117 105 117 107 117 106 118 107 118 108 118 108 119 107 119 109 119 108 120 109 120 110 120 110 121 109 121 111 121 110 122 111 122 112 122 112 123 111 123 113 123 112 124 113 124 114 124 114 125 113 125 115 125 115 126 113 126 116 126 115 127 116 127 117 127 117 128 116 128 118 128 118 129 116 129 119 129 118 130 119 130 120 130 120 131 119 131 4 131 120 132 4 132 3 132 95 133 121 133 96 133 96 134 121 134 122 134 96 135 122 135 101 135 101 136 122 136 123 136 124 137 6 137 125 137 125 138 6 138 4 138 125 139 4 139 126 139 127 140 105 140 123 140 123 141 105 141 104 141 123 142 104 142 101 142 95 143 45 143 0 143 124 144 128 144 6 144 6 145 128 145 129 145 6 146 129 146 0 146 0 147 129 147 130 147 0 148 130 148 95 148 95 149 130 149 131 149 95 150 131 150 121 150 126 151 4 151 132 151 132 152 4 152 119 152 132 153 119 153 133 153 133 154 119 154 116 154 133 155 116 155 134 155 134 156 116 156 113 156 134 157 113 157 135 157 135 158 113 158 111 158 135 159 111 159 136 159 136 160 111 160 109 160 136 161 109 161 127 161 127 162 109 162 107 162 127 163 107 163 105 163 137 164 138 164 38 164 38 165 138 165 41 165 14 166 139 166 12 166 12 167 139 167 140 167 12 168 140 168 24 168 24 169 140 169 141 169 24 170 141 170 26 170 138 171 142 171 41 171 41 172 142 172 143 172 41 173 143 173 92 173 92 174 143 174 144 174 26 175 141 175 28 175 28 176 141 176 145 176 28 177 145 177 30 177 30 178 145 178 146 178 30 179 146 179 32 179 38 180 36 180 137 180 137 181 36 181 34 181 137 182 34 182 147 182 147 183 34 183 32 183 147 184 32 184 148 184 148 185 32 185 146 185 14 186 23 186 43 186 144 187 149 187 92 187 92 188 149 188 150 188 92 189 150 189 43 189 43 190 150 190 151 190 43 191 151 191 14 191 14 192 151 192 152 192 14 193 152 193 139 193 153 194 154 194 73 194 155 195 156 195 157 195 157 196 156 196 158 196 157 197 158 197 159 197 159 198 158 198 160 198 159 199 160 199 161 199 161 200 160 200 7 200 161 201 7 201 162 201 162 202 7 202 22 202 162 203 22 203 163 203 163 204 22 204 68 204 163 205 68 205 154 205 154 206 68 206 71 206 154 207 71 207 73 207 164 208 99 208 165 208 165 209 99 209 166 209 165 210 166 210 155 210 155 211 166 211 167 211 155 212 167 212 156 212 168 213 85 213 164 213 164 214 85 214 89 214 164 215 89 215 99 215 73 216 75 216 153 216 153 217 75 217 78 217 153 218 78 218 169 218 169 219 78 219 80 219 169 220 80 220 168 220 168 221 80 221 82 221 168 222 82 222 85 222 170 223 171 223 172 223 172 224 171 224 173 224 172 225 173 225 174 225 175 226 114 226 115 226 115 227 117 227 175 227 175 228 117 228 118 228 175 229 118 229 176 229 176 230 118 230 120 230 176 231 120 231 177 231 177 232 120 232 3 232 177 233 3 233 178 233 178 234 3 234 5 234 178 235 5 235 179 235 179 236 5 236 180 236 179 237 180 237 170 237 170 238 180 238 181 238 170 239 181 239 171 239 114 240 175 240 112 240 112 241 175 241 182 241 112 242 182 242 110 242 110 243 182 243 183 243 110 244 183 244 108 244 108 245 183 245 184 245 108 246 184 246 106 246 185 247 103 247 184 247 184 248 103 248 102 248 184 249 102 249 106 249 173 250 186 250 174 250 174 251 186 251 98 251 174 252 98 252 185 252 185 253 98 253 97 253 185 254 97 254 103 254 173 255 167 255 186 255 186 256 167 256 166 256 186 257 166 257 98 257 98 258 166 258 99 258 5 259 7 259 180 259 180 260 7 260 160 260 156 261 167 261 173 261 181 262 180 262 160 262 160 263 158 263 181 263 181 264 158 264 156 264 181 265 156 265 171 265 171 266 156 266 173 266 187 267 67 267 188 267 188 268 67 268 21 268 188 269 21 269 189 269 189 270 21 270 16 270 189 271 16 271 190 271 191 272 70 272 187 272 187 273 70 273 69 273 187 274 69 274 67 274 192 275 74 275 191 275 191 276 74 276 72 276 191 277 72 277 70 277 81 278 79 278 193 278 193 279 79 279 77 279 193 280 77 280 192 280 192 281 77 281 76 281 192 282 76 282 74 282 16 283 194 283 190 283 190 284 194 284 195 284 190 285 195 285 196 285 196 286 195 286 197 286 196 287 197 287 198 287 197 288 199 288 198 288 198 289 199 289 200 289 198 290 200 290 201 290 201 291 200 291 100 291 201 292 100 292 202 292 81 293 193 293 83 293 83 294 193 294 203 294 83 295 203 295 84 295 100 296 88 296 202 296 202 297 88 297 87 297 202 298 87 298 203 298 203 299 87 299 86 299 203 300 86 300 84 300 16 301 17 301 204 301 16 302 204 302 194 302 194 303 204 303 205 303 194 304 205 304 195 304 195 305 205 305 206 305 195 306 206 306 197 306 197 307 206 307 207 307 197 308 207 308 199 308 199 309 207 309 208 309 199 310 208 310 200 310 200 311 208 311 90 311 200 312 90 312 100 312 209 313 64 313 210 313 210 314 64 314 66 314 210 315 66 315 211 315 212 316 59 316 209 316 209 317 59 317 63 317 209 318 63 318 64 318 213 319 51 319 214 319 214 320 51 320 49 320 214 321 49 321 212 321 212 322 49 322 60 322 212 323 60 323 59 323 215 324 55 324 213 324 213 325 55 325 53 325 213 326 53 326 51 326 216 327 205 327 217 327 217 328 205 328 204 328 217 329 204 329 218 329 218 330 204 330 17 330 218 331 17 331 219 331 219 332 17 332 19 332 219 333 19 333 215 333 215 334 19 334 47 334 215 335 47 335 55 335 66 336 90 336 211 336 211 337 90 337 208 337 211 338 208 338 220 338 220 339 208 339 207 339 220 340 207 340 216 340 216 341 207 341 206 341 216 342 206 342 205 342 18 343 8 343 221 343 18 344 221 344 222 344 222 345 221 345 223 345 222 346 223 346 224 346 225 347 31 347 226 347 226 348 31 348 33 348 226 349 33 349 227 349 8 350 228 350 229 350 230 351 223 351 229 351 229 352 223 352 221 352 229 353 221 353 8 353 231 354 232 354 233 354 233 355 232 355 234 355 233 356 234 356 230 356 230 357 234 357 235 357 230 358 235 358 223 358 236 359 40 359 237 359 237 360 40 360 42 360 237 361 42 361 238 361 238 362 42 362 91 362 238 363 91 363 231 363 231 364 91 364 239 364 231 365 239 365 232 365 8 366 10 366 228 366 228 367 10 367 25 367 228 368 25 368 240 368 240 369 25 369 27 369 240 370 27 370 225 370 225 371 27 371 29 371 225 372 29 372 31 372 33 373 35 373 227 373 227 374 35 374 37 374 227 375 37 375 236 375 236 376 37 376 39 376 236 377 39 377 40 377 224 378 223 378 235 378 224 379 235 379 241 379 241 380 235 380 234 380 241 381 234 381 242 381 242 382 234 382 232 382 242 383 232 383 243 383 243 384 232 384 239 384 243 385 239 385 244 385 244 386 239 386 91 386 244 387 91 387 93 387 245 388 246 388 54 388 54 389 246 389 52 389 20 390 18 390 247 390 247 391 18 391 248 391 18 392 222 392 248 392 248 393 222 393 224 393 248 394 224 394 249 394 249 395 224 395 241 395 249 396 241 396 250 396 52 397 246 397 50 397 50 398 246 398 251 398 50 399 251 399 48 399 48 400 251 400 252 400 48 401 252 401 58 401 54 402 56 402 245 402 245 403 56 403 57 403 245 404 57 404 247 404 247 405 57 405 46 405 247 406 46 406 20 406 241 407 242 407 250 407 250 408 242 408 243 408 250 409 243 409 253 409 253 410 243 410 244 410 253 411 244 411 254 411 254 412 244 412 93 412 254 413 93 413 255 413 255 414 93 414 65 414 255 415 65 415 256 415 256 416 65 416 62 416 256 417 62 417 252 417 252 418 62 418 61 418 252 419 61 419 58 419 257 420 258 420 259 420 260 421 261 421 262 421 260 422 262 422 263 422 264 423 265 423 262 423 262 424 265 424 266 424 262 425 266 425 263 425 267 426 268 426 262 426 262 427 268 427 269 427 262 428 269 428 264 428 261 429 270 429 262 429 262 430 270 430 271 430 262 431 271 431 272 431 272 432 271 432 273 432 272 433 273 433 274 433 267 434 262 434 259 434 259 435 262 435 272 435 259 436 272 436 257 436 257 437 272 437 274 437 257 438 274 438 275 438 258 439 257 439 162 439 162 440 257 440 275 440 162 441 275 441 161 441 161 442 275 442 276 442 161 443 276 443 159 443 159 444 276 444 277 444 159 445 277 445 157 445 157 446 277 446 278 446 157 447 278 447 155 447 155 448 278 448 279 448 155 449 279 449 165 449 165 450 279 450 280 450 165 451 280 451 164 451 164 452 280 452 281 452 164 453 281 453 168 453 168 454 281 454 282 454 168 455 282 455 169 455 169 456 282 456 283 456 169 457 283 457 153 457 153 458 283 458 284 458 153 459 284 459 154 459 154 460 284 460 285 460 154 461 285 461 163 461 163 462 285 462 286 462 163 463 286 463 162 463 162 464 286 464 287 464 162 465 287 465 258 465 131 466 288 466 121 466 121 467 288 467 289 467 121 468 289 468 122 468 122 469 289 469 290 469 122 470 290 470 123 470 123 471 290 471 291 471 123 472 291 472 127 472 127 473 291 473 136 473 136 474 291 474 292 474 136 475 292 475 135 475 135 476 292 476 293 476 135 477 293 477 134 477 134 478 293 478 294 478 134 479 294 479 133 479 294 480 295 480 133 480 133 481 295 481 296 481 133 482 296 482 132 482 132 483 296 483 297 483 132 484 297 484 298 484 177 485 299 485 300 485 301 486 302 486 125 486 125 487 302 487 124 487 124 488 302 488 303 488 124 489 303 489 128 489 128 490 303 490 304 490 128 491 304 491 129 491 129 492 304 492 305 492 129 493 305 493 130 493 130 494 305 494 306 494 130 495 306 495 131 495 131 496 306 496 307 496 131 497 307 497 288 497 299 498 177 498 308 498 308 499 177 499 178 499 308 500 178 500 309 500 309 501 178 501 179 501 309 502 179 502 310 502 310 503 179 503 170 503 310 504 170 504 311 504 311 505 170 505 172 505 311 506 172 506 312 506 312 507 172 507 174 507 312 508 174 508 313 508 313 509 174 509 185 509 313 510 185 510 314 510 314 511 185 511 184 511 314 512 184 512 315 512 315 513 184 513 183 513 315 514 183 514 316 514 316 515 183 515 182 515 316 516 182 516 317 516 317 517 182 517 175 517 317 518 175 518 298 518 298 519 175 519 176 519 298 520 176 520 132 520 132 521 176 521 177 521 132 522 177 522 126 522 126 523 177 523 300 523 126 524 300 524 125 524 125 525 300 525 318 525 125 526 318 526 301 526 233 527 319 527 231 527 231 528 319 528 320 528 231 529 320 529 238 529 238 530 320 530 321 530 238 531 321 531 237 531 237 532 321 532 322 532 237 533 322 533 236 533 236 534 322 534 323 534 236 535 323 535 227 535 227 455 323 455 324 455 227 536 324 536 226 536 226 537 324 537 325 537 226 538 325 538 225 538 225 539 325 539 326 539 225 540 326 540 240 540 240 541 326 541 327 541 240 542 327 542 228 542 228 543 327 543 328 543 228 544 328 544 229 544 229 545 328 545 329 545 229 546 329 546 230 546 230 547 329 547 330 547 230 548 330 548 233 548 233 549 330 549 319 549 331 550 250 550 332 550 332 551 250 551 253 551 332 552 253 552 333 552 333 553 253 553 254 553 333 554 254 554 334 554 334 555 254 555 255 555 334 556 255 556 335 556 335 557 255 557 256 557 335 558 256 558 336 558 336 535 256 535 252 535 336 559 252 559 337 559 337 560 252 560 251 560 337 561 251 561 338 561 338 562 251 562 246 562 338 563 246 563 339 563 339 541 246 541 245 541 339 542 245 542 340 542 340 564 245 564 247 564 340 565 247 565 341 565 341 545 247 545 248 545 341 546 248 546 342 546 342 566 248 566 249 566 342 567 249 567 331 567 331 568 249 568 250 568 216 569 343 569 220 569 220 570 343 570 344 570 220 571 344 571 211 571 211 572 344 572 345 572 211 573 345 573 210 573 210 574 345 574 346 574 210 575 346 575 209 575 209 576 346 576 347 576 209 577 347 577 212 577 212 578 347 578 348 578 212 579 348 579 214 579 214 580 348 580 349 580 214 581 349 581 213 581 213 582 349 582 350 582 213 583 350 583 215 583 215 584 350 584 351 584 215 585 351 585 219 585 219 586 351 586 352 586 219 587 352 587 218 587 218 588 352 588 353 588 218 589 353 589 217 589 217 590 353 590 354 590 217 591 354 591 216 591 216 592 354 592 343 592 355 593 196 593 356 593 356 594 196 594 198 594 356 595 198 595 357 595 357 596 198 596 201 596 357 597 201 597 358 597 358 598 201 598 202 598 358 599 202 599 359 599 359 600 202 600 203 600 359 601 203 601 360 601 360 602 203 602 193 602 360 603 193 603 361 603 361 604 193 604 192 604 361 605 192 605 362 605 362 606 192 606 191 606 362 607 191 607 363 607 363 608 191 608 187 608 363 609 187 609 364 609 364 610 187 610 188 610 364 611 188 611 365 611 365 612 188 612 189 612 365 613 189 613 366 613 366 614 189 614 190 614 366 615 190 615 355 615 355 616 190 616 196 616 367 617 143 617 368 617 368 618 143 618 142 618 368 619 142 619 369 619 369 620 142 620 138 620 369 621 138 621 370 621 370 622 138 622 137 622 370 623 137 623 371 623 371 624 137 624 372 624 372 473 137 473 147 473 372 625 147 625 373 625 373 626 147 626 148 626 373 627 148 627 374 627 374 628 148 628 146 628 374 629 146 629 375 629 146 630 145 630 375 630 375 631 145 631 141 631 375 632 141 632 376 632 376 633 141 633 140 633 376 634 140 634 377 634 377 635 140 635 139 635 377 636 139 636 378 636 378 637 139 637 152 637 378 638 152 638 379 638 379 639 152 639 380 639 380 640 152 640 151 640 380 641 151 641 381 641 381 642 151 642 150 642 381 643 150 643 382 643 382 644 150 644 149 644 382 645 149 645 367 645 367 646 149 646 144 646 367 647 144 647 143 647 383 648 384 648 377 648 377 649 384 649 385 649 377 650 385 650 376 650 376 651 385 651 386 651 376 652 386 652 375 652 375 653 386 653 387 653 375 654 387 654 374 654 374 655 387 655 388 655 374 656 388 656 373 656 373 657 388 657 389 657 373 658 389 658 372 658 372 659 389 659 390 659 372 660 390 660 371 660 371 661 390 661 391 661 371 662 391 662 370 662 370 663 391 663 392 663 370 664 392 664 369 664 369 665 392 665 393 665 369 666 393 666 368 666 368 667 393 667 394 667 377 668 378 668 383 668 383 669 378 669 379 669 383 670 379 670 380 670 381 671 382 671 394 671 394 672 382 672 367 672 394 673 367 673 368 673 395 674 396 674 394 674 394 675 396 675 383 675 394 676 383 676 381 676 381 677 383 677 380 677 295 678 294 678 397 678 295 679 398 679 296 679 296 680 398 680 399 680 296 681 399 681 297 681 297 682 399 682 298 682 295 683 397 683 398 683 398 684 397 684 400 684 398 685 400 685 401 685 401 686 400 686 402 686 401 687 402 687 403 687 403 688 402 688 404 688 403 689 404 689 405 689 405 690 404 690 406 690 405 691 406 691 407 691 407 692 406 692 408 692 407 693 408 693 409 693 409 694 408 694 410 694 409 695 410 695 411 695 317 696 298 696 399 696 299 697 308 697 412 697 412 698 308 698 309 698 412 699 309 699 413 699 413 700 309 700 310 700 413 701 310 701 414 701 414 702 310 702 415 702 415 703 310 703 311 703 415 704 311 704 416 704 416 705 311 705 312 705 416 706 312 706 411 706 411 707 312 707 313 707 411 708 313 708 409 708 409 709 313 709 314 709 409 710 314 710 407 710 407 711 314 711 405 711 405 712 314 712 315 712 405 713 315 713 403 713 317 714 399 714 316 714 316 715 399 715 398 715 316 716 398 716 315 716 315 717 398 717 401 717 315 718 401 718 403 718 417 719 412 719 418 719 418 720 412 720 413 720 418 721 413 721 419 721 416 722 420 722 415 722 415 723 420 723 419 723 415 724 419 724 414 724 414 725 419 725 413 725 421 726 258 726 287 726 421 727 287 727 422 727 422 728 287 728 286 728 422 729 286 729 423 729 423 730 286 730 424 730 424 731 286 731 285 731 424 732 285 732 425 732 425 733 285 733 284 733 425 734 284 734 426 734 426 735 284 735 283 735 426 736 283 736 427 736 427 737 283 737 428 737 428 738 283 738 282 738 428 739 282 739 429 739 429 740 282 740 430 740 430 741 282 741 281 741 430 742 281 742 420 742 281 743 280 743 420 743 420 744 280 744 279 744 420 745 279 745 419 745 419 746 279 746 278 746 419 747 278 747 418 747 418 748 278 748 277 748 418 749 277 749 417 749 417 750 277 750 276 750 417 751 276 751 275 751 430 752 431 752 432 752 430 753 432 753 429 753 429 754 432 754 433 754 429 755 433 755 428 755 428 756 433 756 434 756 428 757 434 757 427 757 427 758 434 758 435 758 427 759 435 759 426 759 426 760 435 760 436 760 426 761 436 761 425 761 425 762 436 762 437 762 425 763 437 763 424 763 424 764 437 764 438 764 424 765 438 765 423 765 423 766 438 766 439 766 423 767 439 767 422 767 422 768 439 768 440 768 422 769 440 769 421 769 361 770 435 770 360 770 360 771 435 771 434 771 360 772 434 772 359 772 440 773 439 773 363 773 363 774 439 774 438 774 363 775 438 775 362 775 362 776 438 776 437 776 362 777 437 777 361 777 361 778 437 778 436 778 361 779 436 779 435 779 434 780 433 780 359 780 359 781 433 781 432 781 359 782 432 782 358 782 358 783 432 783 431 783 358 784 431 784 357 784 357 785 431 785 441 785 357 786 441 786 356 786 356 787 441 787 442 787 356 788 442 788 355 788 363 789 364 789 440 789 440 790 364 790 365 790 440 791 365 791 443 791 443 792 365 792 366 792 443 793 366 793 444 793 444 794 366 794 355 794 444 795 355 795 445 795 445 796 355 796 442 796 441 797 446 797 442 797 442 798 446 798 447 798 442 799 447 799 445 799 445 800 447 800 448 800 449 801 450 801 451 801 451 802 450 802 443 802 451 803 443 803 448 803 448 804 443 804 444 804 448 805 444 805 445 805 349 806 452 806 350 806 350 807 452 807 453 807 350 808 453 808 351 808 454 809 455 809 347 809 347 810 455 810 456 810 347 811 456 811 348 811 348 812 456 812 457 812 348 813 457 813 349 813 349 814 457 814 458 814 349 815 458 815 452 815 453 816 459 816 351 816 351 817 459 817 460 817 351 818 460 818 352 818 352 819 460 819 461 819 352 820 461 820 353 820 353 821 461 821 449 821 353 822 449 822 354 822 354 823 449 823 451 823 354 824 451 824 343 824 347 825 346 825 454 825 454 826 346 826 345 826 454 827 345 827 446 827 446 828 345 828 344 828 446 829 344 829 447 829 447 830 344 830 343 830 447 831 343 831 448 831 448 832 343 832 451 832 454 833 462 833 463 833 454 834 463 834 455 834 455 835 463 835 464 835 455 836 464 836 456 836 456 837 464 837 465 837 456 838 465 838 457 838 457 839 465 839 466 839 457 840 466 840 458 840 458 841 466 841 467 841 458 842 467 842 452 842 452 843 467 843 468 843 452 844 468 844 453 844 453 845 468 845 469 845 453 846 469 846 459 846 459 847 469 847 470 847 459 848 470 848 460 848 460 849 470 849 471 849 460 850 471 850 461 850 336 851 337 851 466 851 466 852 337 852 467 852 467 853 337 853 338 853 467 854 338 854 468 854 468 855 338 855 469 855 469 856 338 856 339 856 469 857 339 857 470 857 470 858 339 858 471 858 471 859 339 859 340 859 471 860 340 860 472 860 472 861 340 861 341 861 472 862 341 862 342 862 466 863 465 863 336 863 336 864 465 864 464 864 336 865 464 865 335 865 335 866 464 866 463 866 335 867 463 867 334 867 334 868 463 868 462 868 334 869 462 869 333 869 333 870 462 870 473 870 333 871 473 871 332 871 332 872 473 872 474 872 332 873 474 873 331 873 474 874 475 874 331 874 331 875 475 875 476 875 331 876 476 876 342 876 342 877 476 877 477 877 342 878 477 878 472 878 474 879 473 879 478 879 479 880 472 880 480 880 480 881 472 881 477 881 480 882 477 882 481 882 481 883 477 883 476 883 481 884 476 884 482 884 482 885 476 885 475 885 482 886 475 886 483 886 483 887 475 887 474 887 483 888 474 888 484 888 484 889 474 889 478 889 410 890 289 890 288 890 410 891 288 891 485 891 485 892 288 892 307 892 485 893 307 893 306 893 305 894 304 894 486 894 486 895 304 895 303 895 486 896 303 896 302 896 410 897 408 897 289 897 289 898 408 898 406 898 289 899 406 899 290 899 290 900 406 900 404 900 290 901 404 901 291 901 291 902 404 902 402 902 291 903 402 903 292 903 292 904 402 904 400 904 292 905 400 905 293 905 293 906 400 906 397 906 293 907 397 907 294 907 487 908 488 908 486 908 486 909 488 909 485 909 486 910 485 910 305 910 305 911 485 911 306 911 330 912 329 912 479 912 489 913 490 913 323 913 479 914 329 914 491 914 491 915 329 915 328 915 491 916 328 916 492 916 492 917 328 917 327 917 492 918 327 918 493 918 493 919 327 919 326 919 493 920 326 920 494 920 323 921 490 921 324 921 323 922 322 922 489 922 489 923 322 923 321 923 489 924 321 924 478 924 478 925 321 925 320 925 478 926 320 926 484 926 484 927 320 927 319 927 484 928 319 928 483 928 479 929 480 929 330 929 330 930 480 930 481 930 330 931 481 931 319 931 319 932 481 932 482 932 319 933 482 933 483 933 490 934 495 934 324 934 324 935 495 935 496 935 324 936 496 936 325 936 325 937 496 937 497 937 325 938 497 938 326 938 326 939 497 939 498 939 326 940 498 940 494 940 488 941 487 941 499 941 499 942 487 942 500 942 499 943 500 943 395 943 395 944 500 944 396 944 489 945 393 945 392 945 489 946 392 946 490 946 490 947 392 947 391 947 490 948 391 948 495 948 495 949 391 949 390 949 495 950 390 950 496 950 496 951 390 951 389 951 496 952 389 952 497 952 497 953 389 953 388 953 497 954 388 954 498 954 498 955 388 955 387 955 498 956 387 956 494 956 494 957 387 957 386 957 494 958 386 958 493 958 493 959 386 959 385 959 493 960 385 960 492 960 492 961 385 961 384 961 492 962 384 962 491 962 501 963 502 963 499 963 503 964 504 964 420 964 420 965 504 965 505 965 420 966 505 966 430 966 430 967 505 967 506 967 430 968 506 968 431 968 431 969 506 969 507 969 431 970 507 970 441 970 502 971 501 971 446 971 446 972 501 972 454 972 454 973 501 973 508 973 454 974 508 974 462 974 462 975 508 975 509 975 462 976 509 976 473 976 510 977 511 977 512 977 507 978 513 978 441 978 441 979 513 979 514 979 441 980 514 980 446 980 446 981 514 981 515 981 446 982 515 982 502 982 502 983 515 983 516 983 502 984 516 984 499 984 499 985 516 985 517 985 504 986 518 986 505 986 505 987 518 987 499 987 505 988 499 988 513 988 513 989 499 989 517 989 513 990 517 990 514 990 420 991 416 991 503 991 503 992 416 992 519 992 503 993 519 993 520 993 520 994 519 994 521 994 416 995 411 995 519 995 519 996 411 996 410 996 519 997 410 997 522 997 522 998 410 998 485 998 522 999 485 999 523 999 523 1000 485 1000 488 1000 523 1001 488 1001 521 1001 521 1002 488 1002 499 1002 521 1003 499 1003 520 1003 520 1004 499 1004 518 1004 478 1005 524 1005 489 1005 489 1006 524 1006 525 1006 489 1007 525 1007 393 1007 393 1008 525 1008 526 1008 393 1009 526 1009 394 1009 394 1010 526 1010 527 1010 394 1011 527 1011 395 1011 395 1012 527 1012 524 1012 509 1013 510 1013 473 1013 473 1014 510 1014 512 1014 473 1015 512 1015 478 1015 478 1016 512 1016 528 1016 478 1017 528 1017 524 1017 524 1018 528 1018 529 1018 524 1019 529 1019 395 1019 395 1020 529 1020 511 1020 395 1021 511 1021 499 1021 499 1022 511 1022 510 1022 499 1023 510 1023 501 1023 472 1024 530 1024 471 1024 471 1025 530 1025 531 1025 471 1026 531 1026 461 1026 461 1027 531 1027 532 1027 461 1028 532 1028 449 1028 449 1029 532 1029 533 1029 534 1030 535 1030 383 1030 383 1031 535 1031 384 1031 534 1032 536 1032 537 1032 537 1033 536 1033 538 1033 537 1034 538 1034 539 1034 535 1035 540 1035 384 1035 384 1036 540 1036 537 1036 384 1037 537 1037 491 1037 491 1038 537 1038 539 1038 491 1039 539 1039 479 1039 300 1040 299 1040 412 1040 300 1041 541 1041 318 1041 318 1042 541 1042 542 1042 318 1043 542 1043 301 1043 443 1044 543 1044 440 1044 440 1045 543 1045 544 1045 440 1046 544 1046 545 1046 258 1047 421 1047 259 1047 259 1048 421 1048 440 1048 259 1049 440 1049 267 1049 267 1050 440 1050 545 1050 417 1051 546 1051 412 1051 412 1052 546 1052 547 1052 261 1053 260 1053 548 1053 271 1054 270 1054 417 1054 275 1055 274 1055 417 1055 417 1056 274 1056 273 1056 417 1057 273 1057 271 1057 260 1058 263 1058 548 1058 548 1059 263 1059 266 1059 548 1060 266 1060 545 1060 545 1061 266 1061 265 1061 545 1062 265 1062 264 1062 264 1063 269 1063 545 1063 545 1064 269 1064 268 1064 545 1065 268 1065 267 1065 302 1066 301 1066 486 1066 486 1067 301 1067 542 1067 486 1068 542 1068 487 1068 487 1069 542 1069 549 1069 487 1070 549 1070 550 1070 270 1071 261 1071 417 1071 417 1072 261 1072 548 1072 417 1073 548 1073 546 1073 546 1074 548 1074 551 1074 443 1075 450 1075 552 1075 552 1076 450 1076 553 1076 552 1077 553 1077 554 1077 554 1078 553 1078 500 1078 554 1079 500 1079 555 1079 555 1080 500 1080 543 1080 555 1081 543 1081 556 1081 556 1082 543 1082 443 1082 556 1083 443 1083 552 1083 300 1084 412 1084 541 1084 541 1085 412 1085 547 1085 541 1086 547 1086 550 1086 550 1087 547 1087 557 1087 550 1088 557 1088 487 1088 487 1089 557 1089 551 1089 487 1090 551 1090 500 1090 500 1091 551 1091 548 1091 500 1092 548 1092 543 1092 534 1093 383 1093 536 1093 536 1094 383 1094 396 1094 536 1095 396 1095 558 1095 559 1096 558 1096 560 1096 560 1097 558 1097 396 1097 560 1098 396 1098 561 1098 450 1099 449 1099 553 1099 553 1100 449 1100 533 1100 553 1101 533 1101 500 1101 500 1102 533 1102 530 1102 396 1103 500 1103 561 1103 561 1104 500 1104 530 1104 561 1105 530 1105 562 1105 562 1106 530 1106 472 1106 562 1107 472 1107 559 1107 559 1108 472 1108 479 1108 559 1109 479 1109 558 1109 558 1110 479 1110 539 1110 551 1111 518 1111 563 1111 563 1112 564 1112 551 1112 551 1113 564 1113 565 1113 551 1114 565 1114 546 1114 546 1115 565 1115 566 1115 546 1116 566 1116 504 1116 504 1117 566 1117 567 1117 504 1118 567 1118 518 1118 518 1119 567 1119 568 1119 518 1120 568 1120 563 1120 503 1121 547 1121 504 1121 504 1122 547 1122 546 1122 520 1123 557 1123 569 1123 569 1124 570 1124 520 1124 520 1125 570 1125 571 1125 520 1126 571 1126 503 1126 503 1127 571 1127 572 1127 503 1128 572 1128 547 1128 547 1129 572 1129 573 1129 547 1130 573 1130 557 1130 557 1131 573 1131 574 1131 557 1132 574 1132 569 1132 551 1133 557 1133 518 1133 518 1134 557 1134 520 1134 543 1135 513 1135 575 1135 575 1136 576 1136 543 1136 543 1137 576 1137 577 1137 543 1138 577 1138 544 1138 544 1139 577 1139 578 1139 544 1140 578 1140 507 1140 507 1141 578 1141 579 1141 507 1142 579 1142 513 1142 513 1143 579 1143 580 1143 513 1144 580 1144 575 1144 506 1145 545 1145 507 1145 507 1146 545 1146 544 1146 505 1147 548 1147 581 1147 581 1148 582 1148 505 1148 505 1149 582 1149 583 1149 505 1150 583 1150 506 1150 506 1151 583 1151 584 1151 506 1152 584 1152 545 1152 545 1153 584 1153 585 1153 545 1154 585 1154 548 1154 548 1155 585 1155 586 1155 548 1156 586 1156 581 1156 543 1157 548 1157 513 1157 513 1158 548 1158 505 1158 554 1159 516 1159 587 1159 587 1160 588 1160 554 1160 554 1161 588 1161 589 1161 554 1162 589 1162 552 1162 552 1163 589 1163 590 1163 552 1164 590 1164 515 1164 515 1165 590 1165 591 1165 515 1166 591 1166 516 1166 516 1167 591 1167 592 1167 516 1168 592 1168 587 1168 514 1169 556 1169 515 1169 515 1170 556 1170 552 1170 517 1171 555 1171 593 1171 593 1172 594 1172 517 1172 517 1173 594 1173 595 1173 517 1174 595 1174 514 1174 514 1175 595 1175 596 1175 514 1176 596 1176 556 1176 556 1177 596 1177 597 1177 556 1178 597 1178 555 1178 555 1179 597 1179 598 1179 555 1180 598 1180 593 1180 554 1181 555 1181 516 1181 516 1182 555 1182 517 1182 530 1183 510 1183 599 1183 599 1184 600 1184 530 1184 530 1185 600 1185 601 1185 530 1186 601 1186 531 1186 531 1187 601 1187 602 1187 531 1188 602 1188 509 1188 509 1189 602 1189 603 1189 509 1190 603 1190 510 1190 510 1191 603 1191 604 1191 510 1192 604 1192 599 1192 508 1193 532 1193 509 1193 509 1194 532 1194 531 1194 501 1195 533 1195 605 1195 605 1196 606 1196 501 1196 501 1197 606 1197 607 1197 501 1198 607 1198 508 1198 508 1199 607 1199 608 1199 508 1200 608 1200 532 1200 532 1201 608 1201 609 1201 532 1202 609 1202 533 1202 533 1203 609 1203 610 1203 533 1204 610 1204 605 1204 530 1205 533 1205 510 1205 510 1206 533 1206 501 1206 611 1207 560 1207 612 1207 612 1208 560 1208 529 1208 612 1209 529 1209 613 1209 613 1210 529 1210 528 1210 613 1211 528 1211 614 1211 614 1212 528 1212 559 1212 614 1213 559 1213 611 1213 611 1214 559 1214 560 1214 512 1215 562 1215 528 1215 528 1216 562 1216 559 1216 615 1217 511 1217 616 1217 616 1218 511 1218 561 1218 616 1219 561 1219 617 1219 617 1220 561 1220 562 1220 617 1221 562 1221 618 1221 618 1222 562 1222 512 1222 618 1223 512 1223 615 1223 615 1224 512 1224 511 1224 560 1225 561 1225 529 1225 529 1226 561 1226 511 1226 619 1227 536 1227 620 1227 620 1228 536 1228 527 1228 620 1229 527 1229 621 1229 621 1230 527 1230 526 1230 621 1231 526 1231 622 1231 622 1232 526 1232 538 1232 622 1233 538 1233 619 1233 619 1234 538 1234 536 1234 525 1235 539 1235 526 1235 526 1236 539 1236 538 1236 623 1237 524 1237 624 1237 624 1238 524 1238 558 1238 624 1239 558 1239 625 1239 625 1240 558 1240 539 1240 625 1241 539 1241 626 1241 626 1242 539 1242 525 1242 626 1243 525 1243 623 1243 623 1244 525 1244 524 1244 536 1245 558 1245 527 1245 527 1246 558 1246 524 1246 621 1247 622 1247 626 1247 626 1248 622 1248 625 1248 623 1249 620 1249 626 1249 626 1250 620 1250 621 1250 619 1251 620 1251 624 1251 624 1252 620 1252 623 1252 622 1253 619 1253 625 1253 625 1254 619 1254 624 1254 617 1255 618 1255 614 1255 614 1256 618 1256 613 1256 615 1257 612 1257 618 1257 618 1258 612 1258 613 1258 615 1259 616 1259 612 1259 612 1260 616 1260 611 1260 616 1261 617 1261 611 1261 611 1262 617 1262 614 1262 606 1263 605 1263 599 1263 599 1264 605 1264 600 1264 609 1265 602 1265 601 1265 609 1266 601 1266 610 1266 610 1267 601 1267 600 1267 610 1268 600 1268 605 1268 609 1269 608 1269 602 1269 602 1270 608 1270 603 1270 606 1271 599 1271 604 1271 606 1272 604 1272 607 1272 607 1273 604 1273 603 1273 607 1274 603 1274 608 1274 550 1275 521 1275 627 1275 627 1276 628 1276 550 1276 550 1277 628 1277 629 1277 550 1278 629 1278 541 1278 541 1279 629 1279 630 1279 541 1280 630 1280 519 1280 519 1281 630 1281 631 1281 519 1282 631 1282 521 1282 521 1283 631 1283 632 1283 521 1284 632 1284 627 1284 522 1285 542 1285 519 1285 519 1286 542 1286 541 1286 523 1287 549 1287 633 1287 633 1288 634 1288 523 1288 523 1289 634 1289 635 1289 523 1290 635 1290 522 1290 522 1291 635 1291 636 1291 522 1292 636 1292 542 1292 542 1293 636 1293 637 1293 542 1294 637 1294 549 1294 549 1295 637 1295 638 1295 549 1296 638 1296 633 1296 550 1297 549 1297 521 1297 521 1298 549 1298 523 1298 594 1299 593 1299 587 1299 587 1300 593 1300 588 1300 597 1301 590 1301 589 1301 597 1302 589 1302 598 1302 598 1303 589 1303 588 1303 598 1304 588 1304 593 1304 597 1305 596 1305 590 1305 590 1306 596 1306 591 1306 594 1307 587 1307 592 1307 594 1308 592 1308 595 1308 595 1309 592 1309 591 1309 595 1310 591 1310 596 1310 582 1311 581 1311 575 1311 575 1312 581 1312 576 1312 585 1313 578 1313 577 1313 585 1314 577 1314 586 1314 586 1315 577 1315 576 1315 586 1316 576 1316 581 1316 585 1317 584 1317 578 1317 578 1318 584 1318 579 1318 582 1319 575 1319 580 1319 582 1320 580 1320 583 1320 583 1321 580 1321 579 1321 583 1322 579 1322 584 1322 570 1323 569 1323 563 1323 563 1324 569 1324 564 1324 573 1325 566 1325 565 1325 573 1326 565 1326 574 1326 574 1327 565 1327 564 1327 574 1328 564 1328 569 1328 573 1329 572 1329 566 1329 566 1330 572 1330 567 1330 570 1331 563 1331 568 1331 570 1332 568 1332 571 1332 571 1333 568 1333 567 1333 571 1334 567 1334 572 1334 634 1335 633 1335 627 1335 627 1336 633 1336 628 1336 637 1337 630 1337 629 1337 637 1338 629 1338 638 1338 638 1339 629 1339 628 1339 638 1340 628 1340 633 1340 637 1341 636 1341 630 1341 630 1342 636 1342 631 1342 634 1343 627 1343 632 1343 634 1344 632 1344 635 1344 635 1345 632 1345 631 1345 635 1346 631 1346 636 1346 534 1347 537 1347 9 1347 9 1348 537 1348 11 1348 540 1349 13 1349 537 1349 537 1350 13 1350 11 1350 540 1351 535 1351 13 1351 13 1352 535 1352 15 1352 535 1353 534 1353 15 1353 15 1354 534 1354 9 1354</p>
        </triangles>
      </mesh>
    </geometry>
  </library_geometries>
  <library_visual_scenes>
    <visual_scene id="Scene" name="Scene">
      <node id="Right_aileron" name="Right_aileron" type="NODE">
        <matrix sid="transform">1 0 0 0 0 1 0 0 0 0 1 0 0 0 0 1</matrix>
        <instance_geometry url="#Right_aileron-mesh" name="Right_aileron">
          <bind_material>
            <technique_common>
              <instance_material symbol="Material_001-material" target="#Material_001-material"/>
            </technique_common>
          </bind_material>
        </instance_geometry>
      </node>
    </visual_scene>
  </library_visual_scenes>
  <scene>
    <instance_visual_scene url="#Scene"/>
  </scene>
</COLLADA>